Numéro,Addresse,"Code postal","Code commune",Commune,"Nombre de votant","Nombre de logements sociaux","Âge moyen","Nuance NUPES relatif au bureau de vote","Revenu moyen","abstention européennes relatif au bureau de vote","LFI européennes 2024 relatif au bureau de vote","LFI présidentielle 2022 relatif au bureau de vote",Score,Latitude,Longitude
1,"Allée Georges Politzer",92000,92050,Nanterre,13,18,0,"Mixte gauche/droite","Quartier plus populaire",58,40.37,48.42,47,48.893359,2.208071
11,"Allée Georges Politzer",92000,92050,Nanterre,16,16,0,"Mixte gauche/droite","Quartier plus populaire",58,40.37,48.42,47,48.892874,2.208697
146,"Rue du 8 Mai 1945",92000,92050,Nanterre,16,18,0,"Mixte gauche/droite","Quartier plus populaire",58,40.37,48.42,47,48.893459,2.207982
148,"Rue du 8 Mai 1945",92000,92050,Nanterre,13,18,0,"Mixte gauche/droite","Quartier plus populaire",58,40.37,48.42,47,48.893594,2.207999
150,"Rue du 8 Mai 1945",92000,92050,Nanterre,13,18,0,"Mixte gauche/droite","Quartier plus populaire",58,40.37,48.42,47,48.893702,2.207991
167,"Avenue Frédéric et Irène Joliot Curie",92000,92050,Nanterre,1,0,0,"Mixte gauche/droite","Quartier plus populaire",58,40.37,48.42,10,48.897071,2.216246
19,"Allée Georges Politzer",92000,92050,Nanterre,7,10,0,"Mixte gauche/droite","Quartier plus populaire",58,40.37,48.42,45,48.893116,2.208996
21,"Allée Georges Politzer",92000,92050,Nanterre,9,10,0,"Mixte gauche/droite","Quartier plus populaire",58,40.37,48.42,45,48.893232,2.209178
23,"Allée Georges Politzer",92000,92050,Nanterre,6,10,0,"Mixte gauche/droite","Quartier plus populaire",58,40.37,48.42,45,48.893325,2.209359
25,"Allée Georges Politzer",92000,92050,Nanterre,5,10,0,"Mixte gauche/droite","Quartier plus populaire",58,40.37,48.42,45,48.893419,2.209527
27,"Allée Georges Politzer",92000,92050,Nanterre,9,10,0,"Mixte gauche/droite","Quartier plus populaire",58,40.37,48.42,45,48.89348,2.209551
29,"Allée Georges Politzer",92000,92050,Nanterre,8,10,0,"Mixte gauche/droite","Quartier plus populaire",58,40.37,48.42,45,48.893569,2.209548
3,"Allée Georges Politzer",92000,92050,Nanterre,12,17,0,"Mixte gauche/droite","Quartier plus populaire",58,40.37,48.42,47,48.893268,2.208193
31,"Allée Georges Politzer",92000,92050,Nanterre,8,10,0,"Mixte gauche/droite","Quartier plus populaire",58,40.37,48.42,45,48.893717,2.20954
33,"Allée Georges Politzer",92000,92050,Nanterre,7,10,0,"Mixte gauche/droite","Quartier plus populaire",58,40.37,48.42,45,48.893862,2.209541
35,"Allée Georges Politzer",92000,92050,Nanterre,10,10,0,"Mixte gauche/droite","Quartier plus populaire",58,40.37,48.42,45,48.893997,2.209552
45,"Avenue Frédéric et Irène Joliot Curie",92000,92050,Nanterre,39,72,0,"Mixte gauche/droite","Quartier plus populaire",58,40.37,48.42,46,48.890142,2.205015
47,"Avenue Frédéric et Irène Joliot Curie",92000,92050,Nanterre,31,32,0,"Mixte gauche/droite","Quartier plus populaire",58,40.37,48.42,43,48.890542,2.20453
49,"Avenue Frédéric et Irène Joliot Curie",92000,92050,Nanterre,32,31,0,"Mixte gauche/droite","Quartier plus populaire",58,40.37,48.42,46,48.890772,2.204972
5,"Allée Georges Politzer",92000,92050,Nanterre,11,16,0,"Mixte gauche/droite","Quartier plus populaire",58,40.37,48.42,47,48.893156,2.208334
51,"Avenue Frédéric et Irène Joliot Curie",92000,92050,Nanterre,17,19,0,"Mixte gauche/droite","Quartier plus populaire",58,40.37,48.42,45,48.890678,2.20527
55,"Avenue Frédéric et Irène Joliot Curie",92000,92050,Nanterre,36,72,0,"Mixte gauche/droite","Quartier plus populaire",58,40.37,48.42,46,48.890784,2.206097
7,"Allée Georges Politzer",92000,92050,Nanterre,15,16,0,"Mixte gauche/droite","Quartier plus populaire",58,40.37,48.42,47,48.893062,2.208448
71,"Avenue Frédéric et Irène Joliot Curie",92000,92050,Nanterre,13,17,0,"Mixte gauche/droite","Quartier plus populaire",58,40.37,48.42,44,48.892044,2.208154
73,"Avenue Frédéric et Irène Joliot Curie",92000,92050,Nanterre,11,17,0,"Mixte gauche/droite","Quartier plus populaire",58,40.37,48.42,44,48.892108,2.208263
75,"Avenue Frédéric et Irène Joliot Curie",92000,92050,Nanterre,9,17,0,"Mixte gauche/droite","Quartier plus populaire",58,40.37,48.42,44,48.892187,2.208397
77,"Avenue Frédéric et Irène Joliot Curie",92000,92050,Nanterre,6,17,0,"Mixte gauche/droite","Quartier plus populaire",58,40.37,48.42,44,48.892261,2.208523
79,"Avenue Frédéric et Irène Joliot Curie",92000,92050,Nanterre,6,16,0,"Mixte gauche/droite","Quartier plus populaire",58,40.37,48.42,44,48.892363,2.208699
81,"Avenue Frédéric et Irène Joliot Curie",92000,92050,Nanterre,12,17,0,"Mixte gauche/droite","Quartier plus populaire",58,40.37,48.42,44,48.892491,2.208926
83,"Avenue Frédéric et Irène Joliot Curie",92000,92050,Nanterre,13,17,0,"Mixte gauche/droite","Quartier plus populaire",58,40.37,48.42,44,48.892584,2.209086
85,"Avenue Frédéric et Irène Joliot Curie",92000,92050,Nanterre,15,17,0,"Mixte gauche/droite","Quartier plus populaire",58,40.37,48.42,44,48.892681,2.209258
87,"Avenue Frédéric et Irène Joliot Curie",92000,92050,Nanterre,13,17,0,"Mixte gauche/droite","Quartier plus populaire",58,40.37,48.42,44,48.892755,2.209395
89,"Avenue Frédéric et Irène Joliot Curie",92000,92050,Nanterre,14,17,0,"Mixte gauche/droite","Quartier plus populaire",58,40.37,48.42,44,48.892878,2.209608
9,"Allée Georges Politzer",92000,92050,Nanterre,11,16,0,"Mixte gauche/droite","Quartier plus populaire",58,40.37,48.42,47,48.892963,2.208589
91,"Avenue Frédéric et Irène Joliot Curie",92000,92050,Nanterre,48,84,0,"Mixte gauche/droite","Quartier plus populaire",58,40.37,48.42,45,48.893428,2.210316
1,"Rue de la Source",92000,92050,Nanterre,9,0,0,"A gauche","Quartier plus populaire",53,42,55.27,14,48.886465,2.20549
1,"Rue de Sannois",92000,92050,Nanterre,1,0,0,"A gauche","Quartier plus populaire",53,42,55.27,11,48.89841,2.195705
10,"Boulevard du Général Leclerc",92000,92050,Nanterre,1,0,0,"A gauche","Revenu moyen",53,42,55.27,10,48.897451,2.194987
10,"Rue André Doucet",92000,92050,Nanterre,1,0,0,"A gauche","Quartier plus populaire",53,42,55.27,11,48.89996,2.195487
10,"Rue de la Chasse",92000,92050,Nanterre,15,0,0,"A gauche","Quartier plus populaire",53,42,55.27,14,48.897049,2.194433
10,"Rue de Sannois",92000,92050,Nanterre,1,0,0,"A gauche","Quartier plus populaire",53,42,55.27,11,48.898365,2.196036
10,"Rue Voltaire",92000,92050,Nanterre,1,0,0,"A gauche","Revenu moyen",53,42,55.27,10,48.898595,2.19397
11,"Boulevard de la Seine",92000,92050,Nanterre,1,0,0,"A gauche","Quartier plus populaire",53,42,55.27,11,48.897398,2.195597
11,"Rue de Sannois",92000,92050,Nanterre,1,0,0,"A gauche","Quartier plus populaire",53,42,55.27,11,48.89863,2.195974
12,"Boulevard du Général Leclerc",92000,92050,Nanterre,1,0,0,"A gauche","Revenu moyen",53,42,55.27,10,48.897509,2.194894
12,"Rue André Doucet",92000,92050,Nanterre,1,0,0,"A gauche","Quartier plus populaire",53,42,55.27,11,48.900054,2.195582
12,"Rue de Sannois",92000,92050,Nanterre,1,0,0,"A gauche","Quartier plus populaire",53,42,55.27,11,48.898506,2.196247
12,"Rue Voltaire",92000,92050,Nanterre,1,0,0,"A gauche","Revenu moyen",53,42,55.27,10,48.898689,2.193949
13,"Boulevard de la Seine",92000,92050,Nanterre,1,0,0,"A gauche","Revenu moyen",53,42,55.27,10,48.897837,2.195104
15,"Boulevard de la Seine",92000,92050,Nanterre,5,0,0,"A gauche","Quartier plus populaire",53,42,55.27,12,48.897919,2.195416
15,"Rue André Doucet",92000,92050,Nanterre,1,0,0,"A gauche","Quartier plus populaire",53,42,55.27,11,48.900317,2.195432
15,"Rue de Sannois",92000,92050,Nanterre,1,0,0,"A gauche","Quartier plus populaire",53,42,55.27,11,48.898743,2.196117
16,"Boulevard du Général Leclerc",92000,92050,Nanterre,1,0,0,"A gauche","Revenu moyen",53,42,55.27,10,48.897615,2.194554
16,"Rue André Doucet",92000,92050,Nanterre,1,0,0,"A gauche","Quartier plus populaire",53,42,55.27,11,48.900194,2.19571
16,"Rue de Sannois",92000,92050,Nanterre,1,0,0,"A gauche","Quartier plus populaire",53,42,55.27,11,48.89862,2.196396
17,"Boulevard de la Seine",92000,92050,Nanterre,1,0,0,"A gauche","Quartier plus populaire",53,42,55.27,11,48.898147,2.19523
17,"Rue André Doucet",92000,92050,Nanterre,1,0,0,"A gauche","Quartier plus populaire",53,42,55.27,11,48.900446,2.195406
18,"Boulevard du Général Leclerc",92000,92050,Nanterre,1,0,0,"A gauche","Revenu moyen",53,42,55.27,10,48.897703,2.194454
18,"Rue André Doucet",92000,92050,Nanterre,1,0,0,"A gauche","Quartier plus populaire",53,42,55.27,11,48.900261,2.195734
19,"Boulevard de la Seine",92000,92050,Nanterre,1,0,0,"A gauche","Quartier plus populaire",53,42,55.27,11,48.898297,2.195313
19,"Rue André Doucet",92000,92050,Nanterre,1,0,0,"A gauche","Quartier plus populaire",53,42,55.27,11,48.90044,2.195548
19,"Rue de Sannois",92000,92050,Nanterre,1,0,0,"A gauche","Quartier plus populaire",53,42,55.27,11,48.898827,2.196227
2,"Rue de la Source",92000,92050,Nanterre,9,0,0,"A gauche","Quartier plus populaire",53,42,55.27,18,48.886535,2.205229
2,"Rue Voltaire",92000,92050,Nanterre,1,0,0,"A gauche","Revenu moyen",53,42,55.27,10,48.898442,2.19365
20,"Rue André Doucet",92000,92050,Nanterre,1,0,0,"A gauche","Quartier plus populaire",53,42,55.27,11,48.900337,2.195715
20,"Rue Voltaire",92000,92050,Nanterre,1,0,0,"A gauche","Revenu moyen",53,42,55.27,10,48.898837,2.194265
20bis,"Boulevard du Général Leclerc",92000,92050,Nanterre,1,0,0,"A gauche","Revenu moyen",53,42,55.27,10,48.897784,2.194273
21,"Rue André Doucet",92000,92050,Nanterre,1,0,0,"A gauche","Quartier plus populaire",53,42,55.27,11,48.900491,2.195582
22,"Rue de Sannois",92000,92050,Nanterre,1,0,0,"A gauche","Quartier plus populaire",53,42,55.27,11,48.898757,2.196522
23,"Boulevard de la Seine",92000,92050,Nanterre,1,0,0,"A gauche","Quartier plus populaire",53,42,55.27,11,48.898359,2.195286
23,"Rue André Doucet",92000,92050,Nanterre,1,0,0,"A gauche","Quartier plus populaire",53,42,55.27,11,48.900533,2.195667
23,"Rue de Sannois",92000,92050,Nanterre,1,0,0,"A gauche","Quartier plus populaire",53,42,55.27,11,48.898905,2.196298
24,"Boulevard du Général Leclerc",92000,92050,Nanterre,1,0,0,"A gauche","Revenu moyen",53,42,55.27,10,48.897937,2.193999
24,"Rue de Sannois",92000,92050,Nanterre,2,0,0,"A gauche","Quartier plus populaire",53,42,55.27,11,48.898799,2.196642
25,"Boulevard de la Seine",92000,92050,Nanterre,1,0,0,"A gauche","Quartier plus populaire",53,42,55.27,11,48.898433,2.195307
25,"Rue Ampère",92000,92050,Nanterre,1,0,0,"A gauche","Quartier plus populaire",53,42,55.27,11,48.900036,2.197257
25,"Rue André Doucet",92000,92050,Nanterre,1,0,0,"A gauche","Quartier plus populaire",53,42,55.27,11,48.900593,2.195729
26,"Boulevard du Général Leclerc",92000,92050,Nanterre,1,0,0,"A gauche","Revenu moyen",53,42,55.27,10,48.897954,2.193844
26,"Rue de Sannois",92000,92050,Nanterre,2,8,0,"A gauche","Quartier plus populaire",53,42,55.27,35,48.898898,2.196707
26,"Rue Voltaire",92000,92050,Nanterre,1,0,0,"A gauche","Revenu moyen",53,42,55.27,10,48.899,2.194414
27,"Boulevard de la Seine",92000,92050,Nanterre,1,0,0,"A gauche","Quartier plus populaire",53,42,55.27,11,48.89853,2.195245
27,"Rue Ampère",92000,92050,Nanterre,1,0,0,"A gauche","Quartier plus populaire",53,42,55.27,11,48.900066,2.197114
27,"Rue de Sannois",92000,92050,Nanterre,1,0,0,"A gauche","Quartier plus populaire",53,42,55.27,11,48.899048,2.196408
28,"Boulevard du Général Leclerc",92000,92050,Nanterre,1,0,0,"A gauche","Revenu moyen",53,42,55.27,10,48.898013,2.193754
28,"Rue de Sannois",92000,92050,Nanterre,1,8,0,"A gauche","Quartier plus populaire",53,42,55.27,35,48.898975,2.196778
28,"Rue Voltaire",92000,92050,Nanterre,1,0,0,"A gauche","Revenu moyen",53,42,55.27,10,48.899068,2.194473
29,"Boulevard de la Seine",92000,92050,Nanterre,1,0,0,"A gauche","Revenu moyen",53,42,55.27,10,48.898736,2.195108
29,"Rue Ampère",92000,92050,Nanterre,1,0,0,"A gauche","Quartier plus populaire",53,42,55.27,11,48.900141,2.197084
29,"Rue André Doucet",92000,92050,Nanterre,1,0,0,"A gauche","Quartier plus populaire",53,42,55.27,11,48.900681,2.195896
29,"Rue de Sannois",92000,92050,Nanterre,1,2,0,"A gauche","Quartier plus populaire",53,42,55.27,12,48.899054,2.196528
29,"Rue de Zilina",92000,92050,Nanterre,10,0,0,"A gauche","Revenu moyen",53,42,55.27,11,48.897538,2.193458
3,"Rue André Doucet",92000,92050,Nanterre,1,0,0,"A gauche","Quartier plus populaire",53,42,55.27,11,48.899994,2.195222
3,"Rue de la Source",92000,92050,Nanterre,9,0,0,"A gauche","Quartier plus populaire",53,42,55.27,14,48.886368,2.205556
30,"Boulevard du Général Leclerc",92000,92050,Nanterre,1,0,0,"A gauche","Revenu moyen",53,42,55.27,10,48.898051,2.193672
30,"Rue André Doucet",92000,92050,Nanterre,1,0,0,"A gauche","Quartier plus populaire",53,42,55.27,11,48.900587,2.196088
30,"Rue de Sannois",92000,92050,Nanterre,2,8,0,"A gauche","Quartier plus populaire",53,42,55.27,35,48.899033,2.196886
31,"Boulevard de la Seine",92000,92050,Nanterre,1,0,0,"A gauche","Quartier plus populaire",53,42,55.27,11,48.89881,2.195204
31,"Rue Ampère",92000,92050,Nanterre,1,0,0,"A gauche","Quartier plus populaire",53,42,55.27,11,48.900167,2.196925
32,"Boulevard de la Seine",92000,92050,Nanterre,2,0,0,"A gauche","Quartier plus populaire",53,42,55.27,11,48.898567,2.195713
32,"Boulevard du Général Leclerc",92000,92050,Nanterre,1,0,0,"A gauche","Revenu moyen",53,42,55.27,10,48.898102,2.193574
32,"Rue de Sannois",92000,92050,Nanterre,1,0,0,"A gauche","Quartier plus populaire",53,42,55.27,11,48.8991,2.196978
33,"Boulevard de la Seine",92000,92050,Nanterre,1,0,0,"A gauche","Quartier plus populaire",53,42,55.27,11,48.898881,2.195171
33,"Boulevard du Général Leclerc",92000,92050,Nanterre,15,0,0,"A gauche","Revenu moyen",53,42,55.27,11,48.897426,2.193871
33,"Rue Ampère",92000,92050,Nanterre,1,0,0,"A gauche","Quartier plus populaire",53,42,55.27,11,48.900239,2.196836
33,"Rue Voltaire",92000,92050,Nanterre,2,0,0,"A gauche","Revenu moyen",53,42,55.27,10,48.899017,2.194055
34,"Boulevard de la Seine",92000,92050,Nanterre,1,0,0,"A gauche","Quartier plus populaire",53,42,55.27,11,48.898606,2.195654
34,"Boulevard du Général Leclerc",92000,92050,Nanterre,1,0,0,"A gauche","Revenu moyen",53,42,55.27,10,48.898156,2.193478
34,"Rue de Sannois",92000,92050,Nanterre,1,0,0,"A gauche","Quartier plus populaire",53,42,55.27,11,48.899147,2.197026
35,"Boulevard de la Seine",92000,92050,Nanterre,1,0,0,"A gauche","Quartier plus populaire",53,42,55.27,11,48.899057,2.195098
35,"Rue de Sannois",92000,92050,Nanterre,1,0,0,"A gauche","Quartier plus populaire",53,42,55.27,11,48.899238,2.196718
35,"Rue Voltaire",92000,92050,Nanterre,2,0,0,"A gauche","Quartier plus populaire",53,42,55.27,66,48.899187,2.194237
36,"Boulevard de la Seine",92000,92050,Nanterre,1,0,0,"A gauche","Quartier plus populaire",53,42,55.27,11,48.898635,2.195608
37,"Rue de Sannois",92000,92050,Nanterre,1,0,0,"A gauche","Quartier plus populaire",53,42,55.27,11,48.899279,2.196766
38,"Boulevard de la Seine",92000,92050,Nanterre,2,0,0,"A gauche","Quartier plus populaire",53,42,55.27,11,48.898651,2.195518
38,"Rue de Sannois",92000,92050,Nanterre,1,0,0,"A gauche","Quartier plus populaire",53,42,55.27,11,48.899303,2.197213
39,"Boulevard de la Seine",92000,92050,Nanterre,1,0,0,"A gauche","Quartier plus populaire",53,42,55.27,66,48.899183,2.194987
39,"Rue de Sannois",92000,92050,Nanterre,1,0,0,"A gauche","Quartier plus populaire",53,42,55.27,11,48.899338,2.196829
4,"Boulevard du Général Leclerc",92000,92050,Nanterre,1,0,0,"A gauche","Quartier plus populaire",53,42,55.27,12,48.897187,2.195596
4,"Rue de la Côte",92000,92050,Nanterre,7,0,0,"A gauche","Quartier plus populaire",53,42,55.27,12,48.889071,2.202839
4,"Rue Voltaire",92000,92050,Nanterre,1,0,0,"A gauche","Revenu moyen",53,42,55.27,10,48.898471,2.193716
40,"Boulevard de la Seine",92000,92050,Nanterre,1,0,0,"A gauche","Quartier plus populaire",53,42,55.27,11,48.898815,2.195592
42,"Boulevard de la Seine",92000,92050,Nanterre,1,0,0,"A gauche","Quartier plus populaire",53,42,55.27,11,48.898891,2.195578
42,"Rue de Sannois",92000,92050,Nanterre,1,0,0,"A gauche","Quartier plus populaire",53,42,55.27,11,48.899482,2.197465
43,"Rue de Sannois",92000,92050,Nanterre,1,0,0,"A gauche","Quartier plus populaire",53,42,55.27,11,48.899402,2.196926
43,"Rue Josette et Maurice Audin",92000,92050,Nanterre,15,0,0,"A gauche","Revenu moyen",53,42,55.27,11,48.89787,2.192748
44,"Boulevard de la Seine",92000,92050,Nanterre,1,0,0,"A gauche","Quartier plus populaire",53,42,55.27,11,48.898947,2.195533
44,"Rue de Sannois",92000,92050,Nanterre,1,0,0,"A gauche","Quartier plus populaire",53,42,55.27,11,48.899549,2.197535
45,"Rue Ampère",92000,92050,Nanterre,1,0,0,"A gauche","Quartier plus populaire",53,42,55.27,11,48.900489,2.19646
46,"Boulevard de la Seine",92000,92050,Nanterre,1,0,0,"A gauche","Quartier plus populaire",53,42,55.27,11,48.898999,2.195489
47,"Rue Ampère",92000,92050,Nanterre,1,0,0,"A gauche","Quartier plus populaire",53,42,55.27,11,48.900548,2.196365
48,"Boulevard du Général Leclerc",92000,92050,Nanterre,1,0,0,"A gauche","Revenu moyen",53,42,55.27,10,48.898528,2.192713
48,"Rue de Sannois",92000,92050,Nanterre,1,0,0,"A gauche","Quartier plus populaire",53,42,55.27,14,48.899712,2.197746
49,"Rue de Sannois",92000,92050,Nanterre,1,0,0,"A gauche","Quartier plus populaire",53,42,55.27,11,48.899594,2.197134
50,"Boulevard du Général Leclerc",92000,92050,Nanterre,1,0,0,"A gauche","Revenu moyen",53,42,55.27,10,48.898598,2.192618
51,"Rue Ampère",92000,92050,Nanterre,1,0,0,"A gauche","Quartier plus populaire",53,42,55.27,11,48.900597,2.196238
51,"Rue de Sannois",92000,92050,Nanterre,1,0,0,"A gauche","Quartier plus populaire",53,42,55.27,11,48.899665,2.197238
52,"Boulevard du Général Leclerc",92000,92050,Nanterre,2,0,0,"A gauche","Revenu moyen",53,42,55.27,10,48.898651,2.19247
53,"Rue de Sannois",92000,92050,Nanterre,1,0,0,"A gauche","Quartier plus populaire",53,42,55.27,11,48.89974,2.197314
55,"Rue de Sannois",92000,92050,Nanterre,1,0,0,"A gauche","Quartier plus populaire",53,42,55.27,11,48.899781,2.197374
59,"Rue de Sannois",92000,92050,Nanterre,1,0,0,"A gauche","Quartier plus populaire",53,42,55.27,11,48.899876,2.197558
6,"Boulevard du Général Leclerc",92000,92050,Nanterre,1,0,0,"A gauche","Quartier plus populaire",53,42,55.27,12,48.897238,2.195409
6,"Rue de la Chasse",92000,92050,Nanterre,8,0,0,"A gauche","Quartier plus populaire",53,42,55.27,14,48.897188,2.194582
6,"Rue de la Côte",92000,92050,Nanterre,7,0,0,"A gauche","Quartier plus populaire",53,42,55.27,12,48.88899,2.202927
6,"Rue de Sannois",92000,92050,Nanterre,1,0,0,"A gauche","Quartier plus populaire",53,42,55.27,11,48.898332,2.195985
6bis,"Boulevard du Général Leclerc",92000,92050,Nanterre,2,0,0,"A gauche","Quartier plus populaire",53,42,55.27,12,48.897283,2.195354
61,"Rue Ampère",92000,92050,Nanterre,1,0,0,"A gauche","Quartier plus populaire",53,42,55.27,11,48.90087,2.195495
66,"Boulevard de la Seine",92000,92050,Nanterre,1,0,0,"A gauche","Quartier plus populaire",53,42,55.27,11,48.89999,2.195113
67,"Rue Ampère",92000,92050,Nanterre,1,0,0,"A gauche","Quartier plus populaire",53,42,55.27,20,48.901006,2.195272
7,"Rue André Doucet",92000,92050,Nanterre,1,0,0,"A gauche","Quartier plus populaire",53,42,55.27,11,48.900102,2.195293
70,"Boulevard de la Seine",92000,92050,Nanterre,1,0,0,"A gauche","Quartier plus populaire",53,42,55.27,11,48.900137,2.195097
74,"Boulevard de la Seine",92000,92050,Nanterre,1,0,0,"A gauche","Quartier plus populaire",53,42,55.27,11,48.900358,2.195006
79,"Boulevard du Général Leclerc",92000,92050,Nanterre,52,101,0,"A gauche","Quartier plus populaire",53,42,55.27,72,48.898653,2.190918
79,"Rue Ampère",92000,92050,Nanterre,1,0,0,"A gauche","Quartier plus populaire",53,42,55.27,20,48.901385,2.195025
81,"Rue Ampère",92000,92050,Nanterre,1,0,0,"A gauche","Quartier plus populaire",53,42,55.27,20,48.90132,2.194921
82,"Rue Paul Morin",92000,92050,Nanterre,73,122,0,"A gauche","Quartier plus populaire",53,42,55.27,73,48.89823,2.190452
85,"Boulevard du Général Leclerc",92000,92050,Nanterre,70,122,0,"A gauche","Quartier plus populaire",53,42,55.27,46,48.899149,2.190503
85,"Rue Ampère",92000,92050,Nanterre,1,0,0,"A gauche","Quartier plus populaire",53,42,55.27,20,48.901186,2.194746
89,"Rue Ampère",92000,92050,Nanterre,3,0,0,"A gauche","Quartier plus populaire",53,42,55.27,20,48.901538,2.194759
9,"Rue André Doucet",92000,92050,Nanterre,1,0,0,"A gauche","Quartier plus populaire",53,42,55.27,11,48.900185,2.195358
9,"Rue de Sannois",92000,92050,Nanterre,1,0,0,"A gauche","Quartier plus populaire",53,42,55.27,11,48.898539,2.195866
96,"Rue Paul Morin",92000,92050,Nanterre,71,122,0,"A gauche","Quartier plus populaire",53,42,55.27,43,48.898409,2.189624
10,"Rue des Acacias",92000,92050,Nanterre,13,15,0,"Très à gauche","Quartier plus populaire",59,59.06,65.1,44,48.900179,2.191253
10,"Rue Ampère",92000,92050,Nanterre,1,0,0,"Très à gauche","Quartier plus populaire",59,59.06,65.1,15,48.899722,2.198141
106,"Boulevard de la Seine",92000,92050,Nanterre,1,0,0,"Très à gauche","Quartier plus populaire",59,59.06,65.1,12,48.90258,2.194208
110,"Boulevard de la Seine",92000,92050,Nanterre,3,0,0,"Très à gauche","Quartier plus populaire",59,59.06,65.1,11,48.902829,2.194067
112,"Boulevard de la Seine",92000,92050,Nanterre,1,0,0,"Très à gauche","Quartier plus populaire",59,59.06,65.1,11,48.90304,2.194067
114,"Boulevard de la Seine",92000,92050,Nanterre,1,0,0,"Très à gauche","Quartier plus populaire",59,59.06,65.1,11,48.903076,2.194019
12,"Rue des Acacias",92000,92050,Nanterre,8,17,0,"Très à gauche","Quartier plus populaire",59,59.06,65.1,44,48.900156,2.19163
127,"Avenue Hoche",92000,92050,Nanterre,1,0,0,"Très à gauche","Quartier plus populaire",59,59.06,65.1,11,48.902921,2.195273
127,"Boulevard du Général Leclerc",92000,92050,Nanterre,1,0,0,"Très à gauche","Quartier plus populaire",59,59.06,65.1,11,48.900777,2.188185
13,"Rue de l'Union",92000,92050,Nanterre,83,122,0,"Très à gauche","Quartier plus populaire",59,59.06,65.1,100,48.899348,2.19284
13,"Rue des Acacias",92000,92050,Nanterre,1,0,0,"Très à gauche","Quartier plus populaire",59,59.06,65.1,15,48.900333,2.190699
135,"Avenue Hoche",92000,92050,Nanterre,1,0,0,"Très à gauche","Quartier plus populaire",59,59.06,65.1,11,48.903195,2.195073
137,"Avenue Hoche",92000,92050,Nanterre,1,0,0,"Très à gauche","Quartier plus populaire",59,59.06,65.1,11,48.90323,2.195038
138,"Avenue Hoche",92000,92050,Nanterre,1,0,0,"Très à gauche","Quartier plus populaire",59,59.06,65.1,11,48.903429,2.195381
139,"Avenue Hoche",92000,92050,Nanterre,1,0,0,"Très à gauche","Quartier plus populaire",59,59.06,65.1,11,48.903278,2.194941
14,"Rue des Acacias",92000,92050,Nanterre,9,17,0,"Très à gauche","Quartier plus populaire",59,59.06,65.1,44,48.900293,2.191806
140,"Boulevard de la Seine",92000,92050,Nanterre,3,2,0,"Très à gauche","Quartier plus populaire",59,59.06,65.1,12,48.903736,2.193935
141,"Avenue Hoche",92000,92050,Nanterre,1,0,0,"Très à gauche","Quartier plus populaire",59,59.06,65.1,11,48.903329,2.194872
142,"Boulevard de la Seine",92000,92050,Nanterre,4,6,0,"Très à gauche","Quartier plus populaire",59,59.06,65.1,25,48.903852,2.193872
143,"Avenue Hoche",92000,92050,Nanterre,1,0,0,"Très à gauche","Quartier plus populaire",59,59.06,65.1,11,48.90339,2.194762
145,"Avenue Hoche",92000,92050,Nanterre,1,0,0,"Très à gauche","Quartier plus populaire",59,59.06,65.1,11,48.903429,2.194681
145,"Boulevard du Général Leclerc",92000,92050,Nanterre,1,0,0,"Très à gauche","Quartier plus populaire",59,59.06,65.1,11,48.901639,2.186947
15,"Rue des Acacias",92000,92050,Nanterre,1,0,0,"Très à gauche","Quartier plus populaire",59,59.06,65.1,15,48.900368,2.190807
153,"Avenue Hoche",92000,92050,Nanterre,1,0,0,"Très à gauche","Quartier plus populaire",59,59.06,65.1,11,48.903596,2.194374
16,"Rue des Acacias",92000,92050,Nanterre,14,17,0,"Très à gauche","Quartier plus populaire",59,59.06,65.1,44,48.900509,2.1917
17,"Rue des Acacias",92000,92050,Nanterre,1,0,0,"Très à gauche","Quartier plus populaire",59,59.06,65.1,15,48.900512,2.190738
17,"Rue des Acacias",92000,92050,Nanterre,1,0,0,"Très à gauche","Quartier plus populaire",59,59.06,65.1,15,48.900512,2.190738
17bis,"Rue des Venêts",92000,92050,Nanterre,1,0,0,"Très à gauche","Quartier plus populaire",59,59.06,65.1,13,48.890278,2.20314
18,"Rue des Acacias",92000,92050,Nanterre,8,17,0,"Très à gauche","Quartier plus populaire",59,59.06,65.1,44,48.900688,2.191925
19,"Rue de l'Union",92000,92050,Nanterre,76,122,0,"Très à gauche","Quartier plus populaire",59,59.06,65.1,100,48.899799,2.193308
2,"Rue des Acacias",92000,92050,Nanterre,11,15,0,"Très à gauche","Quartier plus populaire",59,59.06,65.1,44,48.899679,2.190689
2,"Rue des Sorbiers",92000,92050,Nanterre,72,101,0,"Très à gauche","Quartier plus populaire",59,59.06,65.1,47,48.899357,2.191729
20,"Rue des Acacias",92000,92050,Nanterre,14,17,0,"Très à gauche","Quartier plus populaire",59,59.06,65.1,97,48.900652,2.192133
20,"Rue Ampère",92000,92050,Nanterre,1,0,0,"Très à gauche","Quartier plus populaire",59,59.06,65.1,15,48.90005,2.197685
21,"Rue des Acacias",92000,92050,Nanterre,2,0,0,"Très à gauche","Quartier plus populaire",59,59.06,65.1,11,48.900657,2.190887
21,"Rue des Acacias",92000,92050,Nanterre,1,0,0,"Très à gauche","Quartier plus populaire",59,59.06,65.1,11,48.900657,2.190887
22,"Rue des Acacias",92000,92050,Nanterre,10,16,0,"Très à gauche","Quartier plus populaire",59,59.06,65.1,41,48.900787,2.192355
24,"Rue des Acacias",92000,92050,Nanterre,8,14,0,"Très à gauche","Quartier plus populaire",59,59.06,65.1,41,48.901007,2.192276
24,"Rue Paul Bert",92000,92050,Nanterre,1,0,0,"Très à gauche","Quartier aisé",59,59.06,65.1,11,48.895905,2.202432
27,"Rue des Acacias",92000,92050,Nanterre,1,0,0,"Très à gauche","Quartier plus populaire",59,59.06,65.1,11,48.900883,2.191221
28,"Rue Marceau",92000,92050,Nanterre,1,0,0,"Très à gauche","Quartier plus populaire",59,59.06,65.1,12,48.901683,2.191988
31,"Rue des Acacias",92000,92050,Nanterre,2,0,0,"Très à gauche","Quartier plus populaire",59,59.06,65.1,11,48.901011,2.191453
31,"Rue Ampère",92000,92050,Nanterre,1,0,0,"Très à gauche","Quartier plus populaire",59,59.06,65.1,12,48.900167,2.196925
33,"Rue des Acacias",92000,92050,Nanterre,5,0,0,"Très à gauche","Quartier plus populaire",59,59.06,65.1,11,48.901064,2.191696
39,"Rue des Acacias",92000,92050,Nanterre,1,0,0,"Très à gauche","Quartier plus populaire",59,59.06,65.1,12,48.90136,2.191974
4,"Rue des Acacias",92000,92050,Nanterre,14,15,0,"Très à gauche","Quartier plus populaire",59,59.06,65.1,44,48.899669,2.190939
4,"Rue des Sorbiers",92000,92050,Nanterre,40,0,0,"Très à gauche","Quartier plus populaire",59,59.06,65.1,69,48.899954,2.192456
41,"Rue des Luaps",92000,92050,Nanterre,3,0,0,"Très à gauche","Revenu moyen",59,59.06,65.1,13,48.878983,2.210799
43,"Rue des Luaps",92000,92050,Nanterre,3,0,0,"Très à gauche","Revenu moyen",59,59.06,65.1,13,48.878924,2.210816
45,"Boulevard de la Seine",92000,92050,Nanterre,2,0,0,"Très à gauche","Quartier plus populaire",59,59.06,65.1,67,48.899703,2.194804
45,"Rue des Acacias",92000,92050,Nanterre,3,0,0,"Très à gauche","Quartier plus populaire",59,59.06,65.1,12,48.901937,2.192208
55,"Rue des Acacias",92000,92050,Nanterre,1,0,0,"Très à gauche","Quartier plus populaire",59,59.06,65.1,12,48.902006,2.193109
57,"Boulevard de la Seine",92000,92050,Nanterre,2,0,0,"Très à gauche","Quartier plus populaire",59,59.06,65.1,67,48.900017,2.193904
6,"Rue des Acacias",92000,92050,Nanterre,10,15,0,"Très à gauche","Quartier plus populaire",59,59.06,65.1,44,48.899796,2.191152
6,"Rue des Sorbiers",92000,92050,Nanterre,16,0,0,"Très à gauche","Quartier plus populaire",59,59.06,65.1,68,48.900283,2.192797
7,"Rue des Acacias",92000,92050,Nanterre,12,0,0,"Très à gauche","Quartier plus populaire",59,59.06,65.1,15,48.90023,2.190444
70,"Rue Daniel Becker",92000,92050,Nanterre,7,0,0,"Très à gauche","Quartier plus populaire",59,59.06,65.1,13,48.88281,2.20909
8,"Rue des Acacias",92000,92050,Nanterre,10,15,0,"Très à gauche","Quartier plus populaire",59,59.06,65.1,44,48.900055,2.191091
80,"Boulevard de la Seine",92000,92050,Nanterre,1,0,0,"Très à gauche","Quartier plus populaire",59,59.06,65.1,12,48.90058,2.194979
82,"Boulevard de la Seine",92000,92050,Nanterre,1,0,0,"Très à gauche","Quartier plus populaire",59,59.06,65.1,12,48.900776,2.194803
84,"Boulevard de la Seine",92000,92050,Nanterre,1,0,0,"Très à gauche","Quartier plus populaire",59,59.06,65.1,12,48.90089,2.194834
86,"Boulevard de la Seine",92000,92050,Nanterre,1,0,0,"Très à gauche","Quartier plus populaire",59,59.06,65.1,12,48.901063,2.194752
87,"Boulevard de la Seine",92000,92050,Nanterre,1,0,0,"Très à gauche","Quartier plus populaire",59,59.06,65.1,12,48.902612,2.193693
9,"Rue des Venêts",92000,92050,Nanterre,8,0,0,"Très à gauche","Quartier plus populaire",59,59.06,65.1,13,48.890576,2.202275
97,"Boulevard du Général Leclerc",92000,92050,Nanterre,1,0,0,"Très à gauche","Quartier plus populaire",59,59.06,65.1,15,48.899644,2.189622
1,"Allée Vladimir Komarov",92000,92050,Nanterre,7,10,0,"Très à gauche","Quartier plus populaire",53,44.63,55.83,48,48.901441,2.196802
10,"Allée Vladimir Komarov",92000,92050,Nanterre,9,10,0,"Très à gauche","Quartier plus populaire",53,44.63,55.83,48,48.902524,2.195367
10,"Rue Germaine Tillion",92000,92050,Nanterre,7,0,0,"Très à gauche","Quartier plus populaire",53,44.63,55.83,20,48.901208,2.197055
101,"Avenue Hoche",92000,92050,Nanterre,1,0,0,"Très à gauche","Quartier plus populaire",53,44.63,55.83,20,48.90241,2.196333
103,"Avenue Hoche",92000,92050,Nanterre,1,0,0,"Très à gauche","Quartier plus populaire",53,44.63,55.83,20,48.902465,2.196273
105,"Avenue Hoche",92000,92050,Nanterre,1,0,0,"Très à gauche","Quartier plus populaire",53,44.63,55.83,20,48.902511,2.196186
11,"Allée Vladimir Komarov",92000,92050,Nanterre,6,10,0,"Très à gauche","Quartier plus populaire",53,44.63,55.83,48,48.901209,2.196006
11,"Rue de Bezons",92000,92050,Nanterre,1,0,0,"Très à gauche","Quartier plus populaire",53,44.63,55.83,11,48.898004,2.196706
11,"Rue Faidherbe",92000,92050,Nanterre,2,0,0,"Très à gauche","Quartier plus populaire",53,44.63,55.83,11,48.897633,2.196692
112,"Rue Germaine Tillion",92000,92050,Nanterre,6,10,0,"Très à gauche","Quartier plus populaire",53,44.63,55.83,42,48.900584,2.198082
12,"Rue Ampère",92000,92050,Nanterre,1,0,0,"Très à gauche","Quartier plus populaire",53,44.63,55.83,14,48.899985,2.197965
13,"Allée Vladimir Komarov",92000,92050,Nanterre,9,10,0,"Très à gauche","Quartier plus populaire",53,44.63,55.83,48,48.901246,2.195815
13,"Rue de Bezons",92000,92050,Nanterre,1,0,0,"Très à gauche","Quartier plus populaire",53,44.63,55.83,11,48.898201,2.196629
130,"Rue Germaine Tillion",92000,92050,Nanterre,9,16,0,"Très à gauche","Quartier plus populaire",53,44.63,55.83,43,48.900478,2.198254
14,"Rue Faidherbe",92000,92050,Nanterre,1,0,0,"Très à gauche","Quartier plus populaire",53,44.63,55.83,11,48.897902,2.196561
15,"Allée Vladimir Komarov",92000,92050,Nanterre,10,10,0,"Très à gauche","Quartier plus populaire",53,44.63,55.83,48,48.901361,2.195629
15,"Rue de Bezons",92000,92050,Nanterre,1,0,0,"Très à gauche","Quartier plus populaire",53,44.63,55.83,11,48.898231,2.196876
15,"Rue Faidherbe",92000,92050,Nanterre,1,0,0,"Très à gauche","Quartier plus populaire",53,44.63,55.83,11,48.897743,2.196268
17,"Allée Vladimir Komarov",92000,92050,Nanterre,5,10,0,"Très à gauche","Quartier plus populaire",53,44.63,55.83,48,48.901614,2.195262
17,"Rue Faidherbe",92000,92050,Nanterre,1,0,0,"Très à gauche","Quartier plus populaire",53,44.63,55.83,11,48.897809,2.196089
18,"Boulevard de la Seine",92000,92050,Nanterre,1,0,0,"Très à gauche","Quartier plus populaire",53,44.63,55.83,11,48.897452,2.195998
18,"Rue Ampère",92000,92050,Nanterre,1,0,0,"Très à gauche","Quartier plus populaire",53,44.63,55.83,14,48.900018,2.197788
18,"Rue de Bezons",92000,92050,Nanterre,1,0,0,"Très à gauche","Quartier plus populaire",53,44.63,55.83,11,48.898002,2.197117
18,"Rue Faidherbe",92000,92050,Nanterre,1,0,0,"Très à gauche","Quartier plus populaire",53,44.63,55.83,11,48.898151,2.19614
19,"Allée Vladimir Komarov",92000,92050,Nanterre,7,10,0,"Très à gauche","Quartier plus populaire",53,44.63,55.83,48,48.90179,2.195129
19,"Rue de Bezons",92000,92050,Nanterre,1,0,0,"Très à gauche","Quartier plus populaire",53,44.63,55.83,11,48.898268,2.19705
2,"Allée Vladimir Komarov",92000,92050,Nanterre,37,48,0,"Très à gauche","Quartier plus populaire",53,44.63,55.83,51,48.901726,2.196399
2,"Boulevard de la Seine",92000,92050,Nanterre,4,0,0,"Très à gauche","Quartier plus populaire",53,44.63,55.83,12,48.895881,2.196501
2,"Rue de Bezons",92000,92050,Nanterre,2,0,0,"Très à gauche","Quartier plus populaire",53,44.63,55.83,12,48.897203,2.196188
2bis,"Boulevard de la Seine",92000,92050,Nanterre,2,0,0,"Très à gauche","Quartier plus populaire",53,44.63,55.83,12,48.896198,2.196623
20,"Rue Ampère",92000,92050,Nanterre,1,0,0,"Très à gauche","Quartier plus populaire",53,44.63,55.83,14,48.90005,2.197685
20,"Rue de Bezons",92000,92050,Nanterre,1,0,0,"Très à gauche","Quartier plus populaire",53,44.63,55.83,11,48.898111,2.197225
21,"Allée Vladimir Komarov",92000,92050,Nanterre,6,10,0,"Très à gauche","Quartier plus populaire",53,44.63,55.83,48,48.901908,2.1951
22,"Boulevard de la Seine",92000,92050,Nanterre,1,0,0,"Très à gauche","Quartier plus populaire",53,44.63,55.83,11,48.897692,2.195919
22,"Rue de Bezons",92000,92050,Nanterre,1,0,0,"Très à gauche","Quartier plus populaire",53,44.63,55.83,11,48.898189,2.197314
23,"Allée Vladimir Komarov",92000,92050,Nanterre,6,10,0,"Très à gauche","Quartier plus populaire",53,44.63,55.83,48,48.90201,2.195066
23,"Rue de Bezons",92000,92050,Nanterre,5,0,0,"Très à gauche","Quartier plus populaire",53,44.63,55.83,12,48.898506,2.196906
24,"Rue de Bezons",92000,92050,Nanterre,1,0,0,"Très à gauche","Quartier plus populaire",53,44.63,55.83,11,48.898242,2.197381
24bis,"Boulevard de la Seine",92000,92050,Nanterre,1,0,0,"Très à gauche","Quartier plus populaire",53,44.63,55.83,11,48.898214,2.195904
25,"Allée Vladimir Komarov",92000,92050,Nanterre,8,10,0,"Très à gauche","Quartier plus populaire",53,44.63,55.83,48,48.902119,2.195049
25,"Rue de Bezons",92000,92050,Nanterre,1,0,0,"Très à gauche","Quartier plus populaire",53,44.63,55.83,11,48.898531,2.197232
26,"Rue de Bezons",92000,92050,Nanterre,1,0,0,"Très à gauche","Quartier plus populaire",53,44.63,55.83,11,48.898301,2.197479
26,"Rue Germaine Tillion",92000,92050,Nanterre,7,0,0,"Très à gauche","Quartier plus populaire",53,44.63,55.83,12,48.901054,2.197257
27,"Allée Vladimir Komarov",92000,92050,Nanterre,4,10,0,"Très à gauche","Quartier plus populaire",53,44.63,55.83,48,48.902239,2.195217
27,"Rue de Bezons",92000,92050,Nanterre,1,0,0,"Très à gauche","Quartier plus populaire",53,44.63,55.83,11,48.898589,2.197403
28,"Rue Ampère",92000,92050,Nanterre,10,0,0,"Très à gauche","Quartier plus populaire",53,44.63,55.83,12,48.900207,2.197359
28,"Rue de Bezons",92000,92050,Nanterre,1,0,0,"Très à gauche","Quartier plus populaire",53,44.63,55.83,11,48.898395,2.197654
28,"Rue Germaine Tillion",92000,92050,Nanterre,5,0,0,"Très à gauche","Quartier plus populaire",53,44.63,55.83,12,48.900845,2.197102
29,"Allée Vladimir Komarov",92000,92050,Nanterre,7,10,0,"Très à gauche","Quartier plus populaire",53,44.63,55.83,48,48.902241,2.195356
29,"Rue de Bezons",92000,92050,Nanterre,1,0,0,"Très à gauche","Quartier plus populaire",53,44.63,55.83,11,48.898709,2.19739
3,"Allée Vladimir Komarov",92000,92050,Nanterre,8,10,0,"Très à gauche","Quartier plus populaire",53,44.63,55.83,48,48.901317,2.196643
30,"Rue de Bezons",92000,92050,Nanterre,1,0,0,"Très à gauche","Quartier plus populaire",53,44.63,55.83,11,48.898585,2.19779
31,"Rue de Bezons",92000,92050,Nanterre,1,0,0,"Très à gauche","Quartier plus populaire",53,44.63,55.83,11,48.898761,2.197484
31,"Rue Germaine Tillion",92000,92050,Nanterre,1,0,0,"Très à gauche","Quartier plus populaire",53,44.63,55.83,20,48.901189,2.197415
32,"Rue Ampère",92000,92050,Nanterre,1,0,0,"Très à gauche","Quartier plus populaire",53,44.63,55.83,11,48.900368,2.197156
34,"Rue Ampère",92000,92050,Nanterre,1,0,0,"Très à gauche","Quartier plus populaire",53,44.63,55.83,11,48.900434,2.19707
34,"Rue de Bezons",92000,92050,Nanterre,1,0,0,"Très à gauche","Quartier plus populaire",53,44.63,55.83,14,48.89879,2.198014
35,"Rue de Bezons",92000,92050,Nanterre,1,0,0,"Très à gauche","Quartier plus populaire",53,44.63,55.83,11,48.898932,2.197722
36,"Rue Ampère",92000,92050,Nanterre,1,0,0,"Très à gauche","Quartier plus populaire",53,44.63,55.83,11,48.900485,2.196944
37,"Avenue Hoche",92000,92050,Nanterre,10,37,0,"Très à gauche","Quartier plus populaire",53,44.63,55.83,43,48.900912,2.198598
37,"Rue Germaine Tillion",92000,92050,Nanterre,2,0,0,"Très à gauche","Quartier plus populaire",53,44.63,55.83,20,48.901162,2.197463
38,"Rue Ampère",92000,92050,Nanterre,1,0,0,"Très à gauche","Quartier plus populaire",53,44.63,55.83,11,48.900522,2.196892
38,"Rue de Bezons",92000,92050,Nanterre,1,0,0,"Très à gauche","Quartier plus populaire",53,44.63,55.83,14,48.898986,2.198239
39,"Avenue Hoche",92000,92050,Nanterre,13,0,0,"Très à gauche","Quartier plus populaire",53,44.63,55.83,14,48.900999,2.198653
39,"Rue de Bezons",92000,92050,Nanterre,1,0,0,"Très à gauche","Quartier plus populaire",53,44.63,55.83,14,48.899056,2.197917
4,"Allée Vladimir Komarov",92000,92050,Nanterre,35,48,0,"Très à gauche","Quartier plus populaire",53,44.63,55.83,50,48.901804,2.195756
4,"Rue de Bezons",92000,92050,Nanterre,1,0,0,"Très à gauche","Quartier plus populaire",53,44.63,55.83,12,48.897281,2.196225
40,"Rue Ampère",92000,92050,Nanterre,1,0,0,"Très à gauche","Quartier plus populaire",53,44.63,55.83,11,48.900707,2.196921
40,"Rue de Bezons",92000,92050,Nanterre,1,0,0,"Très à gauche","Quartier plus populaire",53,44.63,55.83,14,48.899054,2.198343
41,"Rue de Bezons",92000,92050,Nanterre,1,0,0,"Très à gauche","Quartier plus populaire",53,44.63,55.83,14,48.899211,2.197968
42,"Rue André Doucet",92000,92050,Nanterre,5,0,0,"Très à gauche","Quartier plus populaire",53,44.63,55.83,12,48.901007,2.196718
42,"Rue de Bezons",92000,92050,Nanterre,1,0,0,"Très à gauche","Quartier plus populaire",53,44.63,55.83,14,48.899103,2.198416
43,"Rue de Bezons",92000,92050,Nanterre,9,8,0,"Très à gauche","Quartier plus populaire",53,44.63,55.83,38,48.899376,2.198007
44,"Rue Ampère",92000,92050,Nanterre,1,0,0,"Très à gauche","Quartier plus populaire",53,44.63,55.83,11,48.900674,2.196639
49,"Rue Germaine Tillion",92000,92050,Nanterre,4,0,0,"Très à gauche","Quartier plus populaire",53,44.63,55.83,14,48.901088,2.197584
5,"Allée Vladimir Komarov",92000,92050,Nanterre,4,10,0,"Très à gauche","Quartier plus populaire",53,44.63,55.83,48,48.901306,2.19647
51,"Avenue Hoche",92000,92050,Nanterre,7,0,0,"Très à gauche","Quartier plus populaire",53,44.63,55.83,11,48.901323,2.198278
55,"Avenue Hoche",92000,92050,Nanterre,4,0,0,"Très à gauche","Quartier plus populaire",53,44.63,55.83,11,48.901384,2.198164
57,"Rue Germaine Tillion",92000,92050,Nanterre,1,0,0,"Très à gauche","Quartier plus populaire",53,44.63,55.83,14,48.90103,2.197676
6,"Allée Vladimir Komarov",92000,92050,Nanterre,5,10,0,"Très à gauche","Quartier plus populaire",53,44.63,55.83,48,48.902547,2.195745
60,"Rue André Doucet",92000,92050,Nanterre,20,35,0,"Très à gauche","Quartier plus populaire",53,44.63,55.83,41,48.901617,2.197541
62,"Rue Germaine Tillion",92000,92050,Nanterre,5,9,0,"Très à gauche","Quartier plus populaire",53,44.63,55.83,40,48.900886,2.197576
65,"Avenue Hoche",92000,92050,Nanterre,10,0,0,"Très à gauche","Quartier plus populaire",53,44.63,55.83,12,48.901575,2.197816
65,"Rue Germaine Tillion",92000,92050,Nanterre,1,0,0,"Très à gauche","Quartier plus populaire",53,44.63,55.83,14,48.900992,2.197739
67,"Rue André Doucet",92000,92050,Nanterre,7,14,0,"Très à gauche","Quartier plus populaire",53,44.63,55.83,40,48.901817,2.197415
7,"Allée Vladimir Komarov",92000,92050,Nanterre,10,10,0,"Très à gauche","Quartier plus populaire",53,44.63,55.83,48,48.901252,2.196304
7,"Rue de Bezons",92000,92050,Nanterre,1,0,0,"Très à gauche","Quartier plus populaire",53,44.63,55.83,11,48.897625,2.196358
71,"Rue Germaine Tillion",92000,92050,Nanterre,10,14,0,"Très à gauche","Quartier plus populaire",53,44.63,55.83,43,48.90107,2.19797
76,"Rue Germaine Tillion",92000,92050,Nanterre,6,8,0,"Très à gauche","Quartier plus populaire",53,44.63,55.83,38,48.900808,2.197712
8,"Allée Vladimir Komarov",92000,92050,Nanterre,8,10,0,"Très à gauche","Quartier plus populaire",53,44.63,55.83,48,48.902534,2.195552
8,"Boulevard de la Seine",92000,92050,Nanterre,1,0,0,"Très à gauche","Quartier plus populaire",53,44.63,55.83,12,48.897155,2.196072
8,"Rue de Bezons",92000,92050,Nanterre,1,0,0,"Très à gauche","Quartier plus populaire",53,44.63,55.83,11,48.897617,2.196582
84,"Rue Lucien Ducastel",92000,92050,Nanterre,9,0,0,"Très à gauche","Quartier plus populaire",53,44.63,55.83,14,48.900636,2.19842
89,"Avenue Hoche",92000,92050,Nanterre,1,0,0,"Très à gauche","Quartier plus populaire",53,44.63,55.83,20,48.902055,2.196946
9,"Allée Vladimir Komarov",92000,92050,Nanterre,7,10,0,"Très à gauche","Quartier plus populaire",53,44.63,55.83,48,48.901238,2.196166
98,"Rue Germaine Tillion",92000,92050,Nanterre,3,9,0,"Très à gauche","Quartier plus populaire",53,44.63,55.83,40,48.900678,2.197925
99,"Avenue Hoche",92000,92050,Nanterre,1,0,0,"Très à gauche","Quartier plus populaire",53,44.63,55.83,20,48.902368,2.196435
1,"Avenue du Général Gallieni",92000,92050,Nanterre,8,0,0,"A gauche","Quartier plus populaire",48,38.56,45.2,12,48.896215,2.196874
1,"Rue de l'Industrie",92000,92050,Nanterre,7,10,0,"A gauche","Quartier plus populaire",48,38.56,45.2,45,48.898485,2.202312
1,"Rue des Grands Buissons",92000,92050,Nanterre,1,0,0,"A gauche","Revenu moyen",48,38.56,45.2,9,48.897573,2.199831
10,"Avenue du Général Gallieni",92000,92050,Nanterre,1,0,0,"A gauche","Quartier plus populaire",48,38.56,45.2,11,48.896408,2.197473
10,"Place du Docteur Pierre",92000,92050,Nanterre,1,0,0,"A gauche","Quartier plus populaire",48,38.56,45.2,13,48.897992,2.200312
10,"Rue Ampère",92000,92050,Nanterre,13,0,0,"A gauche","Quartier plus populaire",48,38.56,45.2,13,48.899722,2.198141
10,"Rue de l'Avenir",92000,92050,Nanterre,1,0,0,"A gauche","Quartier plus populaire",48,38.56,45.2,17,48.898621,2.201664
108,"Allée des Parfumeurs",92000,92050,Nanterre,12,0,0,"A gauche","Revenu moyen",48,38.56,45.2,10,48.896754,2.198805
10bis,"Avenue du Général Gallieni",92000,92050,Nanterre,1,0,0,"A gauche","Quartier plus populaire",48,38.56,45.2,11,48.896514,2.197489
11,"Avenue Hoche",92000,92050,Nanterre,20,0,0,"A gauche","Quartier plus populaire",48,38.56,45.2,14,48.900278,2.199495
11,"Place du Docteur Pierre",92000,92050,Nanterre,22,30,0,"A gauche","Quartier plus populaire",48,38.56,45.2,43,48.898172,2.200241
11,"Rue de l'Industrie",92000,92050,Nanterre,27,0,0,"A gauche","Quartier plus populaire",48,38.56,45.2,18,48.899186,2.201564
11,"Rue des Grands Buissons",92000,92050,Nanterre,14,0,0,"A gauche","Quartier plus populaire",48,38.56,45.2,17,48.898577,2.201045
12,"Avenue de la République",92000,92050,Nanterre,5,0,0,"A gauche","Quartier plus populaire",48,38.56,45.2,11,48.897177,2.197478
12,"Avenue du Général Gallieni",92000,92050,Nanterre,4,0,0,"A gauche","Quartier plus populaire",48,38.56,45.2,11,48.896793,2.197845
12,"Rue de l'Avenir",92000,92050,Nanterre,1,0,0,"A gauche","Quartier plus populaire",48,38.56,45.2,17,48.898646,2.201529
12bis,"Avenue du Général Gallieni",92000,92050,Nanterre,1,0,0,"A gauche","Revenu moyen",48,38.56,45.2,9,48.897106,2.198197
13,"Rue Rouget de Lisle",92000,92050,Nanterre,1,0,0,"A gauche","Quartier aisé",48,38.56,45.2,10,48.897527,2.200967
134,"Allée des Parfumeurs",92000,92050,Nanterre,5,18,0,"A gauche","Revenu moyen",48,38.56,45.2,38,48.896566,2.198597
14,"Avenue de la République",92000,92050,Nanterre,2,0,0,"A gauche","Quartier plus populaire",48,38.56,45.2,11,48.897355,2.197781
14,"Rue de l'Avenir",92000,92050,Nanterre,16,0,0,"A gauche","Quartier plus populaire",48,38.56,45.2,18,48.898827,2.201239
15,"Avenue Hoche",92000,92050,Nanterre,20,0,0,"A gauche","Quartier plus populaire",48,38.56,45.2,14,48.900486,2.199462
15,"Rue Rouget de Lisle",92000,92050,Nanterre,1,0,0,"A gauche","Quartier aisé",48,38.56,45.2,10,48.89757,2.201059
16,"Avenue de la République",92000,92050,Nanterre,1,0,0,"A gauche","Quartier plus populaire",48,38.56,45.2,11,48.897493,2.197985
16,"Place du Docteur Pierre",92000,92050,Nanterre,34,48,0,"A gauche","Quartier plus populaire",48,38.56,45.2,44,48.897904,2.200725
17,"Avenue du Général Gallieni",92000,92050,Nanterre,1,0,0,"A gauche","Quartier plus populaire",48,38.56,45.2,11,48.897453,2.198042
17,"Rue Rouget de Lisle",92000,92050,Nanterre,1,0,0,"A gauche","Quartier aisé",48,38.56,45.2,10,48.897602,2.201107
172,"Allée des Parfumeurs",92000,92050,Nanterre,5,23,0,"A gauche","Revenu moyen",48,38.56,45.2,38,48.896404,2.198379
18,"Rue de l'Avenir",92000,92050,Nanterre,10,0,0,"A gauche","Quartier plus populaire",48,38.56,45.2,17,48.898987,2.201004
18,"Rue Rouget de Lisle",92000,92050,Nanterre,2,0,0,"A gauche","Quartier aisé",48,38.56,45.2,10,48.897307,2.201219
180,"Rue Germaine Tillion",92000,92050,Nanterre,14,0,0,"A gauche","Quartier plus populaire",48,38.56,45.2,13,48.900176,2.198757
19,"Allée Hélène et Mercédès Cocquet",92000,92050,Nanterre,8,0,0,"A gauche","Revenu moyen",48,38.56,45.2,10,48.897174,2.198816
19,"Rue Rouget de Lisle",92000,92050,Nanterre,1,0,0,"A gauche","Quartier aisé",48,38.56,45.2,10,48.897681,2.201179
195,"Rue Germaine Tillion",92000,92050,Nanterre,11,28,0,"A gauche","Quartier plus populaire",48,38.56,45.2,42,48.9002,2.199043
196,"Rue Germaine Tillion",92000,92050,Nanterre,7,0,0,"A gauche","Quartier plus populaire",48,38.56,45.2,13,48.900074,2.198928
2,"Avenue Félix Faure",92000,92050,Nanterre,1,147,0,"A gauche","Quartier plus populaire",48,38.56,45.2,43,48.88565,2.21388
2,"Rue des Grands Buissons",92000,92050,Nanterre,4,0,0,"A gauche","Revenu moyen",48,38.56,45.2,9,48.897375,2.200143
21,"Rue de l'Avenir",92000,92050,Nanterre,7,0,0,"A gauche","Quartier plus populaire",48,38.56,45.2,17,48.898845,2.200848
21,"Rue Rouget de Lisle",92000,92050,Nanterre,10,0,0,"A gauche","Quartier plus populaire",48,38.56,45.2,17,48.897913,2.20145
216,"Rue Germaine Tillion",92000,92050,Nanterre,7,0,0,"A gauche","Quartier plus populaire",48,38.56,45.2,13,48.899841,2.19872
23,"Rue Rouget de Lisle",92000,92050,Nanterre,11,0,0,"A gauche","Quartier plus populaire",48,38.56,45.2,17,48.898048,2.201773
24,"Avenue du Général Gallieni",92000,92050,Nanterre,6,8,0,"A gauche","Revenu moyen",48,38.56,45.2,33,48.897331,2.198221
24,"Rue de l'Avenir",92000,92050,Nanterre,13,0,0,"A gauche","Quartier plus populaire",48,38.56,45.2,17,48.899157,2.200749
28,"Avenue de la République",92000,92050,Nanterre,25,45,0,"A gauche","Quartier plus populaire",48,38.56,45.2,43,48.898349,2.199335
3,"Rue de l'Industrie",92000,92050,Nanterre,8,9,0,"A gauche","Quartier plus populaire",48,38.56,45.2,44,48.898627,2.202301
3,"Rue des Grands Buissons",92000,92050,Nanterre,15,0,0,"A gauche","Quartier plus populaire",48,38.56,45.2,14,48.89781,2.200185
32,"Avenue de la République",92000,92050,Nanterre,17,20,0,"A gauche","Quartier plus populaire",48,38.56,45.2,43,48.898561,2.199641
33,"Avenue de la Commune de Paris",92000,92050,Nanterre,4,0,0,"A gauche","Quartier plus populaire",48,38.56,45.2,13,48.899217,2.19868
34,"Avenue de la République",92000,92050,Nanterre,10,15,0,"A gauche","Quartier plus populaire",48,38.56,45.2,42,48.898613,2.199724
37,"Avenue de la Commune de Paris",92000,92050,Nanterre,19,0,0,"A gauche","Quartier plus populaire",48,38.56,45.2,14,48.899404,2.198919
39,"Allée Hélène et Mercédès Cocquet",92000,92050,Nanterre,4,0,0,"A gauche","Revenu moyen",48,38.56,45.2,9,48.897277,2.198588
39,"Avenue de la Commune de Paris",92000,92050,Nanterre,1,0,0,"A gauche","Quartier plus populaire",48,38.56,45.2,13,48.899453,2.19898
4,"Avenue du Général Gallieni",92000,92050,Nanterre,1,0,0,"A gauche","Quartier plus populaire",48,38.56,45.2,11,48.896019,2.197054
4,"Rue de l'Avenir",92000,92050,Nanterre,1,0,0,"A gauche","Quartier plus populaire",48,38.56,45.2,17,48.898393,2.201897
41,"Rue Rouget de Lisle",92000,92050,Nanterre,1,0,0,"A gauche","Quartier plus populaire",48,38.56,45.2,17,48.898368,2.202225
42,"Avenue de la République",92000,92050,Nanterre,27,46,0,"A gauche","Quartier plus populaire",48,38.56,45.2,43,48.899014,2.200371
43,"Avenue de la Commune de Paris",92000,92050,Nanterre,20,0,0,"A gauche","Quartier plus populaire",48,38.56,45.2,14,48.899669,2.199242
46,"Rue Rouget de Lisle",92000,92050,Nanterre,1,0,0,"A gauche","Quartier plus populaire",48,38.56,45.2,17,48.898095,2.202314
48,"Rue Rouget de Lisle",92000,92050,Nanterre,1,0,0,"A gauche","Quartier plus populaire",48,38.56,45.2,17,48.898131,2.202396
5,"Avenue du Général Gallieni",92000,92050,Nanterre,1,0,0,"A gauche","Quartier plus populaire",48,38.56,45.2,11,48.896645,2.197164
5,"Rue de l'Industrie",92000,92050,Nanterre,5,9,0,"A gauche","Quartier plus populaire",48,38.56,45.2,43,48.898685,2.20214
5,"Rue des Grands Buissons",92000,92050,Nanterre,7,9,0,"A gauche","Quartier plus populaire",48,38.56,45.2,44,48.898433,2.200893
50,"Avenue de la République",92000,92050,Nanterre,23,94,0,"A gauche","Quartier plus populaire",48,38.56,45.2,47,48.899428,2.201015
50,"Rue Rouget de Lisle",92000,92050,Nanterre,2,0,0,"A gauche","Quartier plus populaire",48,38.56,45.2,17,48.898437,2.203221
56,"Avenue de la République",92000,92050,Nanterre,9,0,0,"A gauche","Quartier plus populaire",48,38.56,45.2,9,48.899811,2.20163
6,"Avenue de la République",92000,92050,Nanterre,26,0,0,"A gauche","Quartier plus populaire",48,38.56,45.2,13,48.896959,2.197144
6,"Avenue Rouget de Lisle",92000,92050,Nanterre,1,0,0,"A gauche","Quartier aisé",48,38.56,45.2,10,48.897399,2.201882
6,"Rue Ampère",92000,92050,Nanterre,2,0,0,"A gauche","Quartier plus populaire",48,38.56,45.2,13,48.899503,2.198561
6,"Rue de l'Avenir",92000,92050,Nanterre,1,0,0,"A gauche","Quartier plus populaire",48,38.56,45.2,17,48.898454,2.201808
6,"Rue de l'Industrie",92000,92050,Nanterre,4,0,0,"A gauche","Quartier plus populaire",48,38.56,45.2,17,48.899529,2.201534
65,"Rue Rouget de Lisle",92000,92050,Nanterre,14,0,0,"A gauche","Quartier plus populaire",48,38.56,45.2,17,48.899149,2.202863
7,"Rue Becquet",92000,92050,Nanterre,13,0,0,"A gauche","Quartier plus populaire",48,38.56,45.2,14,48.897678,2.199633
7,"Rue de l'Avenir",92000,92050,Nanterre,18,0,0,"A gauche","Quartier plus populaire",48,38.56,45.2,18,48.898391,2.20148
7,"Rue de l'Industrie",92000,92050,Nanterre,7,10,0,"A gauche","Quartier plus populaire",48,38.56,45.2,45,48.898822,2.202006
8,"Rue Ampère",92000,92050,Nanterre,8,18,0,"A gauche","Quartier plus populaire",48,38.56,45.2,42,48.899602,2.198342
8,"Rue de l'Avenir",92000,92050,Nanterre,1,0,0,"A gauche","Quartier plus populaire",48,38.56,45.2,17,48.898552,2.201771
8,"Rue de l'Industrie",92000,92050,Nanterre,3,0,0,"A gauche","Quartier plus populaire",48,38.56,45.2,9,48.899608,2.20138
9,"Rue de l'Industrie",92000,92050,Nanterre,7,10,0,"A gauche","Quartier plus populaire",48,38.56,45.2,45,48.89886,2.201794
9,"Rue du Docteur Pierre",92000,92050,Nanterre,10,0,0,"A gauche","Quartier plus populaire",48,38.56,45.2,17,48.898084,2.201092
92,"Allée des Parfumeurs",92000,92050,Nanterre,7,0,0,"A gauche","Revenu moyen",48,38.56,45.2,10,48.896882,2.19894
78,"Rue Rouget de Lisle",92000,92050,Nanterre,4,0,0,"Plutôt à droite","Quartier plus populaire",52,4.95,10.1,10,48.898824,2.203514
80,"Rue Rouget de Lisle",92000,92050,Nanterre,433,0,0,"Plutôt à droite","Quartier plus populaire",52,4.95,10.1,30,48.89987,2.202956
1,"Allée Claude Bernard",92000,92050,Nanterre,10,20,0,"Mixte gauche/droite","Quartier plus populaire",57,41.99,46.05,46,48.8969,2.207211
1,"Allée Pierre Corneille",92000,92050,Nanterre,6,10,0,"Mixte gauche/droite","Quartier plus populaire",57,41.99,46.05,42,48.898638,2.209246
1,"Allée René Laennec",92000,92050,Nanterre,6,0,0,"Mixte gauche/droite","Quartier plus populaire",57,41.99,46.05,14,48.898789,2.207783
10,"Allée Alfred de Musset",92000,92050,Nanterre,3,0,0,"Mixte gauche/droite","Quartier plus populaire",57,41.99,46.05,23,48.897807,2.210272
10,"Allée George Sand",92000,92050,Nanterre,8,20,0,"Mixte gauche/droite","Quartier plus populaire",57,41.99,46.05,52,48.897497,2.209113
11,"Allée Claude Bernard",92000,92050,Nanterre,7,13,0,"Mixte gauche/droite","Quartier plus populaire",57,41.99,46.05,46,48.897824,2.207216
11,"Rue Jean Allemane",92000,92050,Nanterre,10,0,0,"Mixte gauche/droite","Quartier plus populaire",57,41.99,46.05,12,48.897188,2.188195
11,"Allée Pierre Corneille",92000,92050,Nanterre,6,10,0,"Mixte gauche/droite","Quartier plus populaire",57,41.99,46.05,42,48.898653,2.20821
11,"Allée René Laennec",92000,92050,Nanterre,4,0,0,"Mixte gauche/droite","Quartier plus populaire",57,41.99,46.05,17,48.897993,2.207757
11,"Mail Ambroise Croizat",92000,92050,Nanterre,1,0,0,"Mixte gauche/droite","Quartier plus populaire",57,41.99,46.05,17,48.896863,2.208776
12,"Allée George Sand",92000,92050,Nanterre,9,20,0,"Mixte gauche/droite","Quartier plus populaire",57,41.99,46.05,52,48.897318,2.209074
13,"Rue Jean Allemane",92000,92050,Nanterre,12,0,0,"Mixte gauche/droite","Quartier plus populaire",57,41.99,46.05,12,48.897252,2.188271
13,"Allée René Laennec",92000,92050,Nanterre,6,0,0,"Mixte gauche/droite","Quartier plus populaire",57,41.99,46.05,17,48.897847,2.207768
13,"Mail Ambroise Croizat",92000,92050,Nanterre,1,0,0,"Mixte gauche/droite","Quartier plus populaire",57,41.99,46.05,17,48.896912,2.208851
15,"Rue Jean Allemane",92000,92050,Nanterre,10,0,0,"Mixte gauche/droite","Quartier plus populaire",57,41.99,46.05,12,48.897419,2.188165
15,"Allée René Laennec",92000,92050,Nanterre,10,0,0,"Mixte gauche/droite","Quartier plus populaire",57,41.99,46.05,17,48.897671,2.20777
15,"Mail Ambroise Croizat",92000,92050,Nanterre,1,0,0,"Mixte gauche/droite","Quartier plus populaire",57,41.99,46.05,17,48.896998,2.209032
17,"Mail Ambroise Croizat",92000,92050,Nanterre,3,0,0,"Mixte gauche/droite","Quartier plus populaire",57,41.99,46.05,23,48.897109,2.20913
18,"Boulevard Jules Mansart",92000,92050,Nanterre,38,0,0,"Mixte gauche/droite","Quartier plus populaire",57,41.99,46.05,15,48.898536,2.211336
19,"Mail Ambroise Croizat",92000,92050,Nanterre,1,0,0,"Mixte gauche/droite","Quartier plus populaire",57,41.99,46.05,23,48.897167,2.20935
2,"Allée Alfred de Musset",92000,92050,Nanterre,5,8,0,"Mixte gauche/droite","Quartier plus populaire",57,41.99,46.05,47,48.897805,2.209492
2,"Allée Ambroise Paré",92000,92050,Nanterre,6,0,0,"Mixte gauche/droite","Quartier plus populaire",57,41.99,46.05,14,48.898194,2.206991
2,"Allée Edward Jenner",92000,92050,Nanterre,17,0,0,"Mixte gauche/droite","Quartier plus populaire",57,41.99,46.05,18,48.897769,2.208534
2,"Allée George Sand",92000,92050,Nanterre,9,15,0,"Mixte gauche/droite","Quartier plus populaire",57,41.99,46.05,52,48.898228,2.209095
2,"Allée Pierre Lescot",92000,92050,Nanterre,16,20,0,"Mixte gauche/droite","Quartier plus populaire",57,41.99,46.05,52,48.898302,2.211023
2,"Allée Sir Alexander Fleming",92000,92050,Nanterre,4,0,0,"Mixte gauche/droite","Quartier plus populaire",57,41.99,46.05,17,48.897364,2.207635
2,"Allée Théophile Gautier",92000,92050,Nanterre,11,27,0,"Mixte gauche/droite","Quartier plus populaire",57,41.99,46.05,52,48.898222,2.210393
21,"Mail Ambroise Croizat",92000,92050,Nanterre,1,0,0,"Mixte gauche/droite","Quartier plus populaire",57,41.99,46.05,23,48.897231,2.209438
3,"Allée Claude Bernard",92000,92050,Nanterre,15,18,0,"Mixte gauche/droite","Quartier plus populaire",57,41.99,46.05,46,48.897097,2.207202
3,"Rue Jean Allemane",92000,92050,Nanterre,5,6,0,"Mixte gauche/droite","Quartier plus populaire",57,41.99,46.05,26,48.89685,2.187895
3,"Allée Pierre Corneille",92000,92050,Nanterre,7,10,0,"Mixte gauche/droite","Quartier plus populaire",57,41.99,46.05,42,48.898637,2.209049
3,"Allée René Laennec",92000,92050,Nanterre,4,0,0,"Mixte gauche/droite","Quartier plus populaire",57,41.99,46.05,14,48.898611,2.207778
4,"Allée Alfred de Musset",92000,92050,Nanterre,8,10,0,"Mixte gauche/droite","Quartier plus populaire",57,41.99,46.05,51,48.897799,2.209672
4,"Allée Ambroise Paré",92000,92050,Nanterre,1,0,0,"Mixte gauche/droite","Quartier plus populaire",57,41.99,46.05,14,48.898189,2.207195
4,"Allée Edward Jenner",92000,92050,Nanterre,10,0,0,"Mixte gauche/droite","Quartier plus populaire",57,41.99,46.05,17,48.897937,2.208525
4,"Allée George Sand",92000,92050,Nanterre,11,15,0,"Mixte gauche/droite","Quartier plus populaire",57,41.99,46.05,52,48.898043,2.209092
4,"Rue Jean Allemane",92000,92050,Nanterre,1,0,0,"Mixte gauche/droite","Quartier plus populaire",57,41.99,46.05,15,48.896726,2.188318
4,"Allée Pierre Lescot",92000,92050,Nanterre,9,20,0,"Mixte gauche/droite","Quartier plus populaire",57,41.99,46.05,52,48.898079,2.211022
4,"Allée Sir Alexander Fleming",92000,92050,Nanterre,5,0,0,"Mixte gauche/droite","Quartier plus populaire",57,41.99,46.05,17,48.897354,2.207826
4,"Allée Théophile Gautier",92000,92050,Nanterre,18,27,0,"Mixte gauche/droite","Quartier plus populaire",57,41.99,46.05,53,48.898401,2.210392
5,"Allée Claude Bernard",92000,92050,Nanterre,9,20,0,"Mixte gauche/droite","Quartier plus populaire",57,41.99,46.05,46,48.897273,2.207217
5,"Rue Jean Allemane",92000,92050,Nanterre,8,0,0,"Mixte gauche/droite","Quartier plus populaire",57,41.99,46.05,12,48.896954,2.187894
5,"Allée Pierre Corneille",92000,92050,Nanterre,7,10,0,"Mixte gauche/droite","Quartier plus populaire",57,41.99,46.05,42,48.898638,2.208855
5,"Allée René Laennec",92000,92050,Nanterre,4,0,0,"Mixte gauche/droite","Quartier plus populaire",57,41.99,46.05,14,48.89848,2.207773
5,"Mail Ambroise Croizat",92000,92050,Nanterre,1,0,0,"Mixte gauche/droite","Quartier plus populaire",57,41.99,46.05,17,48.896614,2.208474
6,"Allée Alfred de Musset",92000,92050,Nanterre,4,10,0,"Mixte gauche/droite","Quartier plus populaire",57,41.99,46.05,51,48.897808,2.209878
6,"Allée Ambroise Paré",92000,92050,Nanterre,5,0,0,"Mixte gauche/droite","Quartier plus populaire",57,41.99,46.05,17,48.898171,2.207387
6,"Allée George Sand",92000,92050,Nanterre,11,20,0,"Mixte gauche/droite","Quartier plus populaire",57,41.99,46.05,52,48.897855,2.209089
6,"Allée Pierre Lescot",92000,92050,Nanterre,7,15,0,"Mixte gauche/droite","Quartier plus populaire",57,41.99,46.05,52,48.897951,2.211012
6,"Allée Sir Alexander Fleming",92000,92050,Nanterre,5,0,0,"Mixte gauche/droite","Quartier plus populaire",57,41.99,46.05,17,48.897362,2.20802
7,"Allée Claude Bernard",92000,92050,Nanterre,11,20,0,"Mixte gauche/droite","Quartier plus populaire",57,41.99,46.05,46,48.89746,2.20722
7,"Rue Jean Allemane",92000,92050,Nanterre,8,0,0,"Mixte gauche/droite","Quartier plus populaire",57,41.99,46.05,12,48.897071,2.187962
7,"Allée Pierre Corneille",92000,92050,Nanterre,5,10,0,"Mixte gauche/droite","Quartier plus populaire",57,41.99,46.05,42,48.898644,2.208656
7,"Allée René Laennec",92000,92050,Nanterre,4,0,0,"Mixte gauche/droite","Quartier plus populaire",57,41.99,46.05,14,48.898305,2.207766
7,"Mail Ambroise Croizat",92000,92050,Nanterre,1,0,0,"Mixte gauche/droite","Quartier plus populaire",57,41.99,46.05,17,48.89668,2.208546
7bis,"Mail Ambroise Croizat",92000,92050,Nanterre,1,0,0,"Mixte gauche/droite","Quartier plus populaire",57,41.99,46.05,17,48.896664,2.208198
8,"Allée Alfred de Musset",92000,92050,Nanterre,7,10,0,"Mixte gauche/droite","Quartier plus populaire",57,41.99,46.05,51,48.897812,2.210069
8,"Allée George Sand",92000,92050,Nanterre,7,20,0,"Mixte gauche/droite","Quartier plus populaire",57,41.99,46.05,52,48.897682,2.2091
8,"Allée Pierre Lescot",92000,92050,Nanterre,10,15,0,"Mixte gauche/droite","Quartier plus populaire",57,41.99,46.05,52,48.897764,2.211015
8,"Allée Sir Alexander Fleming",92000,92050,Nanterre,4,0,0,"Mixte gauche/droite","Quartier plus populaire",57,41.99,46.05,17,48.897349,2.208187
9,"Allée Claude Bernard",92000,92050,Nanterre,10,15,0,"Mixte gauche/droite","Quartier plus populaire",57,41.99,46.05,46,48.897647,2.20722
9,"Allée Pierre Corneille",92000,92050,Nanterre,6,10,0,"Mixte gauche/droite","Quartier plus populaire",57,41.99,46.05,42,48.898653,2.208467
9,"Allée René Laennec",92000,92050,Nanterre,6,0,0,"Mixte gauche/droite","Quartier plus populaire",57,41.99,46.05,17,48.898167,2.207763
1,"Allée du Colonel Fabien",92000,92050,Nanterre,8,15,0,"A gauche","Quartier plus populaire",62,52.45,61.51,53,48.89554,2.210133
1,"Allée Eugène Viollet le Duc",92000,92050,Nanterre,4,15,0,"A gauche","Quartier plus populaire",62,52.45,61.51,50,48.89612,2.213926
1,"Allée Jean-Pierre Timbaud",92000,92050,Nanterre,5,10,0,"A gauche","Quartier plus populaire",62,52.45,61.51,52,48.896651,2.210293
1,"Allée Joseph Lakanal",92000,92050,Nanterre,5,20,0,"A gauche","Quartier plus populaire",62,52.45,61.51,46,48.897599,2.21254
1,"Allée René Descartes",92000,92050,Nanterre,7,20,0,"A gauche","Quartier plus populaire",62,52.45,61.51,53,48.895663,2.212
1,"Boulevard Emile Zola",92000,92050,Nanterre,20,45,0,"A gauche","Quartier plus populaire",62,52.45,61.51,45,48.894672,2.210192
10,"Allée Lucien Sampaix",92000,92050,Nanterre,6,20,0,"A gauche","Quartier plus populaire",62,52.45,61.51,53,48.896969,2.21068
10,"Allée Pierre Brossolette",92000,92050,Nanterre,3,10,0,"A gauche","Quartier plus populaire",62,52.45,61.51,51,48.895824,2.211396
11,"Allée du Colonel Fabien",92000,92050,Nanterre,16,20,0,"A gauche","Quartier plus populaire",62,52.45,61.51,53,48.896349,2.210134
11,"Allée Jean-Baptiste Lamarck",92000,92050,Nanterre,7,0,0,"A gauche","Quartier plus populaire",62,52.45,61.51,21,48.895421,2.212709
11,"Allée René Descartes",92000,92050,Nanterre,8,12,0,"A gauche","Quartier plus populaire",62,52.45,61.51,49,48.896521,2.212017
12,"Allée Lucien Sampaix",92000,92050,Nanterre,9,20,0,"A gauche","Quartier plus populaire",62,52.45,61.51,53,48.897149,2.210687
12,"Allée Pierre Brossolette",92000,92050,Nanterre,4,10,0,"A gauche","Quartier plus populaire",62,52.45,61.51,51,48.895826,2.211599
13,"Allée René Descartes",92000,92050,Nanterre,10,15,0,"A gauche","Quartier plus populaire",62,52.45,61.51,50,48.896651,2.211997
14,"Boulevard Honoré de Balzac",92000,92050,Nanterre,2,0,0,"A gauche","Revenu moyen",62,52.45,61.51,11,48.896027,2.209194
15,"Allée René Descartes",92000,92050,Nanterre,8,12,0,"A gauche","Quartier plus populaire",62,52.45,61.51,46,48.896852,2.212007
17,"Boulevard Jacques-Germain Soufflot",92000,92050,Nanterre,1,0,0,"A gauche","Quartier plus populaire",62,52.45,61.51,17,48.897404,2.213346
2,"Avenue des Chailliers",92000,92050,Nanterre,22,0,0,"A gauche","Revenu moyen",62,52.45,61.51,13,48.878381,2.207617
2,"Allée Eugène Viollet le Duc",92000,92050,Nanterre,7,15,0,"A gauche","Quartier plus populaire",62,52.45,61.51,50,48.896305,2.213935
2,"Allée Joseph Lakanal",92000,92050,Nanterre,6,20,0,"A gauche","Quartier plus populaire",62,52.45,61.51,46,48.89741,2.21255
2,"Allée Lucien Sampaix",92000,92050,Nanterre,8,13,0,"A gauche","Quartier plus populaire",62,52.45,61.51,53,48.896224,2.210691
2,"Allée Pierre Brossolette",92000,92050,Nanterre,6,9,0,"A gauche","Quartier plus populaire",62,52.45,61.51,50,48.895822,2.210526
22,"Boulevard Honoré de Balzac",92000,92050,Nanterre,14,0,0,"A gauche","Quartier plus populaire",62,52.45,61.51,24,48.894768,2.209728
3,"Allée du Colonel Fabien",92000,92050,Nanterre,10,12,0,"A gauche","Quartier plus populaire",62,52.45,61.51,52,48.895733,2.210136
3,"Allée Eugène Viollet le Duc",92000,92050,Nanterre,8,15,0,"A gauche","Quartier plus populaire",62,52.45,61.51,50,48.896495,2.213925
3,"Rue Jean Allemane",92000,92050,Nanterre,5,6,0,"A gauche","Quartier plus populaire",62,52.45,61.51,27,48.89685,2.187895
3,"Allée Jean-Pierre Timbaud",92000,92050,Nanterre,6,10,0,"A gauche","Quartier plus populaire",62,52.45,61.51,52,48.896648,2.21008
3,"Allée Joseph Lakanal",92000,92050,Nanterre,9,15,0,"A gauche","Quartier plus populaire",62,52.45,61.51,46,48.897223,2.212553
3,"Rue Jean Allemane",92000,92050,Nanterre,5,6,0,"A gauche","Quartier plus populaire",62,52.45,61.51,27,48.89685,2.187895
3,"Allée René Descartes",92000,92050,Nanterre,14,20,0,"A gauche","Quartier plus populaire",62,52.45,61.51,53,48.895839,2.211992
37,"Boulevard Emile Zola",92000,92050,Nanterre,8,16,0,"A gauche","Quartier plus populaire",62,52.45,61.51,53,48.895211,2.211649
39,"Boulevard Emile Zola",92000,92050,Nanterre,9,19,0,"A gauche","Quartier plus populaire",62,52.45,61.51,53,48.89525,2.211905
4,"Rue des Venêts",92000,92050,Nanterre,9,0,0,"A gauche","Revenu moyen",62,52.45,61.51,14,48.890684,2.201396
4,"Allée Eugène Viollet le Duc",92000,92050,Nanterre,9,15,0,"A gauche","Quartier plus populaire",62,52.45,61.51,50,48.896683,2.213921
4,"Rue Jean Allemane",92000,92050,Nanterre,7,0,0,"A gauche","Quartier plus populaire",62,52.45,61.51,16,48.896726,2.188318
4,"Allée Joseph Lakanal",92000,92050,Nanterre,5,15,0,"A gauche","Quartier plus populaire",62,52.45,61.51,46,48.897055,2.212558
4,"Rue Jean Allemane",92000,92050,Nanterre,4,0,0,"A gauche","Quartier plus populaire",62,52.45,61.51,16,48.896726,2.188318
4,"Allée Lucien Sampaix",92000,92050,Nanterre,14,15,0,"A gauche","Quartier plus populaire",62,52.45,61.51,53,48.896413,2.210692
4,"Allée Pierre Brossolette",92000,92050,Nanterre,5,10,0,"A gauche","Quartier plus populaire",62,52.45,61.51,51,48.895828,2.210723
4,"Boulevard Honoré de Balzac",92000,92050,Nanterre,1,0,0,"A gauche","Revenu moyen",62,52.45,61.51,11,48.895687,2.208658
41,"Boulevard Emile Zola",92000,92050,Nanterre,12,22,0,"A gauche","Quartier plus populaire",62,52.45,61.51,50,48.8953,2.212177
5,"Allée du Colonel Fabien",92000,92050,Nanterre,7,15,0,"A gauche","Quartier plus populaire",62,52.45,61.51,53,48.895857,2.210136
5,"Rue Jean Allemane",92000,92050,Nanterre,7,0,0,"A gauche","Quartier plus populaire",62,52.45,61.51,13,48.896954,2.187894
5,"Allée Jean-Pierre Timbaud",92000,92050,Nanterre,10,10,0,"A gauche","Quartier plus populaire",62,52.45,61.51,52,48.896657,2.20989
5,"Allée Joseph Lakanal",92000,92050,Nanterre,7,15,0,"A gauche","Quartier plus populaire",62,52.45,61.51,46,48.896824,2.212551
5,"Allée René Descartes",92000,92050,Nanterre,14,15,0,"A gauche","Quartier plus populaire",62,52.45,61.51,53,48.896034,2.212015
57,"Boulevard Emile Zola",92000,92050,Nanterre,8,0,0,"A gauche","Quartier plus populaire",62,52.45,61.51,21,48.895404,2.213117
6,"Allée Joseph Lakanal",92000,92050,Nanterre,3,15,0,"A gauche","Quartier plus populaire",62,52.45,61.51,49,48.896636,2.212554
6,"Allée Lucien Sampaix",92000,92050,Nanterre,12,15,0,"A gauche","Quartier plus populaire",62,52.45,61.51,53,48.896608,2.210695
6,"Allée Pierre Brossolette",92000,92050,Nanterre,7,10,0,"A gauche","Quartier plus populaire",62,52.45,61.51,51,48.895817,2.210905
7,"Allée du Colonel Fabien",92000,92050,Nanterre,7,12,0,"A gauche","Quartier plus populaire",62,52.45,61.51,52,48.896045,2.210135
7,"Allée Jean-Pierre Timbaud",92000,92050,Nanterre,5,9,0,"A gauche","Quartier plus populaire",62,52.45,61.51,50,48.896653,2.209684
7,"Allée René Descartes",92000,92050,Nanterre,9,12,0,"A gauche","Quartier plus populaire",62,52.45,61.51,50,48.896209,2.211998
8,"Allée Lucien Sampaix",92000,92050,Nanterre,13,15,0,"A gauche","Quartier plus populaire",62,52.45,61.51,53,48.896783,2.21069
8,"Allée Pierre Brossolette",92000,92050,Nanterre,8,10,0,"A gauche","Quartier plus populaire",62,52.45,61.51,52,48.895827,2.211189
9,"Allée du Colonel Fabien",92000,92050,Nanterre,8,19,0,"A gauche","Quartier plus populaire",62,52.45,61.51,53,48.896165,2.210126
9,"Allée René Descartes",92000,92050,Nanterre,11,15,0,"A gauche","Quartier plus populaire",62,52.45,61.51,50,48.896334,2.212003
1,"Rue Anatole France",92000,92050,Nanterre,7,27,0,"Très à gauche","Quartier plus populaire",66,47.85,60.25,54,48.902661,2.20695
11,"Rue Anatole France",92000,92050,Nanterre,25,0,0,"Très à gauche","Quartier plus populaire",66,47.85,60.25,15,48.901596,2.210021
11,"Rue des Amandiers",92000,92050,Nanterre,1,0,0,"Très à gauche","Quartier plus populaire",66,47.85,60.25,14,48.889825,2.202418
13,"Rue Anatole France",92000,92050,Nanterre,22,0,0,"Très à gauche","Quartier plus populaire",66,47.85,60.25,15,48.901713,2.210033
131,"Avenue de la Commune de Paris",92000,92050,Nanterre,8,40,0,"Très à gauche","Quartier plus populaire",66,47.85,60.25,41,48.905207,2.207133
133,"Avenue de la Commune de Paris",92000,92050,Nanterre,6,0,0,"Très à gauche","Quartier plus populaire",66,47.85,60.25,12,48.905421,2.206781
133bis,"Avenue de la Commune de Paris",92000,92050,Nanterre,8,16,0,"Très à gauche","Quartier plus populaire",66,47.85,60.25,41,48.905345,2.206343
133ter,"Avenue de la Commune de Paris",92000,92050,Nanterre,12,24,0,"Très à gauche","Quartier plus populaire",66,47.85,60.25,41,48.905332,2.206083
14,"Rue Anatole France",92000,92050,Nanterre,10,0,0,"Très à gauche","Quartier plus populaire",66,47.85,60.25,14,48.9015,2.209008
15,"Rue Anatole France",92000,92050,Nanterre,16,0,0,"Très à gauche","Quartier plus populaire",66,47.85,60.25,22,48.902125,2.210039
150,"Avenue de la République",92000,92050,Nanterre,1,0,0,"Très à gauche","Quartier plus populaire",66,47.85,60.25,25,48.902511,2.205629
154,"Avenue de la République",92000,92050,Nanterre,3,0,0,"Très à gauche","Quartier plus populaire",66,47.85,60.25,25,48.902786,2.206051
158,"Avenue de la République",92000,92050,Nanterre,8,20,0,"Très à gauche","Quartier plus populaire",66,47.85,60.25,54,48.902901,2.206611
160,"Avenue de la République",92000,92050,Nanterre,10,5,0,"Très à gauche","Quartier plus populaire",66,47.85,60.25,34,48.902938,2.206669
162,"Avenue de la République",92000,92050,Nanterre,1,0,0,"Très à gauche","Quartier plus populaire",66,47.85,60.25,22,48.901983,2.209113
164,"Avenue de la République",92000,92050,Nanterre,3,11,0,"Très à gauche","Quartier plus populaire",66,47.85,60.25,54,48.903033,2.20669
165,"Rue du 1er Mai",92000,92050,Nanterre,1,0,0,"Très à gauche","Quartier plus populaire",66,47.85,60.25,12,48.914149,2.218461
166,"Avenue de la République",92000,92050,Nanterre,3,2,0,"Très à gauche","Quartier plus populaire",66,47.85,60.25,26,48.903317,2.207024
17,"Rue Anatole France",92000,92050,Nanterre,22,0,0,"Très à gauche","Quartier plus populaire",66,47.85,60.25,23,48.902222,2.210038
170,"Avenue de la République",92000,92050,Nanterre,27,45,0,"Très à gauche","Quartier plus populaire",66,47.85,60.25,55,48.90241,2.207471
172,"Avenue de la République",92000,92050,Nanterre,24,46,0,"Très à gauche","Quartier plus populaire",66,47.85,60.25,55,48.902589,2.207474
174,"Avenue de la République",92000,92050,Nanterre,29,40,0,"Très à gauche","Quartier plus populaire",66,47.85,60.25,55,48.902789,2.207471
176,"Avenue de la République",92000,92050,Nanterre,27,46,0,"Très à gauche","Quartier plus populaire",66,47.85,60.25,55,48.902952,2.207462
178,"Avenue de la République",92000,92050,Nanterre,18,46,0,"Très à gauche","Quartier plus populaire",66,47.85,60.25,55,48.903179,2.207466
180,"Avenue de la République",92000,92050,Nanterre,21,46,0,"Très à gauche","Quartier plus populaire",66,47.85,60.25,55,48.903346,2.20746
188,"Avenue de la République",92000,92050,Nanterre,27,80,0,"Très à gauche","Quartier plus populaire",66,47.85,60.25,42,48.904128,2.208777
188bis,"Avenue de la République",92000,92050,Nanterre,20,0,0,"Très à gauche","Quartier plus populaire",66,47.85,60.25,13,48.904054,2.208781
19,"Rue Anatole France",92000,92050,Nanterre,20,0,0,"Très à gauche","Quartier plus populaire",66,47.85,60.25,23,48.902552,2.210024
190,"Avenue de la République",92000,92050,Nanterre,18,70,0,"Très à gauche","Quartier plus populaire",66,47.85,60.25,41,48.903781,2.208772
190bis,"Avenue de la République",92000,92050,Nanterre,15,0,0,"Très à gauche","Quartier plus populaire",66,47.85,60.25,22,48.903664,2.208759
192,"Avenue de la République",92000,92050,Nanterre,20,80,0,"Très à gauche","Quartier plus populaire",66,47.85,60.25,51,48.903395,2.208771
192bis,"Avenue de la République",92000,92050,Nanterre,21,0,0,"Très à gauche","Quartier plus populaire",66,47.85,60.25,23,48.903289,2.208754
194,"Avenue de la République",92000,92050,Nanterre,28,40,0,"Très à gauche","Quartier plus populaire",66,47.85,60.25,52,48.903014,2.208778
200,"Avenue de la République",92000,92050,Nanterre,5,0,0,"Très à gauche","Quartier plus populaire",66,47.85,60.25,12,48.904381,2.210182
21,"Rue Anatole France",92000,92050,Nanterre,26,0,0,"Très à gauche","Quartier plus populaire",66,47.85,60.25,23,48.902642,2.210038
220,"Avenue de la République",92000,92050,Nanterre,2,0,0,"Très à gauche","Quartier plus populaire",66,47.85,60.25,12,48.905152,2.211511
232,"Avenue de la République",92000,92050,Nanterre,1,0,0,"Très à gauche","Quartier plus populaire",66,47.85,60.25,13,48.905988,2.21102
3,"Rue Anatole France",92000,92050,Nanterre,4,36,0,"Très à gauche","Quartier plus populaire",66,47.85,60.25,54,48.902562,2.207107
7,"Rue Anatole France",92000,92050,Nanterre,1,0,0,"Très à gauche","Quartier plus populaire",66,47.85,60.25,14,48.901745,2.209339
1,"Allée de Lorraine",92000,92050,Nanterre,15,27,0,"Très à gauche","Quartier plus populaire",60,47.06,56.37,57,48.899351,2.217708
1,"Rue de Courbevoie",92000,92050,Nanterre,2,0,0,"Très à gauche","Revenu moyen",60,47.06,56.37,14,48.891389,2.200566
1,"Avenue Jenny",92000,92050,Nanterre,1,0,0,"Très à gauche","Quartier plus populaire",60,47.06,56.37,11,48.898721,2.230469
10,"Rue de Courbevoie",92000,92050,Nanterre,13,0,0,"Très à gauche","Revenu moyen",60,47.06,56.37,14,48.891508,2.201206
10,"Avenue Jenny",92000,92050,Nanterre,1,0,0,"Très à gauche","Quartier plus populaire",60,47.06,56.37,11,48.899662,2.23018
101,"Allée de Corse",92000,92050,Nanterre,20,0,0,"Très à gauche","Quartier plus populaire",60,47.06,56.37,12,48.900617,2.214105
101,"Rue Veuve Lacroix",92000,92050,Nanterre,1,0,0,"Très à gauche","Quartier plus populaire",60,47.06,56.37,11,48.902646,2.229541
104,"Allée de Gascogne",92000,92050,Nanterre,12,22,0,"Très à gauche","Quartier plus populaire",60,47.06,56.37,50,48.899629,2.215473
104,"Rue Veuve Lacroix",92000,92050,Nanterre,1,0,0,"Très à gauche","Quartier plus populaire",60,47.06,56.37,11,48.903008,2.228939
106,"Rue Veuve Lacroix",92000,92050,Nanterre,1,0,0,"Très à gauche","Quartier plus populaire",60,47.06,56.37,11,48.903006,2.228807
107,"Rue Veuve Lacroix",92000,92050,Nanterre,1,0,0,"Très à gauche","Quartier plus populaire",60,47.06,56.37,11,48.902763,2.229246
11,"Avenue de Rueil",92000,92050,Nanterre,4,0,0,"Très à gauche","Revenu moyen",60,47.06,56.37,13,48.887873,2.193709
112,"Rue Veuve Lacroix",92000,92050,Nanterre,1,0,0,"Très à gauche","Quartier plus populaire",60,47.06,56.37,11,48.902924,2.228557
12,"Rue de Courbevoie",92000,92050,Nanterre,10,0,0,"Très à gauche","Revenu moyen",60,47.06,56.37,14,48.891577,2.201314
12,"Avenue Jenny",92000,92050,Nanterre,1,0,0,"Très à gauche","Quartier plus populaire",60,47.06,56.37,11,48.899786,2.230263
14,"Allée de Corse",92000,92050,Nanterre,11,0,0,"Très à gauche","Quartier plus populaire",60,47.06,56.37,11,48.901136,2.215026
142,"Allée de Gascogne",92000,92050,Nanterre,20,0,0,"Très à gauche","Quartier plus populaire",60,47.06,56.37,22,48.899632,2.215964
15,"Avenue Jenny",92000,92050,Nanterre,1,0,0,"Très à gauche","Quartier plus populaire",60,47.06,56.37,11,48.89935,2.230078
15,"Place Nelson Mandela",92000,92050,Nanterre,17,52,0,"Très à gauche","Quartier plus populaire",60,47.06,56.37,43,48.898366,2.218498
197,"Terrasse de l'Université",92000,92050,Nanterre,28,0,0,"Très à gauche","Quartier plus populaire",60,47.06,56.37,12,48.898785,2.21643
22,"Rue de Lille",92000,92050,Nanterre,1,0,0,"Très à gauche","Quartier plus populaire",60,47.06,56.37,11,48.89878,2.230254
220,"Allée de Gascogne",92000,92050,Nanterre,19,0,0,"Très à gauche","Quartier plus populaire",60,47.06,56.37,22,48.899431,2.216509
227,"Terrasse de l'Université",92000,92050,Nanterre,33,0,0,"Très à gauche","Quartier plus populaire",60,47.06,56.37,12,48.898686,2.216807
271,"Terrasse de l'Université",92000,92050,Nanterre,27,48,0,"Très à gauche","Quartier plus populaire",60,47.06,56.37,44,48.898546,2.217386
28,"Avenue Jenny",92000,92050,Nanterre,1,0,0,"Très à gauche","Quartier plus populaire",60,47.06,56.37,11,48.899354,2.230474
291,"Boulevard des Provinces Françaises",92000,92050,Nanterre,9,30,0,"Très à gauche","Quartier plus populaire",60,47.06,56.37,40,48.901254,2.215399
299,"Terrasse de l'Université",92000,92050,Nanterre,27,0,0,"Très à gauche","Quartier plus populaire",60,47.06,56.37,15,48.898456,2.217719
3,"Allée de Lorraine",92000,92050,Nanterre,16,27,0,"Très à gauche","Quartier plus populaire",60,47.06,56.37,57,48.899535,2.217694
30,"Avenue Jenny",92000,92050,Nanterre,1,0,0,"Très à gauche","Quartier plus populaire",60,47.06,56.37,11,48.8993,2.230506
307,"Terrasse de l'Université",92000,92050,Nanterre,12,28,0,"Très à gauche","Quartier plus populaire",60,47.06,56.37,43,48.898429,2.217823
315,"Boulevard des Provinces Françaises",92000,92050,Nanterre,10,0,0,"Très à gauche","Quartier plus populaire",60,47.06,56.37,11,48.901317,2.215783
317,"Rue de La Garenne",92000,92050,Nanterre,5,0,0,"Très à gauche","Quartier plus populaire",60,47.06,56.37,11,48.900334,2.228935
32,"Avenue Jenny",92000,92050,Nanterre,1,0,0,"Très à gauche","Quartier plus populaire",60,47.06,56.37,11,48.899237,2.230648
34,"Avenue Jenny",92000,92050,Nanterre,1,0,0,"Très à gauche","Quartier plus populaire",60,47.06,56.37,11,48.899122,2.230574
345,"Rue de La Garenne",92000,92050,Nanterre,1,0,0,"Très à gauche","Quartier plus populaire",60,47.06,56.37,11,48.900508,2.230688
413,"Boulevard des Provinces Françaises",92000,92050,Nanterre,18,34,0,"Très à gauche","Quartier plus populaire",60,47.06,56.37,44,48.901244,2.217123
440,"Boulevard des Provinces Françaises",92000,92050,Nanterre,13,28,0,"Très à gauche","Quartier plus populaire",60,47.06,56.37,44,48.901033,2.217482
449,"Boulevard des Provinces Françaises",92000,92050,Nanterre,22,0,0,"Très à gauche","Quartier plus populaire",60,47.06,56.37,15,48.901309,2.217577
480,"Boulevard des Provinces Françaises",92000,92050,Nanterre,37,12,0,"Très à gauche","Quartier plus populaire",60,47.06,56.37,44,48.901153,2.218068
481,"Boulevard des Provinces Françaises",92000,92050,Nanterre,9,21,0,"Très à gauche","Quartier plus populaire",60,47.06,56.37,43,48.901405,2.217929
79,"Rue Veuve Lacroix",92000,92050,Nanterre,1,0,0,"Très à gauche","Quartier aisé",60,47.06,56.37,11,48.902698,2.230506
8,"Rue de Lille",92000,92050,Nanterre,1,0,0,"Très à gauche","Revenu moyen",60,47.06,56.37,24,48.898987,2.231166
81,"Rue Veuve Lacroix",92000,92050,Nanterre,1,0,0,"Très à gauche","Quartier aisé",60,47.06,56.37,11,48.903076,2.230239
88,"Rue Veuve Lacroix",92000,92050,Nanterre,1,0,0,"Très à gauche","Quartier plus populaire",60,47.06,56.37,11,48.903381,2.229665
9,"Avenue de Rueil",92000,92050,Nanterre,8,0,0,"Très à gauche","Revenu moyen",60,47.06,56.37,13,48.887841,2.193996
9,"Avenue Jenny",92000,92050,Nanterre,1,0,0,"Très à gauche","Quartier plus populaire",60,47.06,56.37,11,48.8991,2.230159
90,"Rue Veuve Lacroix",92000,92050,Nanterre,1,0,0,"Très à gauche","Quartier plus populaire",60,47.06,56.37,11,48.903209,2.229684
93,"Rue Veuve Lacroix",92000,92050,Nanterre,1,0,0,"Très à gauche","Quartier plus populaire",60,47.06,56.37,11,48.902913,2.229751
1,"Rue Lamartine",92000,92050,Nanterre,1,0,0,"Mixte gauche/droite","Quartier plus populaire",55,36.63,53.3,13,48.891053,2.188018
100,"Rue du Vieux-Pont",92000,92050,Nanterre,1,0,0,"Mixte gauche/droite","Quartier plus populaire",55,36.63,53.3,14,48.888792,2.185459
101,"Rue du Vieux-Pont",92000,92050,Nanterre,1,0,0,"Mixte gauche/droite","Revenu moyen",55,36.63,53.3,11,48.888838,2.186032
102,"Rue du Vieux-Pont",92000,92050,Nanterre,1,0,0,"Mixte gauche/droite","Quartier plus populaire",55,36.63,53.3,14,48.888732,2.185409
103,"Rue du Vieux-Pont",92000,92050,Nanterre,1,0,0,"Mixte gauche/droite","Revenu moyen",55,36.63,53.3,11,48.888798,2.185977
104,"Rue du Vieux-Pont",92000,92050,Nanterre,2,0,0,"Mixte gauche/droite","Quartier plus populaire",55,36.63,53.3,14,48.88867,2.185318
105,"Rue du Vieux-Pont",92000,92050,Nanterre,1,0,0,"Mixte gauche/droite","Revenu moyen",55,36.63,53.3,11,48.888689,2.186045
106,"Rue du Vieux-Pont",92000,92050,Nanterre,1,0,0,"Mixte gauche/droite","Quartier plus populaire",55,36.63,53.3,14,48.888587,2.185278
108,"Rue du Vieux-Pont",92000,92050,Nanterre,1,0,0,"Mixte gauche/droite","Quartier plus populaire",55,36.63,53.3,14,48.888535,2.18523
109,"Rue du Vieux-Pont",92000,92050,Nanterre,1,0,0,"Mixte gauche/droite","Revenu moyen",55,36.63,53.3,11,48.888653,2.185786
11,"Rue Boileau",92000,92050,Nanterre,7,10,0,"Mixte gauche/droite","Quartier plus populaire",55,36.63,53.3,38,48.891197,2.18415
11,"Rue Paul Langevin",92000,92050,Nanterre,1,0,0,"Mixte gauche/droite","Quartier plus populaire",55,36.63,53.3,16,48.890568,2.183916
110,"Rue du Vieux-Pont",92000,92050,Nanterre,1,0,0,"Mixte gauche/droite","Quartier plus populaire",55,36.63,53.3,14,48.88847,2.185157
113,"Rue du Vieux-Pont",92000,92050,Nanterre,1,0,0,"Mixte gauche/droite","Quartier plus populaire",55,36.63,53.3,14,48.888608,2.1857
114,"Rue du Vieux-Pont",92000,92050,Nanterre,1,0,0,"Mixte gauche/droite","Quartier plus populaire",55,36.63,53.3,14,48.888417,2.185096
116,"Rue du Vieux-Pont",92000,92050,Nanterre,1,0,0,"Mixte gauche/droite","Quartier plus populaire",55,36.63,53.3,14,48.888338,2.184956
117,"Rue du Vieux-Pont",92000,92050,Nanterre,1,0,0,"Mixte gauche/droite","Quartier plus populaire",55,36.63,53.3,14,48.888496,2.185639
118,"Rue du Vieux-Pont",92000,92050,Nanterre,1,0,0,"Mixte gauche/droite","Quartier plus populaire",55,36.63,53.3,14,48.888235,2.184955
119,"Rue du Vieux-Pont",92000,92050,Nanterre,1,0,0,"Mixte gauche/droite","Quartier plus populaire",55,36.63,53.3,14,48.888418,2.185541
119bis,"Rue du Vieux-Pont",92000,92050,Nanterre,1,0,0,"Mixte gauche/droite","Quartier plus populaire",55,36.63,53.3,14,48.888269,2.185782
12,"Allée Etienne Cabet",92000,92050,Nanterre,5,12,0,"Mixte gauche/droite","Quartier plus populaire",55,36.63,53.3,46,48.889406,2.182787
125,"Rue du Vieux-Pont",92000,92050,Nanterre,1,0,0,"Mixte gauche/droite","Quartier plus populaire",55,36.63,53.3,14,48.888218,2.185215
13,"Allée Etienne Cabet",92000,92050,Nanterre,6,10,0,"Mixte gauche/droite","Quartier plus populaire",55,36.63,53.3,43,48.889533,2.182947
13,"Rue Boileau",92000,92050,Nanterre,5,10,0,"Mixte gauche/droite","Quartier plus populaire",55,36.63,53.3,43,48.890888,2.183289
13,"Rue Lamartine",92000,92050,Nanterre,1,0,0,"Mixte gauche/droite","Quartier plus populaire",55,36.63,53.3,13,48.890903,2.187286
136,"Boulevard National",92000,92050,Nanterre,4,9,0,"Mixte gauche/droite","Quartier plus populaire",55,36.63,53.3,41,48.888828,2.184045
138,"Boulevard National",92000,92050,Nanterre,3,9,0,"Mixte gauche/droite","Quartier plus populaire",55,36.63,53.3,41,48.888826,2.183769
14,"Allée Etienne Cabet",92000,92050,Nanterre,5,10,0,"Mixte gauche/droite","Quartier plus populaire",55,36.63,53.3,43,48.889671,2.183094
14,"Rue Lamartine",92000,92050,Nanterre,1,0,0,"Mixte gauche/droite","Quartier plus populaire",55,36.63,53.3,13,48.891115,2.186928
140,"Boulevard National",92000,92050,Nanterre,6,8,0,"Mixte gauche/droite","Quartier plus populaire",55,36.63,53.3,39,48.888871,2.183502
142,"Boulevard National",92000,92050,Nanterre,5,8,0,"Mixte gauche/droite","Quartier plus populaire",55,36.63,53.3,39,48.88912,2.18306
144,"Boulevard National",92000,92050,Nanterre,3,10,0,"Mixte gauche/droite","Quartier plus populaire",55,36.63,53.3,45,48.889247,2.182781
146,"Boulevard National",92000,92050,Nanterre,8,10,0,"Mixte gauche/droite","Quartier plus populaire",55,36.63,53.3,45,48.889515,2.182273
148,"Boulevard National",92000,92050,Nanterre,5,8,0,"Mixte gauche/droite","Quartier plus populaire",55,36.63,53.3,41,48.889626,2.182054
15,"Allée Etienne Cabet",92000,92050,Nanterre,5,10,0,"Mixte gauche/droite","Quartier plus populaire",55,36.63,53.3,45,48.889786,2.182813
15,"Rue Boileau",92000,92050,Nanterre,6,10,0,"Mixte gauche/droite","Quartier plus populaire",55,36.63,53.3,45,48.890698,2.182633
15,"Rue Lamartine",92000,92050,Nanterre,1,0,0,"Mixte gauche/droite","Quartier plus populaire",55,36.63,53.3,13,48.890889,2.187014
150,"Boulevard National",92000,92050,Nanterre,3,8,0,"Mixte gauche/droite","Quartier plus populaire",55,36.63,53.3,41,48.889845,2.181618
152,"Boulevard National",92000,92050,Nanterre,7,9,0,"Mixte gauche/droite","Quartier plus populaire",55,36.63,53.3,44,48.890002,2.181384
154,"Boulevard National",92000,92050,Nanterre,7,9,0,"Mixte gauche/droite","Quartier plus populaire",55,36.63,53.3,44,48.890213,2.181456
16,"Allée Etienne Cabet",92000,92050,Nanterre,6,10,0,"Mixte gauche/droite","Quartier plus populaire",55,36.63,53.3,45,48.889647,2.182646
16,"Rue Lamartine",92000,92050,Nanterre,1,0,0,"Mixte gauche/droite","Quartier plus populaire",55,36.63,53.3,13,48.891083,2.186727
17,"Allée Etienne Cabet",92000,92050,Nanterre,3,11,0,"Mixte gauche/droite","Quartier plus populaire",55,36.63,53.3,46,48.889522,2.182492
17,"Rue Boileau",92000,92050,Nanterre,8,10,0,"Mixte gauche/droite","Quartier plus populaire",55,36.63,53.3,45,48.890506,2.182039
19,"Rue Boileau",92000,92050,Nanterre,5,10,0,"Mixte gauche/droite","Quartier plus populaire",55,36.63,53.3,45,48.890451,2.181835
19,"Rue Lamartine",92000,92050,Nanterre,1,0,0,"Mixte gauche/droite","Quartier plus populaire",55,36.63,53.3,13,48.890855,2.186889
2,"Rue Eugène Varlin",92000,92050,Nanterre,1,0,0,"Mixte gauche/droite","Quartier plus populaire",55,36.63,53.3,13,48.890986,2.185871
2,"Rue Lamartine",92000,92050,Nanterre,1,0,0,"Mixte gauche/droite","Quartier plus populaire",55,36.63,53.3,13,48.89125,2.188051
20,"Allée François Jourde",92000,92050,Nanterre,6,10,0,"Mixte gauche/droite","Quartier plus populaire",55,36.63,53.3,45,48.889753,2.18205
21,"Allée François Jourde",92000,92050,Nanterre,4,10,0,"Mixte gauche/droite","Quartier plus populaire",55,36.63,53.3,45,48.889897,2.182238
21,"Rue Boileau",92000,92050,Nanterre,4,10,0,"Mixte gauche/droite","Quartier plus populaire",55,36.63,53.3,45,48.890349,2.181562
22,"Allée François Jourde",92000,92050,Nanterre,7,10,0,"Mixte gauche/droite","Quartier plus populaire",55,36.63,53.3,45,48.890038,2.181983
22,"Rue Lamartine",92000,92050,Nanterre,1,0,0,"Mixte gauche/droite","Quartier plus populaire",55,36.63,53.3,13,48.891008,2.186299
23,"Allée François Jourde",92000,92050,Nanterre,5,10,0,"Mixte gauche/droite","Quartier plus populaire",55,36.63,53.3,45,48.88988,2.18181
24,"Rue Lamartine",92000,92050,Nanterre,1,0,0,"Mixte gauche/droite","Quartier plus populaire",55,36.63,53.3,13,48.89089,2.186316
25,"Rue Lamartine",92000,92050,Nanterre,1,0,0,"Mixte gauche/droite","Quartier plus populaire",55,36.63,53.3,13,48.890703,2.186518
28,"Rue Lamartine",92000,92050,Nanterre,1,0,0,"Mixte gauche/droite","Quartier plus populaire",55,36.63,53.3,13,48.890826,2.18615
29,"Rue Lamartine",92000,92050,Nanterre,1,0,0,"Mixte gauche/droite","Quartier plus populaire",55,36.63,53.3,13,48.89059,2.186395
3,"Rue Boileau",92000,92050,Nanterre,50,89,0,"Mixte gauche/droite","Quartier plus populaire",55,36.63,53.3,45,48.891683,2.186103
3,"Rue Paul Langevin",92000,92050,Nanterre,1,0,0,"Mixte gauche/droite","Quartier plus populaire",55,36.63,53.3,16,48.890825,2.18507
30,"Rue du Vieux-Pont",92000,92050,Nanterre,1,0,0,"Mixte gauche/droite","Quartier plus populaire",55,36.63,53.3,13,48.890895,2.187908
30,"Rue Morelly",92000,92050,Nanterre,7,10,0,"Mixte gauche/droite","Quartier plus populaire",55,36.63,53.3,45,48.890376,2.182609
31,"Rue Morelly",92000,92050,Nanterre,3,10,0,"Mixte gauche/droite","Quartier plus populaire",55,36.63,53.3,45,48.890528,2.18249
33,"Allée Fernand Pelloutier",92000,92050,Nanterre,3,10,0,"Mixte gauche/droite","Quartier plus populaire",55,36.63,53.3,43,48.890655,2.182925
33,"Rue Lamartine",92000,92050,Nanterre,1,0,0,"Mixte gauche/droite","Quartier plus populaire",55,36.63,53.3,13,48.890489,2.186293
34,"Allée Fernand Pelloutier",92000,92050,Nanterre,6,10,0,"Mixte gauche/droite","Quartier plus populaire",55,36.63,53.3,43,48.89052,2.183038
35,"Allée Fernand Pelloutier",92000,92050,Nanterre,7,10,0,"Mixte gauche/droite","Quartier plus populaire",55,36.63,53.3,44,48.890608,2.183317
35,"Rue du Vieux-Pont",92000,92050,Nanterre,1,0,0,"Mixte gauche/droite","Quartier plus populaire",55,36.63,53.3,14,48.890927,2.188231
35bis,"Rue Lamartine",92000,92050,Nanterre,1,0,0,"Mixte gauche/droite","Quartier plus populaire",55,36.63,53.3,13,48.890335,2.186119
36,"Allée Fernand Pelloutier",92000,92050,Nanterre,5,10,0,"Mixte gauche/droite","Quartier plus populaire",55,36.63,53.3,43,48.890764,2.1832
36,"Rue du Vieux-Pont",92000,92050,Nanterre,3,0,0,"Mixte gauche/droite","Quartier plus populaire",55,36.63,53.3,13,48.890659,2.187481
37,"Rue du Vieux-Pont",92000,92050,Nanterre,1,0,0,"Mixte gauche/droite","Quartier plus populaire",55,36.63,53.3,13,48.890672,2.188055
38,"Allée Tolain",92000,92050,Nanterre,4,10,0,"Mixte gauche/droite","Quartier plus populaire",55,36.63,53.3,43,48.890881,2.183652
39,"Allée Tolain",92000,92050,Nanterre,6,10,0,"Mixte gauche/droite","Quartier plus populaire",55,36.63,53.3,43,48.890761,2.183749
39,"Rue du Vieux-Pont",92000,92050,Nanterre,1,0,0,"Mixte gauche/droite","Quartier plus populaire",55,36.63,53.3,13,48.890599,2.187878
4,"Rue Eugène Varlin",92000,92050,Nanterre,8,10,0,"Mixte gauche/droite","Quartier plus populaire",55,36.63,53.3,41,48.891038,2.185815
40,"Rue du Vieux-Pont",92000,92050,Nanterre,1,0,0,"Mixte gauche/droite","Quartier plus populaire",55,36.63,53.3,13,48.890521,2.187289
41,"Rue du Vieux-Pont",92000,92050,Nanterre,1,0,0,"Mixte gauche/droite","Quartier plus populaire",55,36.63,53.3,13,48.890492,2.187792
43,"Allée Edouard Vaillant",92000,92050,Nanterre,6,10,0,"Mixte gauche/droite","Quartier plus populaire",55,36.63,53.3,43,48.891157,2.184429
43,"Rue du Vieux-Pont",92000,92050,Nanterre,1,0,0,"Mixte gauche/droite","Quartier plus populaire",55,36.63,53.3,13,48.890438,2.187745
43,"Rue Lamartine",92000,92050,Nanterre,2,0,0,"Mixte gauche/droite","Quartier plus populaire",55,36.63,53.3,13,48.889992,2.185752
44,"Allée Edouard Vaillant",92000,92050,Nanterre,2,10,0,"Mixte gauche/droite","Quartier plus populaire",55,36.63,53.3,43,48.89103,2.184537
44,"Rue du Vieux-Pont",92000,92050,Nanterre,1,0,0,"Mixte gauche/droite","Quartier plus populaire",55,36.63,53.3,13,48.89037,2.187222
45,"Allée Edouard Vaillant",92000,92050,Nanterre,6,10,0,"Mixte gauche/droite","Quartier plus populaire",55,36.63,53.3,43,48.891092,2.184812
45,"Rue du Vieux-Pont",92000,92050,Nanterre,2,1,0,"Mixte gauche/droite","Quartier plus populaire",55,36.63,53.3,13,48.890378,2.187603
45,"Rue Lamartine",92000,92050,Nanterre,1,0,0,"Mixte gauche/droite","Quartier plus populaire",55,36.63,53.3,13,48.889926,2.185678
46,"Allée Edouard Vaillant",92000,92050,Nanterre,6,10,0,"Mixte gauche/droite","Quartier plus populaire",55,36.63,53.3,38,48.891243,2.184691
47,"Rue du Vieux-Pont",92000,92050,Nanterre,2,1,0,"Mixte gauche/droite","Quartier plus populaire",55,36.63,53.3,13,48.890256,2.187917
47,"Rue Lamartine",92000,92050,Nanterre,1,0,0,"Mixte gauche/droite","Quartier plus populaire",55,36.63,53.3,13,48.889748,2.185646
48,"Rue du Vieux-Pont",92000,92050,Nanterre,1,0,0,"Mixte gauche/droite","Quartier plus populaire",55,36.63,53.3,13,48.890241,2.187051
48,"Rue Eugène Varlin",92000,92050,Nanterre,6,10,0,"Mixte gauche/droite","Quartier plus populaire",55,36.63,53.3,38,48.891428,2.185125
49,"Rue du Vieux-Pont",92000,92050,Nanterre,1,1,0,"Mixte gauche/droite","Quartier plus populaire",55,36.63,53.3,13,48.890216,2.188007
49,"Rue Eugène Varlin",92000,92050,Nanterre,4,10,0,"Mixte gauche/droite","Quartier plus populaire",55,36.63,53.3,38,48.891261,2.185251
5,"Rue Boileau",92000,92050,Nanterre,7,10,0,"Mixte gauche/droite","Quartier plus populaire",55,36.63,53.3,42,48.891717,2.185708
50,"Rue du Vieux-Pont",92000,92050,Nanterre,2,0,0,"Mixte gauche/droite","Quartier plus populaire",55,36.63,53.3,13,48.890192,2.186986
51,"Rue du Vieux-Pont",92000,92050,Nanterre,1,1,0,"Mixte gauche/droite","Quartier plus populaire",55,36.63,53.3,13,48.890179,2.18808
51,"Rue Lamartine",92000,92050,Nanterre,2,0,0,"Mixte gauche/droite","Quartier plus populaire",55,36.63,53.3,16,48.889702,2.18547
52,"Rue du Vieux-Pont",92000,92050,Nanterre,1,0,0,"Mixte gauche/droite","Quartier plus populaire",55,36.63,53.3,13,48.890122,2.186911
53,"Rue Lamartine",92000,92050,Nanterre,1,0,0,"Mixte gauche/droite","Quartier plus populaire",55,36.63,53.3,16,48.889604,2.185499
55,"Rue Lamartine",92000,92050,Nanterre,3,0,0,"Mixte gauche/droite","Quartier plus populaire",55,36.63,53.3,16,48.88958,2.185352
57,"Rue Lamartine",92000,92050,Nanterre,1,1,0,"Mixte gauche/droite","Quartier plus populaire",55,36.63,53.3,16,48.88953,2.18532
58,"Rue du Vieux-Pont",92000,92050,Nanterre,1,0,0,"Mixte gauche/droite","Quartier plus populaire",55,36.63,53.3,13,48.889993,2.186889
6,"Allée Auguste Blanqui",92000,92050,Nanterre,2,10,0,"Mixte gauche/droite","Quartier plus populaire",55,36.63,53.3,42,48.889054,2.183457
6,"Rue Eugène Varlin",92000,92050,Nanterre,7,10,0,"Mixte gauche/droite","Quartier plus populaire",55,36.63,53.3,41,48.891162,2.185747
60,"Rue du Vieux-Pont",92000,92050,Nanterre,1,0,0,"Mixte gauche/droite","Quartier plus populaire",55,36.63,53.3,13,48.889962,2.186865
61,"Rue du Vieux-Pont",92000,92050,Nanterre,2,0,0,"Mixte gauche/droite","Quartier plus populaire",55,36.63,53.3,13,48.889825,2.187175
61,"Rue Lamartine",92000,92050,Nanterre,1,0,0,"Mixte gauche/droite","Quartier plus populaire",55,36.63,53.3,14,48.889348,2.185516
63,"Rue du Vieux-Pont",92000,92050,Nanterre,1,0,0,"Mixte gauche/droite","Quartier plus populaire",55,36.63,53.3,13,48.889789,2.187113
63,"Rue Lamartine",92000,92050,Nanterre,2,0,0,"Mixte gauche/droite","Quartier plus populaire",55,36.63,53.3,16,48.889422,2.185171
66,"Rue du Vieux-Pont",92000,92050,Nanterre,1,0,0,"Mixte gauche/droite","Quartier plus populaire",55,36.63,53.3,13,48.889744,2.186558
67,"Rue du Vieux-Pont",92000,92050,Nanterre,2,0,0,"Mixte gauche/droite","Quartier plus populaire",55,36.63,53.3,13,48.889638,2.186845
68,"Rue du Vieux-Pont",92000,92050,Nanterre,1,0,0,"Mixte gauche/droite","Quartier plus populaire",55,36.63,53.3,13,48.889677,2.186437
69,"Rue Lamartine",92000,92050,Nanterre,8,0,0,"Mixte gauche/droite","Quartier plus populaire",55,36.63,53.3,15,48.889149,2.184908
7,"Allée Auguste Blanqui",92000,92050,Nanterre,5,10,0,"Mixte gauche/droite","Quartier plus populaire",55,36.63,53.3,42,48.889187,2.183609
7,"Rue Boileau",92000,92050,Nanterre,10,10,0,"Mixte gauche/droite","Quartier plus populaire",55,36.63,53.3,42,48.891625,2.185453
7,"Rue Lamartine",92000,92050,Nanterre,1,0,0,"Mixte gauche/droite","Quartier plus populaire",55,36.63,53.3,13,48.890985,2.187835
71,"Rue du Vieux-Pont",92000,92050,Nanterre,1,0,0,"Mixte gauche/droite","Revenu moyen",55,36.63,53.3,11,48.889499,2.186771
72,"Rue du Vieux-Pont",92000,92050,Nanterre,1,0,0,"Mixte gauche/droite","Quartier plus populaire",55,36.63,53.3,13,48.889685,2.186042
73,"Rue du Vieux-Pont",92000,92050,Nanterre,1,0,0,"Mixte gauche/droite","Revenu moyen",55,36.63,53.3,11,48.889428,2.18668
74,"Rue du Vieux-Pont",92000,92050,Nanterre,1,0,0,"Mixte gauche/droite","Quartier plus populaire",55,36.63,53.3,13,48.889511,2.186291
76,"Rue Lamartine",92000,92050,Nanterre,7,10,0,"Mixte gauche/droite","Quartier plus populaire",55,36.63,53.3,42,48.889028,2.184361
77,"Rue du Vieux-Pont",92000,92050,Nanterre,1,0,0,"Mixte gauche/droite","Revenu moyen",55,36.63,53.3,11,48.889376,2.186569
78,"Rue du Vieux-Pont",92000,92050,Nanterre,1,0,0,"Mixte gauche/droite","Revenu moyen",55,36.63,53.3,11,48.889363,2.186076
78,"Rue Lamartine",92000,92050,Nanterre,6,10,0,"Mixte gauche/droite","Quartier plus populaire",55,36.63,53.3,42,48.888881,2.184213
79,"Rue du Vieux-Pont",92000,92050,Nanterre,1,0,0,"Mixte gauche/droite","Revenu moyen",55,36.63,53.3,11,48.889274,2.186535
8,"Allée Auguste Blanqui",92000,92050,Nanterre,7,10,0,"Mixte gauche/droite","Quartier plus populaire",55,36.63,53.3,44,48.889303,2.183372
8,"Rue Eugène Varlin",92000,92050,Nanterre,10,11,0,"Mixte gauche/droite","Quartier plus populaire",55,36.63,53.3,43,48.891251,2.185667
81,"Rue du Vieux-Pont",92000,92050,Nanterre,1,0,0,"Mixte gauche/droite","Revenu moyen",55,36.63,53.3,11,48.889251,2.186436
82,"Rue du Vieux-Pont",92000,92050,Nanterre,1,0,0,"Mixte gauche/droite","Revenu moyen",55,36.63,53.3,11,48.88925,2.185955
83,"Rue du Vieux-Pont",92000,92050,Nanterre,1,0,0,"Mixte gauche/droite","Revenu moyen",55,36.63,53.3,11,48.889232,2.186415
84,"Rue du Vieux-Pont",92000,92050,Nanterre,2,0,0,"Mixte gauche/droite","Revenu moyen",55,36.63,53.3,11,48.889181,2.185906
85,"Rue du Vieux-Pont",92000,92050,Nanterre,1,0,0,"Mixte gauche/droite","Revenu moyen",55,36.63,53.3,11,48.889153,2.186335
85,"Rue Lamartine",92000,92050,Nanterre,1,0,0,"Mixte gauche/droite","Quartier plus populaire",55,36.63,53.3,14,48.888706,2.184628
86,"Rue du Vieux-Pont",92000,92050,Nanterre,1,0,0,"Mixte gauche/droite","Revenu moyen",55,36.63,53.3,11,48.889229,2.185684
89,"Rue du Vieux-Pont",92000,92050,Nanterre,1,0,0,"Mixte gauche/droite","Revenu moyen",55,36.63,53.3,11,48.889079,2.186287
9,"Allée Auguste Blanqui",92000,92050,Nanterre,6,10,0,"Mixte gauche/droite","Quartier plus populaire",55,36.63,53.3,42,48.889146,2.183184
9,"Rue Boileau",92000,92050,Nanterre,8,10,0,"Mixte gauche/droite","Quartier plus populaire",55,36.63,53.3,38,48.891423,2.184851
93,"Rue du Vieux-Pont",92000,92050,Nanterre,1,0,0,"Mixte gauche/droite","Revenu moyen",55,36.63,53.3,11,48.889032,2.186235
95,"Rue du Vieux-Pont",92000,92050,Nanterre,1,0,0,"Mixte gauche/droite","Revenu moyen",55,36.63,53.3,11,48.888998,2.186135
96,"Rue du Vieux-Pont",92000,92050,Nanterre,1,0,0,"Mixte gauche/droite","Quartier plus populaire",55,36.63,53.3,14,48.888899,2.185631
97,"Rue du Vieux-Pont",92000,92050,Nanterre,1,0,0,"Mixte gauche/droite","Revenu moyen",55,36.63,53.3,11,48.888893,2.18617
98,"Rue du Vieux-Pont",92000,92050,Nanterre,2,0,0,"Mixte gauche/droite","Quartier plus populaire",55,36.63,53.3,14,48.888868,2.185554
98bis,"Rue du Vieux-Pont",92000,92050,Nanterre,1,0,0,"Mixte gauche/droite","Quartier plus populaire",55,36.63,53.3,14,48.888822,2.185512
1,"Allée Henri Wallon",92000,92050,Nanterre,16,16,0,"Mixte gauche/droite","Quartier plus populaire",44,22.76,39.17,39,48.891598,2.204864
1,"Allée Marie Curie",92000,92050,Nanterre,9,10,0,"Mixte gauche/droite","Quartier plus populaire",44,22.76,39.17,38,48.891003,2.20541
1,"Rue de Courbevoie",92000,92050,Nanterre,1,0,0,"Mixte gauche/droite","Revenu moyen",44,22.76,39.17,11,48.891389,2.200566
1,"Rue des Venêts",92000,92050,Nanterre,29,0,0,"Mixte gauche/droite","Revenu moyen",44,22.76,39.17,12,48.891142,2.201174
1,"Rue du 8 Mai 1945",92000,92050,Nanterre,1,0,0,"Mixte gauche/droite","Quartier aisé",44,22.76,39.17,9,48.890911,2.20195
10,"Rue de Courbevoie",92000,92050,Nanterre,1,0,0,"Mixte gauche/droite","Revenu moyen",44,22.76,39.17,11,48.891508,2.201206
10,"Rue du 8 Mai 1945",92000,92050,Nanterre,1,0,0,"Mixte gauche/droite","Quartier aisé",44,22.76,39.17,9,48.890789,2.202494
101,"Rue du 8 Mai 1945",92000,92050,Nanterre,1,0,0,"Mixte gauche/droite","Quartier plus populaire",44,22.76,39.17,10,48.89262,2.205915
102,"Rue de Courbevoie",92000,92050,Nanterre,1,0,0,"Mixte gauche/droite","Quartier aisé",44,22.76,39.17,8,48.893149,2.205866
103,"Rue du 8 Mai 1945",92000,92050,Nanterre,1,0,0,"Mixte gauche/droite","Quartier plus populaire",44,22.76,39.17,10,48.892618,2.206051
104,"Rue de Courbevoie",92000,92050,Nanterre,1,0,0,"Mixte gauche/droite","Quartier aisé",44,22.76,39.17,8,48.893198,2.205925
106,"Rue de Courbevoie",92000,92050,Nanterre,2,0,0,"Mixte gauche/droite","Quartier aisé",44,22.76,39.17,8,48.893271,2.205929
109,"Rue du 8 Mai 1945",92000,92050,Nanterre,1,0,0,"Mixte gauche/droite","Quartier aisé",44,22.76,39.17,8,48.892691,2.206173
11,"Rue de Courbevoie",92000,92050,Nanterre,1,0,0,"Mixte gauche/droite","Revenu moyen",44,22.76,39.17,11,48.891645,2.201112
11,"Rue des Venêts",92000,92050,Nanterre,1,0,0,"Mixte gauche/droite","Quartier plus populaire",44,22.76,39.17,10,48.890512,2.202417
11,"Rue du 8 Mai 1945",92000,92050,Nanterre,1,0,0,"Mixte gauche/droite","Quartier aisé",44,22.76,39.17,9,48.891001,2.202249
11,"Rue Marcelin Berthelot",92000,92050,Nanterre,2,0,0,"Mixte gauche/droite","Revenu moyen",44,22.76,39.17,10,48.894117,2.203966
111,"Rue de Courbevoie",92000,92050,Nanterre,1,0,0,"Mixte gauche/droite","Quartier aisé",44,22.76,39.17,8,48.893821,2.206863
112,"Rue de Courbevoie",92000,92050,Nanterre,1,0,0,"Mixte gauche/droite","Quartier aisé",44,22.76,39.17,8,48.893363,2.206201
115,"Rue du 8 Mai 1945",92000,92050,Nanterre,1,0,0,"Mixte gauche/droite","Quartier aisé",44,22.76,39.17,8,48.892817,2.206394
116,"Rue de Courbevoie",92000,92050,Nanterre,1,0,0,"Mixte gauche/droite","Quartier aisé",44,22.76,39.17,8,48.893445,2.206451
12,"Rue de Courbevoie",92000,92050,Nanterre,1,0,0,"Mixte gauche/droite","Revenu moyen",44,22.76,39.17,11,48.891577,2.201314
12,"Rue du 8 Mai 1945",92000,92050,Nanterre,1,0,0,"Mixte gauche/droite","Quartier aisé",44,22.76,39.17,9,48.890838,2.202576
121,"Rue du 8 Mai 1945",92000,92050,Nanterre,1,0,0,"Mixte gauche/droite","Quartier aisé",44,22.76,39.17,8,48.892973,2.206625
123,"Rue du 8 Mai 1945",92000,92050,Nanterre,1,0,0,"Mixte gauche/droite","Quartier aisé",44,22.76,39.17,8,48.893004,2.206682
123bis,"Rue du 8 Mai 1945",92000,92050,Nanterre,2,0,0,"Mixte gauche/droite","Quartier aisé",44,22.76,39.17,8,48.892999,2.206773
125,"Rue du 8 Mai 1945",92000,92050,Nanterre,1,0,0,"Mixte gauche/droite","Quartier aisé",44,22.76,39.17,8,48.89302,2.206896
13,"Rue des Venêts",92000,92050,Nanterre,1,0,0,"Mixte gauche/droite","Quartier plus populaire",44,22.76,39.17,10,48.890571,2.20265
13,"Rue du 8 Mai 1945",92000,92050,Nanterre,1,0,0,"Mixte gauche/droite","Quartier aisé",44,22.76,39.17,9,48.891039,2.202336
14,"Rue du 8 Mai 1945",92000,92050,Nanterre,1,0,0,"Mixte gauche/droite","Quartier aisé",44,22.76,39.17,9,48.890923,2.202647
15,"Rue de Courbevoie",92000,92050,Nanterre,1,0,0,"Mixte gauche/droite","Revenu moyen",44,22.76,39.17,11,48.891705,2.201294
15,"Rue des Venêts",92000,92050,Nanterre,1,0,0,"Mixte gauche/droite","Quartier plus populaire",44,22.76,39.17,10,48.890382,2.202564
15,"Rue du 8 Mai 1945",92000,92050,Nanterre,1,0,0,"Mixte gauche/droite","Quartier aisé",44,22.76,39.17,9,48.891089,2.202423
15,"Rue Marcelin Berthelot",92000,92050,Nanterre,1,0,0,"Mixte gauche/droite","Revenu moyen",44,22.76,39.17,10,48.8943,2.203794
15ter,"Rue des Venêts",92000,92050,Nanterre,4,0,0,"Mixte gauche/droite","Quartier plus populaire",44,22.76,39.17,11,48.890548,2.203141
16,"Rue du 8 Mai 1945",92000,92050,Nanterre,1,0,0,"Mixte gauche/droite","Quartier aisé",44,22.76,39.17,9,48.890766,2.202944
160,"Rue de Courbevoie",92000,92050,Nanterre,56,84,0,"Mixte gauche/droite","Quartier plus populaire",44,22.76,39.17,46,48.893778,2.208766
17,"Rue de Courbevoie",92000,92050,Nanterre,1,0,0,"Mixte gauche/droite","Revenu moyen",44,22.76,39.17,11,48.891818,2.201154
17,"Rue des Venêts",92000,92050,Nanterre,7,0,0,"Mixte gauche/droite","Quartier plus populaire",44,22.76,39.17,11,48.890404,2.202918
17,"Rue du 8 Mai 1945",92000,92050,Nanterre,1,0,0,"Mixte gauche/droite","Quartier aisé",44,22.76,39.17,9,48.891124,2.202509
18,"Rue de Courbevoie",92000,92050,Nanterre,1,0,0,"Mixte gauche/droite","Revenu moyen",44,22.76,39.17,11,48.891719,2.20165
18,"Rue du 8 Mai 1945",92000,92050,Nanterre,1,0,0,"Mixte gauche/droite","Quartier aisé",44,22.76,39.17,9,48.890943,2.202751
184,"Rue de Courbevoie",92000,92050,Nanterre,1,0,0,"Mixte gauche/droite","Quartier plus populaire",44,22.76,39.17,12,48.894376,2.209791
188,"Rue de Courbevoie",92000,92050,Nanterre,36,0,0,"Mixte gauche/droite","Quartier plus populaire",44,22.76,39.17,14,48.894237,2.210237
19,"Rue des Venêts",92000,92050,Nanterre,1,0,0,"Mixte gauche/droite","Quartier plus populaire",44,22.76,39.17,10,48.889973,2.203397
19,"Rue du 8 Mai 1945",92000,92050,Nanterre,1,0,0,"Mixte gauche/droite","Quartier aisé",44,22.76,39.17,9,48.891145,2.202584
20,"Rue de Courbevoie",92000,92050,Nanterre,1,0,0,"Mixte gauche/droite","Revenu moyen",44,22.76,39.17,11,48.891665,2.201522
20,"Rue des Amandiers",92000,92050,Nanterre,1,0,0,"Mixte gauche/droite","Quartier plus populaire",44,22.76,39.17,10,48.890059,2.203589
20,"Rue du 8 Mai 1945",92000,92050,Nanterre,1,0,0,"Mixte gauche/droite","Quartier aisé",44,22.76,39.17,9,48.89099,2.202888
21,"Rue de Courbevoie",92000,92050,Nanterre,1,0,0,"Mixte gauche/droite","Revenu moyen",44,22.76,39.17,11,48.891843,2.201475
21,"Rue des Venêts",92000,92050,Nanterre,1,0,0,"Mixte gauche/droite","Quartier plus populaire",44,22.76,39.17,10,48.889689,2.20381
21,"Rue du 8 Mai 1945",92000,92050,Nanterre,1,0,0,"Mixte gauche/droite","Quartier aisé",44,22.76,39.17,9,48.891191,2.202678
21,"Rue Marcelin Berthelot",92000,92050,Nanterre,1,0,0,"Mixte gauche/droite","Quartier aisé",44,22.76,39.17,9,48.894374,2.204217
22,"Rue du 8 Mai 1945",92000,92050,Nanterre,1,0,0,"Mixte gauche/droite","Quartier aisé",44,22.76,39.17,9,48.891058,2.202933
23,"Rue de Courbevoie",92000,92050,Nanterre,1,0,0,"Mixte gauche/droite","Revenu moyen",44,22.76,39.17,11,48.891878,2.201637
23,"Rue des Venêts",92000,92050,Nanterre,1,0,0,"Mixte gauche/droite","Quartier plus populaire",44,22.76,39.17,10,48.889684,2.203926
24,"Rue du 8 Mai 1945",92000,92050,Nanterre,1,0,0,"Mixte gauche/droite","Quartier aisé",44,22.76,39.17,9,48.891086,2.203155
25,"Rue de Courbevoie",92000,92050,Nanterre,1,0,0,"Mixte gauche/droite","Quartier aisé",44,22.76,39.17,9,48.892042,2.201709
25,"Rue des Venêts",92000,92050,Nanterre,1,0,0,"Mixte gauche/droite","Quartier plus populaire",44,22.76,39.17,10,48.889492,2.204143
25,"Rue du 8 Mai 1945",92000,92050,Nanterre,2,0,0,"Mixte gauche/droite","Quartier aisé",44,22.76,39.17,9,48.891292,2.202898
25,"Rue Marcelin Berthelot",92000,92050,Nanterre,1,0,0,"Mixte gauche/droite","Quartier aisé",44,22.76,39.17,8,48.894649,2.203921
26,"Rue du 8 Mai 1945",92000,92050,Nanterre,1,0,0,"Mixte gauche/droite","Quartier aisé",44,22.76,39.17,9,48.891075,2.203333
27,"Rue de Courbevoie",92000,92050,Nanterre,1,0,0,"Mixte gauche/droite","Quartier aisé",44,22.76,39.17,9,48.892053,2.201857
27,"Rue du 8 Mai 1945",92000,92050,Nanterre,1,0,0,"Mixte gauche/droite","Quartier aisé",44,22.76,39.17,9,48.891343,2.203034
27,"Rue Marcelin Berthelot",92000,92050,Nanterre,1,0,0,"Mixte gauche/droite","Quartier aisé",44,22.76,39.17,9,48.894409,2.204424
27,"Rue Victor Hugo",92000,92050,Nanterre,1,0,0,"Mixte gauche/droite","Revenu moyen",44,22.76,39.17,10,48.893907,2.202373
28,"Rue de Courbevoie",92000,92050,Nanterre,1,0,0,"Mixte gauche/droite","Quartier aisé",44,22.76,39.17,9,48.891843,2.202218
28,"Rue du 8 Mai 1945",92000,92050,Nanterre,1,0,0,"Mixte gauche/droite","Quartier aisé",44,22.76,39.17,9,48.891116,2.203396
29,"Rue de Courbevoie",92000,92050,Nanterre,1,0,0,"Mixte gauche/droite","Quartier aisé",44,22.76,39.17,9,48.892109,2.202011
29,"Rue du 8 Mai 1945",92000,92050,Nanterre,1,0,0,"Mixte gauche/droite","Quartier aisé",44,22.76,39.17,9,48.891397,2.203117
29,"Rue Marcelin Berthelot",92000,92050,Nanterre,1,0,0,"Mixte gauche/droite","Quartier aisé",44,22.76,39.17,9,48.8945,2.204443
3,"Allée Henri Wallon",92000,92050,Nanterre,16,16,0,"Mixte gauche/droite","Quartier plus populaire",44,22.76,39.17,39,48.891512,2.204986
3,"Allée Marie Curie",92000,92050,Nanterre,8,10,0,"Mixte gauche/droite","Quartier plus populaire",44,22.76,39.17,38,48.891106,2.205589
3,"Rue de Courbevoie",92000,92050,Nanterre,1,0,0,"Mixte gauche/droite","Revenu moyen",44,22.76,39.17,11,48.891474,2.200664
3,"Rue du 19 Mars 1962",92000,92050,Nanterre,1,0,0,"Mixte gauche/droite","Quartier aisé",44,22.76,39.17,8,48.89293,2.205093
3,"Rue Marcelin Berthelot",92000,92050,Nanterre,8,0,0,"Mixte gauche/droite","Revenu moyen",44,22.76,39.17,11,48.893766,2.203435
30,"Rue de Courbevoie",92000,92050,Nanterre,3,0,0,"Mixte gauche/droite","Quartier aisé",44,22.76,39.17,9,48.891759,2.202503
30,"Rue Marcelin Berthelot",92000,92050,Nanterre,1,0,0,"Mixte gauche/droite","Quartier aisé",44,22.76,39.17,8,48.894208,2.204699
31,"Rue de Courbevoie",92000,92050,Nanterre,1,0,0,"Mixte gauche/droite","Quartier aisé",44,22.76,39.17,9,48.892136,2.202112
31,"Rue du 8 Mai 1945",92000,92050,Nanterre,2,0,0,"Mixte gauche/droite","Quartier aisé",44,22.76,39.17,9,48.891433,2.203254
31,"Rue Marcelin Berthelot",92000,92050,Nanterre,1,0,0,"Mixte gauche/droite","Quartier aisé",44,22.76,39.17,9,48.894467,2.204603
32,"Rue de Courbevoie",92000,92050,Nanterre,1,0,0,"Mixte gauche/droite","Quartier aisé",44,22.76,39.17,9,48.891794,2.202574
32,"Rue du 8 Mai 1945",92000,92050,Nanterre,1,0,0,"Mixte gauche/droite","Quartier aisé",44,22.76,39.17,9,48.891218,2.203543
32bis,"Rue Victor Hugo",92000,92050,Nanterre,1,0,0,"Mixte gauche/droite","Revenu moyen",44,22.76,39.17,10,48.8937,2.202284
32ter,"Rue Victor Hugo",92000,92050,Nanterre,1,0,0,"Mixte gauche/droite","Revenu moyen",44,22.76,39.17,10,48.89365,2.202389
33,"Rue de Courbevoie",92000,92050,Nanterre,1,0,0,"Mixte gauche/droite","Quartier aisé",44,22.76,39.17,9,48.892161,2.202217
33,"Rue du 8 Mai 1945",92000,92050,Nanterre,1,0,0,"Mixte gauche/droite","Quartier aisé",44,22.76,39.17,9,48.891477,2.203392
33,"Rue Marcelin Berthelot",92000,92050,Nanterre,1,0,0,"Mixte gauche/droite","Quartier aisé",44,22.76,39.17,9,48.894533,2.20473
33,"Rue Victor Hugo",92000,92050,Nanterre,1,0,0,"Mixte gauche/droite","Revenu moyen",44,22.76,39.17,10,48.893823,2.202765
34,"Rue de Courbevoie",92000,92050,Nanterre,1,0,0,"Mixte gauche/droite","Quartier aisé",44,22.76,39.17,9,48.891909,2.20254
34,"Rue du 8 Mai 1945",92000,92050,Nanterre,1,0,0,"Mixte gauche/droite","Quartier aisé",44,22.76,39.17,9,48.891204,2.203933
34,"Rue Victor Hugo",92000,92050,Nanterre,1,0,0,"Mixte gauche/droite","Revenu moyen",44,22.76,39.17,10,48.893598,2.202506
35,"Rue du 8 Mai 1945",92000,92050,Nanterre,1,0,0,"Mixte gauche/droite","Quartier aisé",44,22.76,39.17,9,48.891511,2.203468
35,"Rue Marcelin Berthelot",92000,92050,Nanterre,1,0,0,"Mixte gauche/droite","Quartier aisé",44,22.76,39.17,9,48.894684,2.204699
35,"Rue Victor Hugo",92000,92050,Nanterre,1,0,0,"Mixte gauche/droite","Revenu moyen",44,22.76,39.17,10,48.89375,2.202823
36,"Rue de Courbevoie",92000,92050,Nanterre,1,0,0,"Mixte gauche/droite","Quartier aisé",44,22.76,39.17,9,48.89195,2.202594
36,"Rue Victor Hugo",92000,92050,Nanterre,1,0,0,"Mixte gauche/droite","Revenu moyen",44,22.76,39.17,10,48.893562,2.202641
37,"Rue de Courbevoie",92000,92050,Nanterre,1,0,0,"Mixte gauche/droite","Quartier aisé",44,22.76,39.17,9,48.892269,2.202427
37,"Rue du 8 Mai 1945",92000,92050,Nanterre,1,0,0,"Mixte gauche/droite","Quartier aisé",44,22.76,39.17,9,48.891523,2.203683
37,"Rue Marcelin Berthelot",92000,92050,Nanterre,1,0,0,"Mixte gauche/droite","Quartier aisé",44,22.76,39.17,9,48.894726,2.20478
37,"Rue Victor Hugo",92000,92050,Nanterre,1,0,0,"Mixte gauche/droite","Revenu moyen",44,22.76,39.17,10,48.893734,2.202921
38,"Rue de Courbevoie",92000,92050,Nanterre,1,0,0,"Mixte gauche/droite","Quartier aisé",44,22.76,39.17,9,48.891905,2.202859
38,"Rue Victor Hugo",92000,92050,Nanterre,1,0,0,"Mixte gauche/droite","Revenu moyen",44,22.76,39.17,10,48.893523,2.202896
39,"Rue de Courbevoie",92000,92050,Nanterre,1,0,0,"Mixte gauche/droite","Quartier aisé",44,22.76,39.17,9,48.892328,2.202532
39,"Rue Marcelin Berthelot",92000,92050,Nanterre,1,0,0,"Mixte gauche/droite","Quartier aisé",44,22.76,39.17,9,48.894796,2.204849
39,"Rue Victor Hugo",92000,92050,Nanterre,1,0,0,"Mixte gauche/droite","Revenu moyen",44,22.76,39.17,10,48.893677,2.203095
40,"Rue de Courbevoie",92000,92050,Nanterre,1,0,0,"Mixte gauche/droite","Quartier aisé",44,22.76,39.17,9,48.892092,2.202644
41,"Rue de Courbevoie",92000,92050,Nanterre,1,0,0,"Mixte gauche/droite","Quartier aisé",44,22.76,39.17,9,48.892423,2.202706
41,"Rue du 8 Mai 1945",92000,92050,Nanterre,1,0,0,"Mixte gauche/droite","Quartier aisé",44,22.76,39.17,9,48.891773,2.203468
41,"Rue Marcelin Berthelot",92000,92050,Nanterre,1,0,0,"Mixte gauche/droite","Quartier aisé",44,22.76,39.17,9,48.89483,2.204912
41,"Rue Victor Hugo",92000,92050,Nanterre,1,0,0,"Mixte gauche/droite","Revenu moyen",44,22.76,39.17,10,48.893626,2.203267
42,"Rue de Courbevoie",92000,92050,Nanterre,1,0,0,"Mixte gauche/droite","Quartier aisé",44,22.76,39.17,9,48.892077,2.20277
43,"Rue des Amandiers",92000,92050,Nanterre,1,0,0,"Mixte gauche/droite","Quartier aisé",44,22.76,39.17,9,48.890797,2.203844
43,"Rue Marcelin Berthelot",92000,92050,Nanterre,1,0,0,"Mixte gauche/droite","Quartier aisé",44,22.76,39.17,9,48.89489,2.205007
44,"Rue de Courbevoie",92000,92050,Nanterre,1,0,0,"Mixte gauche/droite","Quartier aisé",44,22.76,39.17,9,48.892051,2.202917
44,"Rue Victor Hugo",92000,92050,Nanterre,2,0,0,"Mixte gauche/droite","Revenu moyen",44,22.76,39.17,10,48.893422,2.203212
44bis,"Rue Victor Hugo",92000,92050,Nanterre,1,0,0,"Mixte gauche/droite","Revenu moyen",44,22.76,39.17,10,48.893079,2.202882
44quater,"Rue Victor Hugo",92000,92050,Nanterre,1,0,0,"Mixte gauche/droite","Revenu moyen",44,22.76,39.17,10,48.893329,2.203294
44ter,"Rue Victor Hugo",92000,92050,Nanterre,1,0,0,"Mixte gauche/droite","Revenu moyen",44,22.76,39.17,10,48.892946,2.203007
45,"Rue du 8 Mai 1945",92000,92050,Nanterre,1,0,0,"Mixte gauche/droite","Quartier aisé",44,22.76,39.17,9,48.891648,2.203838
46,"Rue de Courbevoie",92000,92050,Nanterre,1,0,0,"Mixte gauche/droite","Quartier aisé",44,22.76,39.17,9,48.892095,2.202981
46,"Rue Victor Hugo",92000,92050,Nanterre,1,0,0,"Mixte gauche/droite","Revenu moyen",44,22.76,39.17,10,48.893261,2.203518
47,"Rue du 8 Mai 1945",92000,92050,Nanterre,1,0,0,"Mixte gauche/droite","Quartier aisé",44,22.76,39.17,9,48.891585,2.204085
47,"Rue Marcelin Berthelot",92000,92050,Nanterre,1,0,0,"Mixte gauche/droite","Quartier aisé",44,22.76,39.17,9,48.895033,2.20507
48,"Rue de Courbevoie",92000,92050,Nanterre,1,0,0,"Mixte gauche/droite","Quartier aisé",44,22.76,39.17,9,48.892142,2.203101
48,"Rue Victor Hugo",92000,92050,Nanterre,1,0,0,"Mixte gauche/droite","Revenu moyen",44,22.76,39.17,10,48.893208,2.203572
49,"Rue des Amandiers",92000,92050,Nanterre,1,0,0,"Mixte gauche/droite","Quartier aisé",44,22.76,39.17,9,48.890771,2.204229
5,"Allée Henri Wallon",92000,92050,Nanterre,12,15,0,"Mixte gauche/droite","Quartier plus populaire",44,22.76,39.17,39,48.891379,2.205142
5,"Allée Marie Curie",92000,92050,Nanterre,9,10,0,"Mixte gauche/droite","Quartier plus populaire",44,22.76,39.17,38,48.891207,2.205764
5,"Rue de Courbevoie",92000,92050,Nanterre,1,0,0,"Mixte gauche/droite","Revenu moyen",44,22.76,39.17,11,48.891518,2.200733
5,"Rue des Venêts",92000,92050,Nanterre,1,0,0,"Mixte gauche/droite","Revenu moyen",44,22.76,39.17,11,48.89089,2.201687
50,"Rue de Courbevoie",92000,92050,Nanterre,1,0,0,"Mixte gauche/droite","Quartier aisé",44,22.76,39.17,9,48.892205,2.203203
50,"Rue Victor Hugo",92000,92050,Nanterre,1,0,0,"Mixte gauche/droite","Revenu moyen",44,22.76,39.17,10,48.893122,2.203999
51,"Rue de Courbevoie",92000,92050,Nanterre,1,0,0,"Mixte gauche/droite","Revenu moyen",44,22.76,39.17,10,48.892812,2.203166
51,"Rue Marcelin Berthelot",92000,92050,Nanterre,1,0,0,"Mixte gauche/droite","Quartier aisé",44,22.76,39.17,9,48.8951,2.205195
51bis,"Rue Marcelin Berthelot",92000,92050,Nanterre,1,0,0,"Mixte gauche/droite","Quartier aisé",44,22.76,39.17,9,48.895107,2.205447
52,"Rue de Courbevoie",92000,92050,Nanterre,3,0,0,"Mixte gauche/droite","Quartier aisé",44,22.76,39.17,9,48.89227,2.203408
53,"Rue de Courbevoie",92000,92050,Nanterre,2,0,0,"Mixte gauche/droite","Revenu moyen",44,22.76,39.17,10,48.892683,2.20339
55,"Rue de Courbevoie",92000,92050,Nanterre,1,0,0,"Mixte gauche/droite","Revenu moyen",44,22.76,39.17,10,48.892743,2.203551
55,"Rue du 8 Mai 1945",92000,92050,Nanterre,1,0,0,"Mixte gauche/droite","Quartier aisé",44,22.76,39.17,9,48.891701,2.204308
55,"Rue Marcelin Berthelot",92000,92050,Nanterre,1,0,0,"Mixte gauche/droite","Quartier aisé",44,22.76,39.17,9,48.895202,2.205561
56,"Rue de Courbevoie",92000,92050,Nanterre,1,0,0,"Mixte gauche/droite","Quartier aisé",44,22.76,39.17,9,48.89237,2.203496
57,"Rue de Courbevoie",92000,92050,Nanterre,1,0,0,"Mixte gauche/droite","Revenu moyen",44,22.76,39.17,10,48.892752,2.203692
57,"Rue des Amandiers",92000,92050,Nanterre,1,0,0,"Mixte gauche/droite","Quartier aisé",44,22.76,39.17,9,48.890958,2.204528
57,"Rue du 8 Mai 1945",92000,92050,Nanterre,1,0,0,"Mixte gauche/droite","Quartier aisé",44,22.76,39.17,9,48.891767,2.204362
57,"Rue Marcelin Berthelot",92000,92050,Nanterre,1,0,0,"Mixte gauche/droite","Quartier aisé",44,22.76,39.17,9,48.895257,2.205654
58,"Rue de Courbevoie",92000,92050,Nanterre,11,0,0,"Mixte gauche/droite","Quartier aisé",44,22.76,39.17,9,48.892306,2.203768
59,"Rue de Courbevoie",92000,92050,Nanterre,1,0,0,"Mixte gauche/droite","Revenu moyen",44,22.76,39.17,10,48.892801,2.20378
59,"Rue du 8 Mai 1945",92000,92050,Nanterre,1,0,0,"Mixte gauche/droite","Quartier plus populaire",44,22.76,39.17,10,48.891768,2.204499
61,"Rue de Courbevoie",92000,92050,Nanterre,1,0,0,"Mixte gauche/droite","Revenu moyen",44,22.76,39.17,10,48.892821,2.203925
63,"Rue de Courbevoie",92000,92050,Nanterre,1,0,0,"Mixte gauche/droite","Revenu moyen",44,22.76,39.17,10,48.893003,2.203928
63,"Rue du 8 Mai 1945",92000,92050,Nanterre,1,0,0,"Mixte gauche/droite","Quartier plus populaire",44,22.76,39.17,10,48.891866,2.204604
64,"Rue de Courbevoie",92000,92050,Nanterre,1,0,0,"Mixte gauche/droite","Quartier aisé",44,22.76,39.17,9,48.892511,2.20383
65,"Rue du 8 Mai 1945",92000,92050,Nanterre,1,0,0,"Mixte gauche/droite","Quartier plus populaire",44,22.76,39.17,10,48.89188,2.204677
66,"Rue de Courbevoie",92000,92050,Nanterre,1,0,0,"Mixte gauche/droite","Revenu moyen",44,22.76,39.17,10,48.892579,2.203917
68,"Rue de Courbevoie",92000,92050,Nanterre,1,0,0,"Mixte gauche/droite","Revenu moyen",44,22.76,39.17,10,48.892619,2.203951
68,"Rue des Amandiers",92000,92050,Nanterre,1,0,0,"Mixte gauche/droite","Quartier plus populaire",44,22.76,39.17,10,48.891125,2.204742
69,"Rue du 8 Mai 1945",92000,92050,Nanterre,1,0,0,"Mixte gauche/droite","Quartier plus populaire",44,22.76,39.17,10,48.892005,2.204659
7,"Allée Marie Curie",92000,92050,Nanterre,8,10,0,"Mixte gauche/droite","Quartier plus populaire",44,22.76,39.17,38,48.891309,2.205941
7,"Rue du 19 Mars 1962",92000,92050,Nanterre,1,0,0,"Mixte gauche/droite","Quartier aisé",44,22.76,39.17,8,48.892799,2.205217
7,"Rue Marcelin Berthelot",92000,92050,Nanterre,1,0,0,"Mixte gauche/droite","Revenu moyen",44,22.76,39.17,10,48.893892,2.203708
7bis,"Rue Marcelin Berthelot",92000,92050,Nanterre,14,0,0,"Mixte gauche/droite","Revenu moyen",44,22.76,39.17,11,48.894051,2.203534
70,"Rue de Courbevoie",92000,92050,Nanterre,1,0,0,"Mixte gauche/droite","Revenu moyen",44,22.76,39.17,10,48.892658,2.203989
71,"Rue du 8 Mai 1945",92000,92050,Nanterre,1,0,0,"Mixte gauche/droite","Quartier plus populaire",44,22.76,39.17,10,48.891948,2.204838
71,"Rue Marcelin Berthelot",92000,92050,Nanterre,1,0,0,"Mixte gauche/droite","Quartier aisé",44,22.76,39.17,9,48.896015,2.205912
71bis,"Rue Marcelin Berthelot",92000,92050,Nanterre,1,0,0,"Mixte gauche/droite","Quartier aisé",44,22.76,39.17,9,48.895883,2.206064
72,"Rue des Amandiers",92000,92050,Nanterre,1,0,0,"Mixte gauche/droite","Quartier plus populaire",44,22.76,39.17,10,48.891241,2.20468
74,"Rue des Amandiers",92000,92050,Nanterre,1,0,0,"Mixte gauche/droite","Quartier aisé",44,22.76,39.17,9,48.891263,2.204534
75,"Rue du 8 Mai 1945",92000,92050,Nanterre,1,0,0,"Mixte gauche/droite","Quartier plus populaire",44,22.76,39.17,10,48.892046,2.204981
76,"Rue des Amandiers",92000,92050,Nanterre,1,0,0,"Mixte gauche/droite","Quartier aisé",44,22.76,39.17,9,48.891324,2.204473
77,"Rue Marcelin Berthelot",92000,92050,Nanterre,1,0,0,"Mixte gauche/droite","Revenu moyen",44,22.76,39.17,8,48.895695,2.206626
79,"Rue de Courbevoie",92000,92050,Nanterre,1,0,0,"Mixte gauche/droite","Quartier aisé",44,22.76,39.17,8,48.893312,2.205175
7bis,"Rue des Venêts",92000,92050,Nanterre,1,0,0,"Mixte gauche/droite","Quartier aisé",44,22.76,39.17,9,48.890685,2.202218
8,"Rue du 8 Mai 1945",92000,92050,Nanterre,1,0,0,"Mixte gauche/droite","Quartier aisé",44,22.76,39.17,9,48.89075,2.202266
81,"Rue du 8 Mai 1945",92000,92050,Nanterre,1,0,0,"Mixte gauche/droite","Quartier plus populaire",44,22.76,39.17,10,48.892213,2.205174
83,"Rue de Courbevoie",92000,92050,Nanterre,1,0,0,"Mixte gauche/droite","Quartier aisé",44,22.76,39.17,8,48.893356,2.205352
87,"Rue Marcelin Berthelot",92000,92050,Nanterre,1,0,0,"Mixte gauche/droite","Revenu moyen",44,22.76,39.17,8,48.895897,2.207356
88,"Rue du 8 Mai 1945",92000,92050,Nanterre,5,0,0,"Mixte gauche/droite","Quartier plus populaire",44,22.76,39.17,10,48.892153,2.20612
89,"Rue Marcelin Berthelot",92000,92050,Nanterre,1,0,0,"Mixte gauche/droite","Revenu moyen",44,22.76,39.17,8,48.896029,2.20761
9,"Allée Marie Curie",92000,92050,Nanterre,8,10,0,"Mixte gauche/droite","Quartier plus populaire",44,22.76,39.17,38,48.891409,2.206125
9,"Rue des Venêts",92000,92050,Nanterre,1,0,0,"Mixte gauche/droite","Quartier plus populaire",44,22.76,39.17,10,48.890576,2.202275
9,"Rue du 8 Mai 1945",92000,92050,Nanterre,1,0,0,"Mixte gauche/droite","Quartier aisé",44,22.76,39.17,9,48.890951,2.202164
9,"Rue Marcelin Berthelot",92000,92050,Nanterre,1,0,0,"Mixte gauche/droite","Revenu moyen",44,22.76,39.17,10,48.894048,2.203898
90,"Rue de Courbevoie",92000,92050,Nanterre,1,0,0,"Mixte gauche/droite","Quartier aisé",44,22.76,39.17,8,48.893043,2.205206
93,"Rue du 8 Mai 1945",92000,92050,Nanterre,1,0,0,"Mixte gauche/droite","Quartier plus populaire",44,22.76,39.17,10,48.892474,2.205741
93,"Rue Marcelin Berthelot",92000,92050,Nanterre,1,0,0,"Mixte gauche/droite","Revenu moyen",44,22.76,39.17,8,48.896125,2.207473
97,"Rue du 8 Mai 1945",92000,92050,Nanterre,1,0,0,"Mixte gauche/droite","Quartier aisé",44,22.76,39.17,8,48.892738,2.205661
9bis,"Rue des Venêts",92000,92050,Nanterre,1,0,0,"Mixte gauche/droite","Quartier plus populaire",44,22.76,39.17,10,48.890545,2.20235
1,"Rue des Goulvents",92000,92050,Nanterre,1,0,0,"Mixte gauche/droite","Quartier plus populaire",47,31.23,42.64,12,48.890033,2.190528
1,"Rue Jules Guesde",92000,92050,Nanterre,10,20,0,"Mixte gauche/droite","Quartier plus populaire",47,31.23,42.64,41,48.890077,2.187425
10,"Rue des Goulvents",92000,92050,Nanterre,1,0,0,"Mixte gauche/droite","Quartier plus populaire",47,31.23,42.64,11,48.889056,2.189011
10,"Rue du Mans",92000,92050,Nanterre,1,0,0,"Mixte gauche/droite","Quartier plus populaire",47,31.23,42.64,13,48.887966,2.185695
104,"Rue Raymond Poincaré",92000,92050,Nanterre,1,0,0,"Mixte gauche/droite","Quartier plus populaire",47,31.23,42.64,11,48.889678,2.187149
105,"Rue Raymond Poincaré",92000,92050,Nanterre,1,0,0,"Mixte gauche/droite","Quartier plus populaire",47,31.23,42.64,11,48.889906,2.186309
108,"Rue Raymond Poincaré",92000,92050,Nanterre,1,0,0,"Mixte gauche/droite","Quartier plus populaire",47,31.23,42.64,11,48.889767,2.186969
11,"Rue des Goulvents",92000,92050,Nanterre,1,0,0,"Mixte gauche/droite","Quartier plus populaire",47,31.23,42.64,11,48.889322,2.189745
11,"Rue Thomas Lemaître",92000,92050,Nanterre,1,0,0,"Mixte gauche/droite","Revenu moyen",47,31.23,42.64,12,48.889024,2.192896
111,"Rue Raymond Poincaré",92000,92050,Nanterre,1,0,0,"Mixte gauche/droite","Quartier plus populaire",47,31.23,42.64,11,48.89008,2.185901
114,"Rue Raymond Poincaré",92000,92050,Nanterre,1,0,0,"Mixte gauche/droite","Quartier plus populaire",47,31.23,42.64,11,48.890001,2.186505
116,"Rue Jean Jaurès",92000,92050,Nanterre,14,17,0,"Mixte gauche/droite","Quartier plus populaire",47,31.23,42.64,42,48.8911,2.189897
116,"Rue Raymond Poincaré",92000,92050,Nanterre,1,0,0,"Mixte gauche/droite","Quartier plus populaire",47,31.23,42.64,11,48.890024,2.186453
118,"Rue Raymond Poincaré",92000,92050,Nanterre,1,0,0,"Mixte gauche/droite","Quartier plus populaire",47,31.23,42.64,11,48.890367,2.186676
11bis,"Rue des Goulvents",92000,92050,Nanterre,1,0,0,"Mixte gauche/droite","Quartier plus populaire",47,31.23,42.64,11,48.889285,2.189679
12,"Rue des Goulvents",92000,92050,Nanterre,1,0,0,"Mixte gauche/droite","Quartier plus populaire",47,31.23,42.64,11,48.888979,2.188924
120,"Rue Raymond Poincaré",92000,92050,Nanterre,1,0,0,"Mixte gauche/droite","Quartier plus populaire",47,31.23,42.64,11,48.890118,2.186418
124,"Rue Raymond Poincaré",92000,92050,Nanterre,2,0,0,"Mixte gauche/droite","Quartier plus populaire",47,31.23,42.64,11,48.890254,2.186053
13,"Rue des Goulvents",92000,92050,Nanterre,1,0,0,"Mixte gauche/droite","Quartier plus populaire",47,31.23,42.64,11,48.889203,2.189591
13,"Rue Jules Guesde",92000,92050,Nanterre,1,1,0,"Mixte gauche/droite","Quartier plus populaire",47,31.23,42.64,11,48.889484,2.188404
13,"Rue Thomas Lemaître",92000,92050,Nanterre,1,0,0,"Mixte gauche/droite","Revenu moyen",47,31.23,42.64,12,48.889081,2.192734
134,"Rue Jean Jaurès",92000,92050,Nanterre,10,15,0,"Mixte gauche/droite","Quartier plus populaire",47,31.23,42.64,41,48.890975,2.189747
15,"Rue Jules Guesde",92000,92050,Nanterre,1,1,0,"Mixte gauche/droite","Revenu moyen",47,31.23,42.64,10,48.889369,2.188244
15,"Rue Thomas Lemaître",92000,92050,Nanterre,1,0,0,"Mixte gauche/droite","Revenu moyen",47,31.23,42.64,12,48.889113,2.192521
16,"Rue des Goulvents",92000,92050,Nanterre,1,0,0,"Mixte gauche/droite","Quartier plus populaire",47,31.23,42.64,11,48.888708,2.188605
17,"Rue des Goulvents",92000,92050,Nanterre,1,0,0,"Mixte gauche/droite","Quartier plus populaire",47,31.23,42.64,11,48.888834,2.189265
17,"Rue Thomas Lemaître",92000,92050,Nanterre,1,0,0,"Mixte gauche/droite","Revenu moyen",47,31.23,42.64,12,48.889256,2.192429
18,"Rue des Goulvents",92000,92050,Nanterre,1,0,0,"Mixte gauche/droite","Revenu moyen",47,31.23,42.64,9,48.888651,2.188386
188,"Rue Jean Jaurès",92000,92050,Nanterre,17,32,0,"Mixte gauche/droite","Quartier plus populaire",47,31.23,42.64,42,48.89065,2.189162
19,"Rue des Goulvents",92000,92050,Nanterre,1,0,0,"Mixte gauche/droite","Quartier plus populaire",47,31.23,42.64,11,48.888618,2.188969
19,"Rue Thomas Lemaître",92000,92050,Nanterre,1,0,0,"Mixte gauche/droite","Revenu moyen",47,31.23,42.64,12,48.889304,2.192318
191,"Rue Jean Jaurès",92000,92050,Nanterre,12,0,0,"Mixte gauche/droite","Quartier plus populaire",47,31.23,42.64,13,48.890549,2.189376
1ter,"Rue des Goulvents",92000,92050,Nanterre,1,0,0,"Mixte gauche/droite","Quartier plus populaire",47,31.23,42.64,12,48.88986,2.19036
2,"Impasse du Gymnase",92000,92050,Nanterre,1,0,0,"Mixte gauche/droite","Revenu moyen",47,31.23,42.64,9,48.889104,2.187734
2,"Rue Jules Guesde",92000,92050,Nanterre,5,6,0,"Mixte gauche/droite","Quartier plus populaire",47,31.23,42.64,26,48.889962,2.187365
20,"Rue des Goulvents",92000,92050,Nanterre,1,0,0,"Mixte gauche/droite","Revenu moyen",47,31.23,42.64,9,48.888449,2.18838
21,"Rue des Goulvents",92000,92050,Nanterre,2,0,0,"Mixte gauche/droite","Quartier plus populaire",47,31.23,42.64,11,48.888431,2.188761
21ter,"Rue des Goulvents",92000,92050,Nanterre,1,0,0,"Mixte gauche/droite","Quartier plus populaire",47,31.23,42.64,11,48.888314,2.18862
21bis,"Rue des Goulvents",92000,92050,Nanterre,1,0,0,"Mixte gauche/droite","Quartier plus populaire",47,31.23,42.64,11,48.88838,2.188707
22,"Rue des Goulvents",92000,92050,Nanterre,1,0,0,"Mixte gauche/droite","Revenu moyen",47,31.23,42.64,9,48.888218,2.188156
233,"Rue Jean Jaurès",92000,92050,Nanterre,1,0,0,"Mixte gauche/droite","Quartier plus populaire",47,31.23,42.64,12,48.89016,2.189075
245,"Rue Jean Jaurès",92000,92050,Nanterre,1,0,0,"Mixte gauche/droite","Quartier plus populaire",47,31.23,42.64,12,48.890083,2.188986
25,"Rue Thomas Lemaître",92000,92050,Nanterre,9,0,0,"Mixte gauche/droite","Revenu moyen",47,31.23,42.64,13,48.889428,2.192044
257,"Rue Jean Jaurès",92000,92050,Nanterre,1,0,0,"Mixte gauche/droite","Quartier plus populaire",47,31.23,42.64,12,48.890011,2.188894
26,"Rue des Goulvents",92000,92050,Nanterre,1,0,0,"Mixte gauche/droite","Revenu moyen",47,31.23,42.64,9,48.888049,2.187853
264,"Rue Jean Jaurès",92000,92050,Nanterre,11,22,0,"Mixte gauche/droite","Quartier plus populaire",47,31.23,42.64,41,48.890122,2.188535
29,"Rue Thomas Lemaître",92000,92050,Nanterre,1,0,0,"Mixte gauche/droite","Revenu moyen",47,31.23,42.64,12,48.889539,2.191719
3,"Rue des Goulvents",92000,92050,Nanterre,1,0,0,"Mixte gauche/droite","Quartier plus populaire",47,31.23,42.64,11,48.889702,2.190334
305,"Rue Jean Jaurès",92000,92050,Nanterre,5,0,0,"Mixte gauche/droite","Quartier plus populaire",47,31.23,42.64,12,48.889736,2.188364
31,"Rue Thomas Lemaître",92000,92050,Nanterre,1,0,0,"Mixte gauche/droite","Revenu moyen",47,31.23,42.64,12,48.889551,2.191575
31bis,"Rue Thomas Lemaître",92000,92050,Nanterre,22,0,0,"Mixte gauche/droite","Revenu moyen",47,31.23,42.64,13,48.88934,2.191397
33bis,"Rue Thomas Lemaître",92000,92050,Nanterre,5,0,0,"Mixte gauche/droite","Revenu moyen",47,31.23,42.64,12,48.889677,2.191297
35,"Rue Thomas Lemaître",92000,92050,Nanterre,1,0,0,"Mixte gauche/droite","Quartier plus populaire",47,31.23,42.64,12,48.889957,2.190952
37,"Rue Thomas Lemaître",92000,92050,Nanterre,1,0,0,"Mixte gauche/droite","Quartier plus populaire",47,31.23,42.64,12,48.890063,2.19097
39,"Rue Raymond Poincaré",92000,92050,Nanterre,4,0,0,"Mixte gauche/droite","Quartier plus populaire",47,31.23,42.64,11,48.888179,2.189908
39,"Rue Thomas Lemaître",92000,92050,Nanterre,1,0,0,"Mixte gauche/droite","Quartier plus populaire",47,31.23,42.64,12,48.890032,2.190775
4,"Rue des Goulvents",92000,92050,Nanterre,6,3,0,"Mixte gauche/droite","Quartier plus populaire",47,31.23,42.64,15,48.889743,2.189677
4,"Rue du Mans",92000,92050,Nanterre,2,0,0,"Mixte gauche/droite","Quartier plus populaire",47,31.23,42.64,13,48.888136,2.185413
4,"Rue Jules Guesde",92000,92050,Nanterre,6,6,0,"Mixte gauche/droite","Quartier plus populaire",47,31.23,42.64,26,48.889807,2.187671
40,"Rue Raymond Poincaré",92000,92050,Nanterre,3,0,0,"Mixte gauche/droite","Quartier plus populaire",47,31.23,42.64,11,48.888318,2.19036
41,"Rue Raymond Poincaré",92000,92050,Nanterre,2,0,0,"Mixte gauche/droite","Quartier plus populaire",47,31.23,42.64,11,48.888169,2.18975
41,"Rue Thomas Lemaître",92000,92050,Nanterre,1,0,0,"Mixte gauche/droite","Quartier plus populaire",47,31.23,42.64,12,48.890146,2.190656
42,"Avenue Vladimir Ilitch Lénine",92000,92050,Nanterre,67,4,0,"Mixte gauche/droite","Revenu moyen",47,31.23,42.64,20,48.888522,2.193286
43,"Rue Raymond Poincaré",92000,92050,Nanterre,2,0,0,"Mixte gauche/droite","Quartier plus populaire",47,31.23,42.64,11,48.888156,2.189589
43,"Rue Thomas Lemaître",92000,92050,Nanterre,12,0,0,"Mixte gauche/droite","Quartier plus populaire",47,31.23,42.64,13,48.890185,2.189534
45,"Rue Raymond Poincaré",92000,92050,Nanterre,1,0,0,"Mixte gauche/droite","Quartier plus populaire",47,31.23,42.64,11,48.888143,2.189429
46,"Rue Raymond Poincaré",92000,92050,Nanterre,8,0,0,"Mixte gauche/droite","Quartier plus populaire",47,31.23,42.64,11,48.888507,2.190191
47,"Rue Raymond Poincaré",92000,92050,Nanterre,1,0,0,"Mixte gauche/droite","Quartier plus populaire",47,31.23,42.64,11,48.888162,2.189274
49,"Rue Thomas Lemaître",92000,92050,Nanterre,1,0,0,"Mixte gauche/droite","Quartier plus populaire",47,31.23,42.64,12,48.890613,2.189585
4bis,"Rue des Goulvents",92000,92050,Nanterre,1,0,0,"Mixte gauche/droite","Quartier plus populaire",47,31.23,42.64,11,48.889621,2.189587
4ter,"Rue des Goulvents",92000,92050,Nanterre,1,0,0,"Mixte gauche/droite","Quartier plus populaire",47,31.23,42.64,11,48.889583,2.18938
5,"Rue des Goulvents",92000,92050,Nanterre,1,0,0,"Mixte gauche/droite","Quartier plus populaire",47,31.23,42.64,11,48.889485,2.190148
50,"Avenue Vladimir Ilitch Lénine",92000,92050,Nanterre,3,0,0,"Mixte gauche/droite","Revenu moyen",47,31.23,42.64,12,48.888415,2.192266
50,"Rue Raymond Poincaré",92000,92050,Nanterre,1,0,0,"Mixte gauche/droite","Quartier plus populaire",47,31.23,42.64,11,48.888657,2.190161
52,"Rue Raymond Poincaré",92000,92050,Nanterre,20,0,0,"Mixte gauche/droite","Quartier plus populaire",47,31.23,42.64,12,48.888995,2.190224
56,"Rue Raymond Poincaré",92000,92050,Nanterre,2,0,0,"Mixte gauche/droite","Quartier plus populaire",47,31.23,42.64,11,48.888607,2.189845
57,"Rue Raymond Poincaré",92000,92050,Nanterre,1,0,0,"Mixte gauche/droite","Quartier plus populaire",47,31.23,42.64,11,48.888571,2.189078
57,"Rue Thomas Lemaître",92000,92050,Nanterre,10,0,0,"Mixte gauche/droite","Quartier plus populaire",47,31.23,42.64,13,48.890855,2.188826
58,"Rue Raymond Poincaré",92000,92050,Nanterre,12,0,0,"Mixte gauche/droite","Quartier plus populaire",47,31.23,42.64,12,48.888611,2.189688
6,"Rue des Goulvents",92000,92050,Nanterre,1,0,0,"Mixte gauche/droite","Quartier plus populaire",47,31.23,42.64,11,48.889461,2.18935
6,"Rue Jules Guesde",92000,92050,Nanterre,5,6,0,"Mixte gauche/droite","Quartier plus populaire",47,31.23,42.64,26,48.889662,2.187984
61,"Rue Raymond Poincaré",92000,92050,Nanterre,1,0,0,"Mixte gauche/droite","Quartier plus populaire",47,31.23,42.64,11,48.888817,2.188697
61,"Rue Thomas Lemaître",92000,92050,Nanterre,4,0,0,"Mixte gauche/droite","Quartier plus populaire",47,31.23,42.64,12,48.890865,2.188553
62,"Avenue Vladimir Ilitch Lénine",92000,92050,Nanterre,22,0,0,"Mixte gauche/droite","Quartier plus populaire",47,31.23,42.64,12,48.888342,2.191168
62,"Rue Jean Jaurès",92000,92050,Nanterre,15,21,0,"Mixte gauche/droite","Quartier plus populaire",47,31.23,42.64,42,48.891472,2.190371
63,"Rue Raymond Poincaré",92000,92050,Nanterre,1,0,0,"Mixte gauche/droite","Quartier plus populaire",47,31.23,42.64,11,48.888793,2.188529
64,"Rue Raymond Poincaré",92000,92050,Nanterre,1,0,0,"Mixte gauche/droite","Quartier plus populaire",47,31.23,42.64,11,48.888746,2.189502
65,"Rue Raymond Poincaré",92000,92050,Nanterre,1,0,0,"Mixte gauche/droite","Quartier plus populaire",47,31.23,42.64,11,48.888864,2.188479
67,"Rue Raymond Poincaré",92000,92050,Nanterre,1,0,0,"Mixte gauche/droite","Revenu moyen",47,31.23,42.64,9,48.888909,2.188358
6bis,"Rue des Goulvents",92000,92050,Nanterre,1,0,0,"Mixte gauche/droite","Quartier plus populaire",47,31.23,42.64,11,48.889332,2.189258
6ter,"Rue des Goulvents",92000,92050,Nanterre,1,0,0,"Mixte gauche/droite","Quartier plus populaire",47,31.23,42.64,11,48.88928,2.189195
7,"Rue des Goulvents",92000,92050,Nanterre,1,0,0,"Mixte gauche/droite","Quartier plus populaire",47,31.23,42.64,11,48.889421,2.190128
7,"Rue du Mans",92000,92050,Nanterre,1,0,0,"Mixte gauche/droite","Quartier plus populaire",47,31.23,42.64,13,48.888122,2.18574
7,"Rue Jules Guesde",92000,92050,Nanterre,11,27,0,"Mixte gauche/droite","Quartier plus populaire",47,31.23,42.64,41,48.889835,2.187969
71,"Rue Raymond Poincaré",92000,92050,Nanterre,1,0,0,"Mixte gauche/droite","Revenu moyen",47,31.23,42.64,9,48.889012,2.188165
73,"Rue Thomas Lemaître",92000,92050,Nanterre,21,24,0,"Mixte gauche/droite","Quartier plus populaire",47,31.23,42.64,42,48.891601,2.187202
75,"Rue Thomas Lemaître",92000,92050,Nanterre,1,0,0,"Mixte gauche/droite","Quartier plus populaire",47,31.23,42.64,12,48.891707,2.187056
76,"Rue Raymond Poincaré",92000,92050,Nanterre,1,0,0,"Mixte gauche/droite","Quartier plus populaire",47,31.23,42.64,11,48.889147,2.188792
8,"Rue des Goulvents",92000,92050,Nanterre,1,0,0,"Mixte gauche/droite","Quartier plus populaire",47,31.23,42.64,11,48.889161,2.189088
8,"Rue Jules Guesde",92000,92050,Nanterre,2,3,0,"Mixte gauche/droite","Revenu moyen",47,31.23,42.64,11,48.889527,2.188188
80,"Rue Raymond Poincaré",92000,92050,Nanterre,1,0,0,"Mixte gauche/droite","Quartier plus populaire",47,31.23,42.64,11,48.889464,2.188979
85,"Rue Raymond Poincaré",92000,92050,Nanterre,1,0,0,"Mixte gauche/droite","Revenu moyen",47,31.23,42.64,9,48.889408,2.187357
9,"Rue des Goulvents",92000,92050,Nanterre,1,0,0,"Mixte gauche/droite","Quartier plus populaire",47,31.23,42.64,11,48.889451,2.189887
9,"Rue Thomas Lemaître",92000,92050,Nanterre,1,0,0,"Mixte gauche/droite","Revenu moyen",47,31.23,42.64,12,48.888872,2.193014
90,"Rue Raymond Poincaré",92000,92050,Nanterre,1,0,0,"Mixte gauche/droite","Revenu moyen",47,31.23,42.64,9,48.889335,2.187923
92,"Avenue Vladimir Ilitch Lénine",92000,92050,Nanterre,22,0,0,"Mixte gauche/droite","Revenu moyen",47,31.23,42.64,10,48.888156,2.18654
92,"Rue Raymond Poincaré",92000,92050,Nanterre,1,0,0,"Mixte gauche/droite","Revenu moyen",47,31.23,42.64,9,48.88939,2.1878
93,"Rue Raymond Poincaré",92000,92050,Nanterre,1,0,0,"Mixte gauche/droite","Quartier plus populaire",47,31.23,42.64,11,48.889583,2.186993
96,"Rue Raymond Poincaré",92000,92050,Nanterre,1,0,0,"Mixte gauche/droite","Revenu moyen",47,31.23,42.64,9,48.889417,2.18772
99,"Rue Raymond Poincaré",92000,92050,Nanterre,1,0,0,"Mixte gauche/droite","Quartier plus populaire",47,31.23,42.64,11,48.889801,2.186557
116,"Boulevard National",92000,92050,Nanterre,4,0,0,"Plutôt à droite","Quartier plus populaire",38,19.87,30.74,12,48.88798,2.185525
126,"Boulevard National",92000,92050,Nanterre,4,0,0,"Plutôt à droite","Quartier plus populaire",38,19.87,30.74,12,48.888253,2.184745
130,"Boulevard National",92000,92050,Nanterre,1,0,0,"Plutôt à droite","Quartier plus populaire",38,19.87,30.74,11,48.888428,2.184469
134,"Boulevard National",92000,92050,Nanterre,1,0,0,"Plutôt à droite","Quartier plus populaire",38,19.87,30.74,11,48.888527,2.184225
22,"Rue du Bois",92000,92050,Nanterre,1,0,0,"Plutôt à droite","Revenu moyen",38,19.87,30.74,10,48.88688,2.190863
24,"Rue du Bois",92000,92050,Nanterre,4,0,0,"Plutôt à droite","Revenu moyen",38,19.87,30.74,11,48.886817,2.190778
24bis,"Rue du Bois",92000,92050,Nanterre,6,0,0,"Plutôt à droite","Revenu moyen",38,19.87,30.74,11,48.887121,2.190226
26,"Rue du Bois",92000,92050,Nanterre,11,0,0,"Plutôt à droite","Revenu moyen",38,19.87,30.74,11,48.886322,2.189925
28,"Rue du Bois",92000,92050,Nanterre,14,0,0,"Plutôt à droite","Revenu moyen",38,19.87,30.74,11,48.88651,2.190238
30,"Rue du Bois",92000,92050,Nanterre,11,0,0,"Plutôt à droite","Revenu moyen",38,19.87,30.74,11,48.886132,2.189712
32,"Rue du Bois",92000,92050,Nanterre,7,0,0,"Plutôt à droite","Revenu moyen",38,19.87,30.74,8,48.885978,2.189426
64,"Boulevard National",92000,92050,Nanterre,8,0,0,"Plutôt à droite","Revenu moyen",38,19.87,30.74,11,48.88646,2.189684
66,"Boulevard National",92000,92050,Nanterre,30,0,0,"Plutôt à droite","Revenu moyen",38,19.87,30.74,12,48.886599,2.189444
68,"Boulevard National",92000,92050,Nanterre,10,0,0,"Plutôt à droite","Revenu moyen",38,19.87,30.74,11,48.886948,2.189424
70,"Boulevard National",92000,92050,Nanterre,33,0,0,"Plutôt à droite","Revenu moyen",38,19.87,30.74,12,48.886782,2.189242
72,"Boulevard National",92000,92050,Nanterre,12,0,0,"Plutôt à droite","Revenu moyen",38,19.87,30.74,11,48.886885,2.189021
74,"Boulevard National",92000,92050,Nanterre,26,0,0,"Plutôt à droite","Revenu moyen",38,19.87,30.74,12,48.886989,2.188762
76,"Boulevard National",92000,92050,Nanterre,10,0,0,"Plutôt à droite","Quartier plus populaire",38,19.87,30.74,11,48.886816,2.188536
78,"Boulevard National",92000,92050,Nanterre,16,0,0,"Plutôt à droite","Quartier plus populaire",38,19.87,30.74,11,48.886645,2.188387
80,"Boulevard National",92000,92050,Nanterre,10,0,0,"Plutôt à droite","Quartier plus populaire",38,19.87,30.74,11,48.886765,2.188125
82,"Boulevard National",92000,92050,Nanterre,9,0,0,"Plutôt à droite","Quartier plus populaire",38,19.87,30.74,11,48.88688,2.187906
84,"Boulevard National",92000,92050,Nanterre,56,77,0,"Plutôt à droite","Quartier plus populaire",38,19.87,30.74,42,48.8874,2.187511
85,"Avenue Vladimir Ilitch Lénine",92000,92050,Nanterre,10,0,0,"Plutôt à droite","Quartier plus populaire",38,19.87,30.74,11,48.887464,2.188509
85ter,"Avenue Vladimir Ilitch Lénine",92000,92050,Nanterre,19,0,0,"Plutôt à droite","Revenu moyen",38,19.87,30.74,11,48.887223,2.188919
85bis,"Avenue Vladimir Ilitch Lénine",92000,92050,Nanterre,9,0,0,"Plutôt à droite","Revenu moyen",38,19.87,30.74,11,48.887364,2.188693
86,"Boulevard National",92000,92050,Nanterre,32,65,0,"Plutôt à droite","Quartier plus populaire",38,19.87,30.74,41,48.887223,2.18707
10,"Avenue du Maréchal Joffre",92000,92050,Nanterre,1,0,0,"Mixte gauche/droite","Revenu moyen",43,30.7,41.27,9,48.88667,2.198971
10,"Villa Blanche",92000,92050,Nanterre,1,0,0,"Mixte gauche/droite","Revenu moyen",43,30.7,41.27,11,48.887368,2.190768
106,"Rue Abdelmalek Sayad",92000,92050,Nanterre,14,19,0,"Mixte gauche/droite","Quartier plus populaire",43,30.7,41.27,39,48.886686,2.195986
11,"Avenue de Rueil",92000,92050,Nanterre,1,0,0,"Mixte gauche/droite","Revenu moyen",43,30.7,41.27,10,48.887873,2.193709
11,"Avenue Vladimir Ilitch Lénine",92000,92050,Nanterre,7,21,0,"Mixte gauche/droite","Quartier plus populaire",43,30.7,41.27,41,48.887346,2.198413
11,"Rue Raymond Poincaré",92000,92050,Nanterre,1,0,0,"Mixte gauche/droite","Revenu moyen",43,30.7,41.27,10,48.887493,2.191446
11,"Villa Blanche",92000,92050,Nanterre,1,0,0,"Mixte gauche/droite","Revenu moyen",43,30.7,41.27,11,48.887606,2.189841
111,"Rue Abdelmalek Sayad",92000,92050,Nanterre,10,27,0,"Mixte gauche/droite","Quartier plus populaire",43,30.7,41.27,39,48.88677,2.196182
12,"Avenue de Rueil",92000,92050,Nanterre,1,0,0,"Mixte gauche/droite","Revenu moyen",43,30.7,41.27,10,48.887619,2.192971
12,"Avenue du Maréchal Joffre",92000,92050,Nanterre,1,0,0,"Mixte gauche/droite","Revenu moyen",43,30.7,41.27,9,48.886593,2.198835
12,"Rue Saint-Maurice",92000,92050,Nanterre,1,0,0,"Mixte gauche/droite","Quartier plus populaire",43,30.7,41.27,14,48.88491,2.19318
12,"Villa Blanche",92000,92050,Nanterre,1,0,0,"Mixte gauche/droite","Revenu moyen",43,30.7,41.27,11,48.887411,2.190689
122,"Rue Abdelmalek Sayad",92000,92050,Nanterre,4,0,0,"Mixte gauche/droite","Quartier plus populaire",43,30.7,41.27,15,48.886406,2.1959
124,"Rue Abdelmalek Sayad",92000,92050,Nanterre,6,0,0,"Mixte gauche/droite","Quartier plus populaire",43,30.7,41.27,15,48.88635,2.19582
13,"Avenue de Rueil",92000,92050,Nanterre,1,0,0,"Mixte gauche/droite","Revenu moyen",43,30.7,41.27,10,48.887791,2.193653
13,"Rue de la Croix",92000,92050,Nanterre,1,0,0,"Mixte gauche/droite","Quartier plus populaire",43,30.7,41.27,9,48.887284,2.195118
13,"Rue du Bois",92000,92050,Nanterre,2,0,0,"Mixte gauche/droite","Revenu moyen",43,30.7,41.27,10,48.887246,2.192102
13,"Rue Raymond Poincaré",92000,92050,Nanterre,1,0,0,"Mixte gauche/droite","Revenu moyen",43,30.7,41.27,11,48.887593,2.191318
134,"Rue Abdelmalek Sayad",92000,92050,Nanterre,13,20,0,"Mixte gauche/droite","Quartier plus populaire",43,30.7,41.27,45,48.8865,2.196257
14,"Avenue de Rueil",92000,92050,Nanterre,1,0,0,"Mixte gauche/droite","Revenu moyen",43,30.7,41.27,10,48.88753,2.192875
14,"Avenue du Maréchal Joffre",92000,92050,Nanterre,1,0,0,"Mixte gauche/droite","Revenu moyen",43,30.7,41.27,9,48.886571,2.198563
14,"Rue du Bois",92000,92050,Nanterre,1,0,0,"Mixte gauche/droite","Revenu moyen",43,30.7,41.27,10,48.887312,2.191875
14,"Rue Raymond Poincaré",92000,92050,Nanterre,1,0,0,"Mixte gauche/droite","Revenu moyen",43,30.7,41.27,10,48.887754,2.19146
14,"Rue Saint-Maurice",92000,92050,Nanterre,1,0,0,"Mixte gauche/droite","Quartier plus populaire",43,30.7,41.27,14,48.884882,2.193265
14,"Villa Blanche",92000,92050,Nanterre,1,0,0,"Mixte gauche/droite","Revenu moyen",43,30.7,41.27,11,48.887447,2.19063
14bis,"Rue du Bois",92000,92050,Nanterre,1,0,0,"Mixte gauche/droite","Revenu moyen",43,30.7,41.27,10,48.887284,2.191814
14ter,"Rue du Bois",92000,92050,Nanterre,1,0,0,"Mixte gauche/droite","Revenu moyen",43,30.7,41.27,10,48.887245,2.191771
15,"Avenue de Rueil",92000,92050,Nanterre,1,0,0,"Mixte gauche/droite","Revenu moyen",43,30.7,41.27,10,48.887731,2.19357
15,"Rue du Bois",92000,92050,Nanterre,1,0,0,"Mixte gauche/droite","Revenu moyen",43,30.7,41.27,10,48.887195,2.19204
152,"Rue Abdelmalek Sayad",92000,92050,Nanterre,6,0,0,"Mixte gauche/droite","Quartier plus populaire",43,30.7,41.27,15,48.886213,2.196165
154,"Rue Abdelmalek Sayad",92000,92050,Nanterre,5,0,0,"Mixte gauche/droite","Quartier plus populaire",43,30.7,41.27,15,48.886133,2.196087
15bis,"Avenue de Rueil",92000,92050,Nanterre,2,0,0,"Mixte gauche/droite","Revenu moyen",43,30.7,41.27,10,48.887684,2.193505
16,"Boulevard National",92000,92050,Nanterre,1,0,0,"Mixte gauche/droite","Revenu moyen",43,30.7,41.27,9,48.884904,2.191212
16,"Villa Blanche",92000,92050,Nanterre,1,0,0,"Mixte gauche/droite","Revenu moyen",43,30.7,41.27,11,48.887483,2.190565
16ter,"Rue du Bois",92000,92050,Nanterre,4,0,0,"Mixte gauche/droite","Revenu moyen",43,30.7,41.27,11,48.887151,2.191443
164,"Rue Abdelmalek Sayad",92000,92050,Nanterre,14,20,0,"Mixte gauche/droite","Quartier plus populaire",43,30.7,41.27,45,48.886311,2.19653
165,"Rue Abdelmalek Sayad",92000,92050,Nanterre,42,0,0,"Mixte gauche/droite","Quartier plus populaire",43,30.7,41.27,17,48.886418,2.196709
16bis,"Avenue de Rueil",92000,92050,Nanterre,2,0,0,"Mixte gauche/droite","Revenu moyen",43,30.7,41.27,10,48.887377,2.192677
16bis,"Rue du Bois",92000,92050,Nanterre,1,0,0,"Mixte gauche/droite","Revenu moyen",43,30.7,41.27,10,48.887177,2.191661
17,"Avenue de Rueil",92000,92050,Nanterre,1,0,0,"Mixte gauche/droite","Revenu moyen",43,30.7,41.27,10,48.887568,2.193557
17,"Rue de la Croix",92000,92050,Nanterre,1,0,0,"Mixte gauche/droite","Quartier plus populaire",43,30.7,41.27,9,48.887208,2.195018
17,"Rue du Bois",92000,92050,Nanterre,1,0,0,"Mixte gauche/droite","Revenu moyen",43,30.7,41.27,10,48.887065,2.191834
17,"Rue Raymond Poincaré",92000,92050,Nanterre,1,0,0,"Mixte gauche/droite","Revenu moyen",43,30.7,41.27,11,48.887653,2.191063
17,"Rue Saint-Maurice",92000,92050,Nanterre,7,0,0,"Mixte gauche/droite","Quartier plus populaire",43,30.7,41.27,14,48.885201,2.193063
17bis,"Rue de Chanzy",92000,92050,Nanterre,1,0,0,"Mixte gauche/droite","Quartier plus populaire",43,30.7,41.27,11,48.887217,2.19781
18,"Avenue du Maréchal Joffre",92000,92050,Nanterre,12,0,0,"Mixte gauche/droite","Revenu moyen",43,30.7,41.27,9,48.886172,2.197667
18,"Boulevard National",92000,92050,Nanterre,1,0,0,"Mixte gauche/droite","Revenu moyen",43,30.7,41.27,9,48.885144,2.190548
18,"Rue de la Croix",92000,92050,Nanterre,1,0,0,"Mixte gauche/droite","Quartier plus populaire",43,30.7,41.27,9,48.887738,2.195187
18,"Rue du Bois",92000,92050,Nanterre,1,0,0,"Mixte gauche/droite","Revenu moyen",43,30.7,41.27,11,48.887059,2.191377
18,"Rue Sainte-Geneviève",92000,92050,Nanterre,1,0,0,"Mixte gauche/droite","Revenu moyen",43,30.7,41.27,10,48.88666,2.193639
18bis,"Avenue de Rueil",92000,92050,Nanterre,2,0,0,"Mixte gauche/droite","Revenu moyen",43,30.7,41.27,10,48.887245,2.192627
18bis,"Rue du Bois",92000,92050,Nanterre,1,0,0,"Mixte gauche/droite","Revenu moyen",43,30.7,41.27,11,48.886856,2.191146
18ter,"Rue du Bois",92000,92050,Nanterre,2,0,0,"Mixte gauche/droite","Revenu moyen",43,30.7,41.27,11,48.886814,2.191107
184,"Rue Abdelmalek Sayad",92000,92050,Nanterre,5,12,0,"Mixte gauche/droite","Quartier plus populaire",43,30.7,41.27,44,48.885922,2.196389
19,"Avenue de Rueil",92000,92050,Nanterre,1,0,0,"Mixte gauche/droite","Revenu moyen",43,30.7,41.27,10,48.887508,2.193369
19,"Avenue Vladimir Ilitch Lénine",92000,92050,Nanterre,10,0,0,"Mixte gauche/droite","Quartier plus populaire",43,30.7,41.27,12,48.887486,2.197592
19,"Rue de Chanzy",92000,92050,Nanterre,1,0,0,"Mixte gauche/droite","Quartier plus populaire",43,30.7,41.27,11,48.887073,2.197992
19,"Rue de la Croix",92000,92050,Nanterre,1,0,0,"Mixte gauche/droite","Quartier plus populaire",43,30.7,41.27,9,48.887117,2.195019
19,"Rue Raymond Poincaré",92000,92050,Nanterre,1,0,0,"Mixte gauche/droite","Revenu moyen",43,30.7,41.27,11,48.887701,2.191009
19,"Rue Saint-Maurice",92000,92050,Nanterre,14,0,0,"Mixte gauche/droite","Quartier plus populaire",43,30.7,41.27,14,48.885022,2.19332
2,"Boulevard National",92000,92050,Nanterre,1,0,0,"Mixte gauche/droite","Revenu moyen",43,30.7,41.27,9,48.884321,2.192243
2,"Rue du Bois",92000,92050,Nanterre,20,0,0,"Mixte gauche/droite","Revenu moyen",43,30.7,41.27,11,48.887829,2.19256
2,"Villa Blanche",92000,92050,Nanterre,1,0,0,"Mixte gauche/droite","Revenu moyen",43,30.7,41.27,11,48.887104,2.191295
2ter,"Place de la Boule",92000,92050,Nanterre,3,0,0,"Mixte gauche/droite","Quartier plus populaire",43,30.7,41.27,11,48.886661,2.200096
20,"Avenue de Rueil",92000,92050,Nanterre,1,0,0,"Mixte gauche/droite","Revenu moyen",43,30.7,41.27,10,48.88721,2.192583
20,"Boulevard National",92000,92050,Nanterre,1,0,0,"Mixte gauche/droite","Revenu moyen",43,30.7,41.27,9,48.885214,2.190443
20,"Rue Sainte-Geneviève",92000,92050,Nanterre,2,0,0,"Mixte gauche/droite","Revenu moyen",43,30.7,41.27,10,48.886542,2.193788
208,"Rue Abdelmalek Sayad",92000,92050,Nanterre,15,0,0,"Mixte gauche/droite","Quartier plus populaire",43,30.7,41.27,16,48.886011,2.196848
209,"Rue Abdelmalek Sayad",92000,92050,Nanterre,13,0,0,"Mixte gauche/droite","Quartier plus populaire",43,30.7,41.27,16,48.886072,2.19703
21,"Avenue de Rueil",92000,92050,Nanterre,1,0,0,"Mixte gauche/droite","Revenu moyen",43,30.7,41.27,10,48.887444,2.193324
21,"Rue de Chanzy",92000,92050,Nanterre,11,0,0,"Mixte gauche/droite","Quartier plus populaire",43,30.7,41.27,12,48.886901,2.197954
21,"Rue Raymond Poincaré",92000,92050,Nanterre,1,0,0,"Mixte gauche/droite","Revenu moyen",43,30.7,41.27,11,48.887584,2.190712
21,"Rue Sainte-Geneviève",92000,92050,Nanterre,1,0,0,"Mixte gauche/droite","Quartier plus populaire",43,30.7,41.27,9,48.886451,2.194485
22,"Avenue de Rueil",92000,92050,Nanterre,1,0,0,"Mixte gauche/droite","Revenu moyen",43,30.7,41.27,10,48.8871,2.192588
22,"Rue de Chanzy",92000,92050,Nanterre,30,49,0,"Mixte gauche/droite","Quartier plus populaire",43,30.7,41.27,42,48.88709,2.19749
22,"Rue de la Croix",92000,92050,Nanterre,1,0,0,"Mixte gauche/droite","Quartier plus populaire",43,30.7,41.27,9,48.887638,2.19498
23,"Avenue de Rueil",92000,92050,Nanterre,1,0,0,"Mixte gauche/droite","Revenu moyen",43,30.7,41.27,10,48.887322,2.193287
23,"Rue de Chanzy",92000,92050,Nanterre,1,0,0,"Mixte gauche/droite","Quartier plus populaire",43,30.7,41.27,11,48.886806,2.198144
23,"Rue Raymond Poincaré",92000,92050,Nanterre,1,0,0,"Mixte gauche/droite","Revenu moyen",43,30.7,41.27,11,48.887837,2.190875
23,"Rue Sainte-Geneviève",92000,92050,Nanterre,3,0,0,"Mixte gauche/droite","Quartier plus populaire",43,30.7,41.27,15,48.886353,2.194617
24,"Avenue du Maréchal Joffre",92000,92050,Nanterre,12,0,0,"Mixte gauche/droite","Quartier plus populaire",43,30.7,41.27,16,48.885681,2.196279
24,"Rue de la Croix",92000,92050,Nanterre,1,0,0,"Mixte gauche/droite","Quartier plus populaire",43,30.7,41.27,9,48.887608,2.194778
24bis,"Avenue du Maréchal Joffre",92000,92050,Nanterre,1,0,0,"Mixte gauche/droite","Quartier plus populaire",43,30.7,41.27,15,48.885616,2.196101
25,"Avenue de Rueil",92000,92050,Nanterre,1,0,0,"Mixte gauche/droite","Revenu moyen",43,30.7,41.27,10,48.887294,2.193087
25,"Rue de Chanzy",92000,92050,Nanterre,1,0,0,"Mixte gauche/droite","Quartier plus populaire",43,30.7,41.27,11,48.886791,2.198348
25,"Rue du Bois",92000,92050,Nanterre,3,0,0,"Mixte gauche/droite","Revenu moyen",43,30.7,41.27,11,48.886717,2.19143
25,"Rue Sainte-Geneviève",92000,92050,Nanterre,4,0,0,"Mixte gauche/droite","Quartier plus populaire",43,30.7,41.27,15,48.886278,2.194747
26,"Avenue de Rueil",92000,92050,Nanterre,1,0,0,"Mixte gauche/droite","Revenu moyen",43,30.7,41.27,10,48.886895,2.192265
26,"Rue de la Croix",92000,92050,Nanterre,1,0,0,"Mixte gauche/droite","Quartier plus populaire",43,30.7,41.27,9,48.887339,2.194755
26,"Rue Sainte-Geneviève",92000,92050,Nanterre,1,0,0,"Mixte gauche/droite","Quartier plus populaire",43,30.7,41.27,14,48.886215,2.194294
26bis,"Rue de la Croix",92000,92050,Nanterre,1,0,0,"Mixte gauche/droite","Quartier plus populaire",43,30.7,41.27,9,48.887282,2.194662
27,"Avenue de Rueil",92000,92050,Nanterre,1,0,0,"Mixte gauche/droite","Revenu moyen",43,30.7,41.27,10,48.887161,2.193137
27,"Rue Sainte-Geneviève",92000,92050,Nanterre,1,0,0,"Mixte gauche/droite","Quartier plus populaire",43,30.7,41.27,15,48.886224,2.194884
28,"Avenue du Maréchal Joffre",92000,92050,Nanterre,10,0,0,"Mixte gauche/droite","Quartier plus populaire",43,30.7,41.27,16,48.885518,2.195786
28,"Boulevard National",92000,92050,Nanterre,1,0,0,"Mixte gauche/droite","Revenu moyen",43,30.7,41.27,9,48.885488,2.189905
28,"Rue de Chanzy",92000,92050,Nanterre,16,0,0,"Mixte gauche/droite","Revenu moyen",43,30.7,41.27,9,48.88661,2.197989
28,"Rue de la Croix",92000,92050,Nanterre,1,0,0,"Mixte gauche/droite","Quartier plus populaire",43,30.7,41.27,9,48.887152,2.194584
28,"Rue Sainte-Geneviève",92000,92050,Nanterre,1,0,0,"Mixte gauche/droite","Quartier plus populaire",43,30.7,41.27,14,48.886172,2.194349
28bis,"Rue de la Croix",92000,92050,Nanterre,1,0,0,"Mixte gauche/droite","Quartier plus populaire",43,30.7,41.27,9,48.887104,2.194493
29,"Avenue de Rueil",92000,92050,Nanterre,2,0,0,"Mixte gauche/droite","Revenu moyen",43,30.7,41.27,10,48.887042,2.192938
29,"Rue du Bois",92000,92050,Nanterre,1,0,0,"Mixte gauche/droite","Revenu moyen",43,30.7,41.27,11,48.88658,2.191194
29bis,"Avenue de Rueil",92000,92050,Nanterre,1,0,0,"Mixte gauche/droite","Revenu moyen",43,30.7,41.27,10,48.886984,2.192879
3,"Avenue Vladimir Ilitch Lénine",92000,92050,Nanterre,7,0,0,"Mixte gauche/droite","Quartier plus populaire",43,30.7,41.27,12,48.887188,2.199321
3,"Rue Saint-Maurice",92000,92050,Nanterre,1,0,0,"Mixte gauche/droite","Quartier plus populaire",43,30.7,41.27,14,48.885699,2.192124
30,"Allée des Pouvins",92000,92050,Nanterre,5,18,0,"Mixte gauche/droite","Quartier plus populaire",43,30.7,41.27,38,48.887605,2.196279
30,"Avenue du Maréchal Joffre",92000,92050,Nanterre,1,0,0,"Mixte gauche/droite","Quartier plus populaire",43,30.7,41.27,15,48.885418,2.195492
30,"Rue de Chanzy",92000,92050,Nanterre,15,0,0,"Mixte gauche/droite","Revenu moyen",43,30.7,41.27,9,48.886469,2.198132
30,"Rue de la Croix",92000,92050,Nanterre,1,0,0,"Mixte gauche/droite","Quartier plus populaire",43,30.7,41.27,9,48.887049,2.194343
30,"Rue Sainte-Geneviève",92000,92050,Nanterre,1,0,0,"Mixte gauche/droite","Quartier plus populaire",43,30.7,41.27,15,48.886142,2.194433
30bis,"Rue de la Croix",92000,92050,Nanterre,1,0,0,"Mixte gauche/droite","Revenu moyen",43,30.7,41.27,10,48.887205,2.194085
31,"Avenue de Rueil",92000,92050,Nanterre,1,0,0,"Mixte gauche/droite","Revenu moyen",43,30.7,41.27,10,48.886925,2.192765
31,"Rue du Bois",92000,92050,Nanterre,1,0,0,"Mixte gauche/droite","Revenu moyen",43,30.7,41.27,11,48.886511,2.19095
31bis,"Rue du Bois",92000,92050,Nanterre,1,0,0,"Mixte gauche/droite","Revenu moyen",43,30.7,41.27,11,48.886478,2.190927
32,"Avenue de Rueil",92000,92050,Nanterre,1,0,0,"Mixte gauche/droite","Revenu moyen",43,30.7,41.27,10,48.886592,2.192019
33,"Avenue de Rueil",92000,92050,Nanterre,2,0,0,"Mixte gauche/droite","Revenu moyen",43,30.7,41.27,10,48.88676,2.192763
33,"Rue du Bois",92000,92050,Nanterre,1,0,0,"Mixte gauche/droite","Revenu moyen",43,30.7,41.27,11,48.886343,2.191178
33,"Rue Sainte-Geneviève",92000,92050,Nanterre,1,0,0,"Mixte gauche/droite","Quartier plus populaire",43,30.7,41.27,15,48.886098,2.194864
34,"Avenue de Rueil",92000,92050,Nanterre,1,0,0,"Mixte gauche/droite","Revenu moyen",43,30.7,41.27,10,48.886523,2.19199
34,"Avenue du Maréchal Joffre",92000,92050,Nanterre,1,0,0,"Mixte gauche/droite","Quartier plus populaire",43,30.7,41.27,15,48.885362,2.195281
34,"Rue de la Croix",92000,92050,Nanterre,1,0,0,"Mixte gauche/droite","Revenu moyen",43,30.7,41.27,10,48.886764,2.194051
34,"Rue Sainte-Geneviève",92000,92050,Nanterre,1,0,0,"Mixte gauche/droite","Quartier plus populaire",43,30.7,41.27,15,48.88602,2.194635
35,"Avenue de Rueil",92000,92050,Nanterre,6,0,0,"Mixte gauche/droite","Revenu moyen",43,30.7,41.27,10,48.886555,2.192581
35,"Rue du Bois",92000,92050,Nanterre,1,0,0,"Mixte gauche/droite","Revenu moyen",43,30.7,41.27,11,48.886367,2.190744
36,"Avenue de Rueil",92000,92050,Nanterre,2,0,0,"Mixte gauche/droite","Revenu moyen",43,30.7,41.27,10,48.886462,2.191897
36,"Rue Sainte-Geneviève",92000,92050,Nanterre,3,0,0,"Mixte gauche/droite","Quartier plus populaire",43,30.7,41.27,15,48.885971,2.194694
37,"Avenue de Rueil",92000,92050,Nanterre,1,0,0,"Mixte gauche/droite","Revenu moyen",43,30.7,41.27,10,48.886419,2.192357
37,"Rue de la Croix",92000,92050,Nanterre,2,0,0,"Mixte gauche/droite","Quartier plus populaire",43,30.7,41.27,9,48.886545,2.194367
37,"Rue Sainte-Geneviève",92000,92050,Nanterre,1,0,0,"Mixte gauche/droite","Quartier plus populaire",43,30.7,41.27,15,48.886071,2.195106
38,"Avenue de Rueil",92000,92050,Nanterre,1,0,0,"Mixte gauche/droite","Revenu moyen",43,30.7,41.27,10,48.886404,2.191846
38,"Rue Sainte-Geneviève",92000,92050,Nanterre,1,0,0,"Mixte gauche/droite","Quartier plus populaire",43,30.7,41.27,15,48.885881,2.194828
39,"Avenue de Rueil",92000,92050,Nanterre,1,0,0,"Mixte gauche/droite","Revenu moyen",43,30.7,41.27,10,48.886362,2.19225
39,"Avenue Vladimir Ilitch Lénine",92000,92050,Nanterre,1,0,0,"Mixte gauche/droite","Quartier plus populaire",43,30.7,41.27,9,48.887939,2.194689
39,"Rue du Bois",92000,92050,Nanterre,1,0,0,"Mixte gauche/droite","Revenu moyen",43,30.7,41.27,11,48.886254,2.190609
39,"Rue Sainte-Geneviève",92000,92050,Nanterre,1,0,0,"Mixte gauche/droite","Quartier plus populaire",43,30.7,41.27,15,48.885947,2.195168
4,"Boulevard National",92000,92050,Nanterre,1,0,0,"Mixte gauche/droite","Revenu moyen",43,30.7,41.27,9,48.884389,2.19207
4,"Rue Saint-Maurice",92000,92050,Nanterre,1,0,0,"Mixte gauche/droite","Quartier plus populaire",43,30.7,41.27,14,48.885643,2.191883
4,"Villa Blanche",92000,92050,Nanterre,1,0,0,"Mixte gauche/droite","Revenu moyen",43,30.7,41.27,11,48.887209,2.191044
40,"Avenue de Rueil",92000,92050,Nanterre,1,0,0,"Mixte gauche/droite","Revenu moyen",43,30.7,41.27,10,48.886325,2.191767
40,"Rue de la Croix",92000,92050,Nanterre,1,0,0,"Mixte gauche/droite","Revenu moyen",43,30.7,41.27,10,48.886479,2.193714
40,"Rue Sainte-Geneviève",92000,92050,Nanterre,1,0,0,"Mixte gauche/droite","Quartier plus populaire",43,30.7,41.27,15,48.885802,2.194884
41,"Avenue de Rueil",92000,92050,Nanterre,1,0,0,"Mixte gauche/droite","Quartier plus populaire",43,30.7,41.27,14,48.88626,2.192225
41,"Rue de la Croix",92000,92050,Nanterre,1,0,0,"Mixte gauche/droite","Quartier plus populaire",43,30.7,41.27,14,48.886267,2.19397
41,"Rue du Bois",92000,92050,Nanterre,1,0,0,"Mixte gauche/droite","Revenu moyen",43,30.7,41.27,11,48.886215,2.190578
42,"Avenue de Rueil",92000,92050,Nanterre,1,0,0,"Mixte gauche/droite","Revenu moyen",43,30.7,41.27,10,48.886273,2.191719
42,"Rue Sainte-Geneviève",92000,92050,Nanterre,1,0,0,"Mixte gauche/droite","Quartier plus populaire",43,30.7,41.27,15,48.885749,2.194972
43,"Avenue de Rueil",92000,92050,Nanterre,1,0,0,"Mixte gauche/droite","Quartier plus populaire",43,30.7,41.27,14,48.886174,2.192127
43,"Rue de la Croix",92000,92050,Nanterre,1,0,0,"Mixte gauche/droite","Quartier plus populaire",43,30.7,41.27,14,48.886211,2.193881
43,"Rue Sainte-Geneviève",92000,92050,Nanterre,1,0,0,"Mixte gauche/droite","Quartier plus populaire",43,30.7,41.27,15,48.885826,2.195431
44,"Avenue de Rueil",92000,92050,Nanterre,1,0,0,"Mixte gauche/droite","Quartier plus populaire",43,30.7,41.27,14,48.886204,2.19165
44,"Avenue du Maréchal Joffre",92000,92050,Nanterre,12,117,0,"Mixte gauche/droite","Quartier plus populaire",43,30.7,41.27,43,48.885048,2.194438
44,"Rue de la Croix",92000,92050,Nanterre,2,0,0,"Mixte gauche/droite","Revenu moyen",43,30.7,41.27,10,48.886379,2.193401
44bis,"Avenue de Rueil",92000,92050,Nanterre,2,0,0,"Mixte gauche/droite","Revenu moyen",43,30.7,41.27,9,48.886138,2.191587
45,"Avenue de Rueil",92000,92050,Nanterre,1,0,0,"Mixte gauche/droite","Quartier plus populaire",43,30.7,41.27,14,48.886127,2.192066
45,"Rue de la Croix",92000,92050,Nanterre,3,0,0,"Mixte gauche/droite","Quartier plus populaire",43,30.7,41.27,14,48.886026,2.194112
45,"Rue du Bois",92000,92050,Nanterre,1,0,0,"Mixte gauche/droite","Revenu moyen",43,30.7,41.27,9,48.886122,2.190419
45,"Rue Sainte-Geneviève",92000,92050,Nanterre,1,0,0,"Mixte gauche/droite","Quartier plus populaire",43,30.7,41.27,15,48.885739,2.195452
46,"Rue de la Croix",92000,92050,Nanterre,17,0,0,"Mixte gauche/droite","Quartier plus populaire",43,30.7,41.27,15,48.886116,2.193214
46,"Rue Sainte-Geneviève",92000,92050,Nanterre,1,0,0,"Mixte gauche/droite","Quartier plus populaire",43,30.7,41.27,15,48.885681,2.195191
47,"Allée des Pouvins",92000,92050,Nanterre,4,0,0,"Mixte gauche/droite","Quartier plus populaire",43,30.7,41.27,9,48.887427,2.196202
47,"Avenue de Rueil",92000,92050,Nanterre,1,0,0,"Mixte gauche/droite","Quartier plus populaire",43,30.7,41.27,14,48.886059,2.192024
47,"Rue de la Croix",92000,92050,Nanterre,11,58,0,"Mixte gauche/droite","Quartier plus populaire",43,30.7,41.27,43,48.886057,2.193665
47ter,"Rue de la Croix",92000,92050,Nanterre,3,6,0,"Mixte gauche/droite","Quartier plus populaire",43,30.7,41.27,30,48.885414,2.19491
47bis,"Rue de la Croix",92000,92050,Nanterre,3,10,0,"Mixte gauche/droite","Quartier plus populaire",43,30.7,41.27,43,48.885645,2.194515
48,"Allée des Pouvins",92000,92050,Nanterre,1,0,0,"Mixte gauche/droite","Quartier plus populaire",43,30.7,41.27,9,48.887492,2.196115
48,"Avenue de Rueil",92000,92050,Nanterre,1,0,0,"Mixte gauche/droite","Revenu moyen",43,30.7,41.27,9,48.885979,2.191376
48,"Avenue du Maréchal Joffre",92000,92050,Nanterre,6,22,0,"Mixte gauche/droite","Quartier plus populaire",43,30.7,41.27,43,48.88492,2.194108
48,"Rue de la Croix",92000,92050,Nanterre,1,0,0,"Mixte gauche/droite","Quartier plus populaire",43,30.7,41.27,14,48.885953,2.192946
48,"Rue Sainte-Geneviève",92000,92050,Nanterre,1,0,0,"Mixte gauche/droite","Quartier plus populaire",43,30.7,41.27,15,48.885458,2.195487
49,"Avenue de Rueil",92000,92050,Nanterre,1,0,0,"Mixte gauche/droite","Quartier plus populaire",43,30.7,41.27,14,48.88594,2.191947
49,"Rue de la Croix",92000,92050,Nanterre,1,0,0,"Mixte gauche/droite","Quartier plus populaire",43,30.7,41.27,14,48.885815,2.193411
49,"Rue du Bois",92000,92050,Nanterre,1,0,0,"Mixte gauche/droite","Revenu moyen",43,30.7,41.27,9,48.885965,2.19022
5,"Villa Blanche",92000,92050,Nanterre,1,0,0,"Mixte gauche/droite","Revenu moyen",43,30.7,41.27,11,48.88704,2.190843
50,"Avenue de Rueil",92000,92050,Nanterre,1,0,0,"Mixte gauche/droite","Revenu moyen",43,30.7,41.27,9,48.88589,2.191346
50,"Rue de la Croix",92000,92050,Nanterre,1,0,0,"Mixte gauche/droite","Quartier plus populaire",43,30.7,41.27,14,48.885841,2.19293
51,"Avenue de Rueil",92000,92050,Nanterre,1,0,0,"Mixte gauche/droite","Quartier plus populaire",43,30.7,41.27,14,48.885905,2.191811
51,"Rue de la Croix",92000,92050,Nanterre,1,0,0,"Mixte gauche/droite","Quartier plus populaire",43,30.7,41.27,14,48.885536,2.193713
51,"Rue du Bois",92000,92050,Nanterre,1,0,0,"Mixte gauche/droite","Revenu moyen",43,30.7,41.27,9,48.885899,2.19017
52,"Avenue de Rueil",92000,92050,Nanterre,1,0,0,"Mixte gauche/droite","Revenu moyen",43,30.7,41.27,9,48.88586,2.191298
52,"Avenue du Maréchal Joffre",92000,92050,Nanterre,17,30,0,"Mixte gauche/droite","Quartier plus populaire",43,30.7,41.27,43,48.884813,2.193766
52,"Rue de la Croix",92000,92050,Nanterre,1,0,0,"Mixte gauche/droite","Quartier plus populaire",43,30.7,41.27,14,48.885735,2.192848
53,"Avenue Vladimir Ilitch Lénine",92000,92050,Nanterre,3,0,0,"Mixte gauche/droite","Revenu moyen",43,30.7,41.27,10,48.887889,2.191684
53,"Rue de la Croix",92000,92050,Nanterre,1,0,0,"Mixte gauche/droite","Quartier plus populaire",43,30.7,41.27,14,48.885705,2.193217
53,"Rue du Bois",92000,92050,Nanterre,1,0,0,"Mixte gauche/droite","Revenu moyen",43,30.7,41.27,9,48.885904,2.190021
53bis,"Avenue de Rueil",92000,92050,Nanterre,1,0,0,"Mixte gauche/droite","Revenu moyen",43,30.7,41.27,9,48.885655,2.191623
54,"Avenue de Rueil",92000,92050,Nanterre,1,0,0,"Mixte gauche/droite","Revenu moyen",43,30.7,41.27,9,48.885872,2.191128
54,"Rue de la Croix",92000,92050,Nanterre,1,0,0,"Mixte gauche/droite","Quartier plus populaire",43,30.7,41.27,14,48.885687,2.192622
55,"Avenue de Rueil",92000,92050,Nanterre,1,0,0,"Mixte gauche/droite","Revenu moyen",43,30.7,41.27,9,48.885575,2.191555
55,"Rue de la Croix",92000,92050,Nanterre,1,0,0,"Mixte gauche/droite","Quartier plus populaire",43,30.7,41.27,14,48.885577,2.193287
55,"Rue du Bois",92000,92050,Nanterre,1,0,0,"Mixte gauche/droite","Revenu moyen",43,30.7,41.27,9,48.885777,2.189955
56,"Avenue de Rueil",92000,92050,Nanterre,1,0,0,"Mixte gauche/droite","Revenu moyen",43,30.7,41.27,9,48.885856,2.191018
56,"Rue Abdelmalek Sayad",92000,92050,Nanterre,1,0,0,"Mixte gauche/droite","Quartier plus populaire",43,30.7,41.27,9,48.887026,2.195527
56bis,"Avenue de Rueil",92000,92050,Nanterre,1,0,0,"Mixte gauche/droite","Revenu moyen",43,30.7,41.27,9,48.885678,2.191164
57,"Avenue de Rueil",92000,92050,Nanterre,1,0,0,"Mixte gauche/droite","Revenu moyen",43,30.7,41.27,9,48.885488,2.191448
57,"Rue du Bois",92000,92050,Nanterre,1,0,0,"Mixte gauche/droite","Revenu moyen",43,30.7,41.27,9,48.88573,2.189828
58,"Avenue de Rueil",92000,92050,Nanterre,1,0,0,"Mixte gauche/droite","Revenu moyen",43,30.7,41.27,9,48.885619,2.191079
59,"Avenue de Rueil",92000,92050,Nanterre,1,0,0,"Mixte gauche/droite","Revenu moyen",43,30.7,41.27,9,48.885405,2.191368
59,"Rue de la Croix",92000,92050,Nanterre,2,0,0,"Mixte gauche/droite","Quartier plus populaire",43,30.7,41.27,14,48.885577,2.193002
59,"Rue du Bois",92000,92050,Nanterre,1,0,0,"Mixte gauche/droite","Revenu moyen",43,30.7,41.27,9,48.885678,2.189758
6,"Avenue du Maréchal Joffre",92000,92050,Nanterre,11,27,0,"Mixte gauche/droite","Quartier plus populaire",43,30.7,41.27,41,48.886798,2.199408
6,"Boulevard National",92000,92050,Nanterre,1,0,0,"Mixte gauche/droite","Revenu moyen",43,30.7,41.27,9,48.884439,2.191983
6,"Rue Raymond Poincaré",92000,92050,Nanterre,1,0,0,"Mixte gauche/droite","Revenu moyen",43,30.7,41.27,10,48.887585,2.191814
61,"Avenue de Rueil",92000,92050,Nanterre,2,0,0,"Mixte gauche/droite","Revenu moyen",43,30.7,41.27,9,48.885322,2.191282
62,"Allée des Pouvins",92000,92050,Nanterre,5,0,0,"Mixte gauche/droite","Quartier plus populaire",43,30.7,41.27,9,48.887399,2.195966
62,"Avenue de Rueil",92000,92050,Nanterre,2,35,0,"Mixte gauche/droite","Revenu moyen",43,30.7,41.27,38,48.885463,2.190904
62,"Rue de la Croix",92000,92050,Nanterre,2,0,0,"Mixte gauche/droite","Quartier plus populaire",43,30.7,41.27,14,48.885335,2.192269
63,"Allée des Pouvins",92000,92050,Nanterre,4,0,0,"Mixte gauche/droite","Quartier plus populaire",43,30.7,41.27,9,48.887337,2.196052
63,"Avenue de Rueil",92000,92050,Nanterre,1,0,0,"Mixte gauche/droite","Revenu moyen",43,30.7,41.27,9,48.885257,2.191227
64,"Avenue de Rueil",92000,92050,Nanterre,1,0,0,"Mixte gauche/droite","Revenu moyen",43,30.7,41.27,9,48.885324,2.190849
65,"Avenue de Rueil",92000,92050,Nanterre,1,0,0,"Mixte gauche/droite","Revenu moyen",43,30.7,41.27,9,48.885184,2.191066
65,"Rue de la Croix",92000,92050,Nanterre,1,0,0,"Mixte gauche/droite","Quartier plus populaire",43,30.7,41.27,14,48.885114,2.192445
66,"Avenue de Rueil",92000,92050,Nanterre,1,0,0,"Mixte gauche/droite","Revenu moyen",43,30.7,41.27,9,48.885257,2.190764
66,"Avenue du Maréchal Joffre",92000,92050,Nanterre,1,0,0,"Mixte gauche/droite","Quartier plus populaire",43,30.7,41.27,14,48.884557,2.192889
67,"Rue de la Croix",92000,92050,Nanterre,1,0,0,"Mixte gauche/droite","Quartier plus populaire",43,30.7,41.27,14,48.885081,2.192354
68,"Avenue de Rueil",92000,92050,Nanterre,1,0,0,"Mixte gauche/droite","Revenu moyen",43,30.7,41.27,9,48.8852,2.190734
68,"Rue de la Croix",92000,92050,Nanterre,1,0,0,"Mixte gauche/droite","Quartier plus populaire",43,30.7,41.27,14,48.885212,2.191886
69,"Avenue de Rueil",92000,92050,Nanterre,9,16,0,"Mixte gauche/droite","Revenu moyen",43,30.7,41.27,38,48.885012,2.190905
69,"Rue de la Croix",92000,92050,Nanterre,1,0,0,"Mixte gauche/droite","Quartier plus populaire",43,30.7,41.27,14,48.885022,2.192336
7,"Avenue Vladimir Ilitch Lénine",92000,92050,Nanterre,11,0,0,"Mixte gauche/droite","Quartier plus populaire",43,30.7,41.27,12,48.887273,2.198815
7,"Rue de la Croix",92000,92050,Nanterre,5,0,0,"Mixte gauche/droite","Quartier plus populaire",43,30.7,41.27,9,48.887806,2.195681
7,"Rue Raymond Poincaré",92000,92050,Nanterre,1,0,0,"Mixte gauche/droite","Revenu moyen",43,30.7,41.27,10,48.887411,2.191544
7,"Villa Blanche",92000,92050,Nanterre,1,0,0,"Mixte gauche/droite","Revenu moyen",43,30.7,41.27,11,48.88706,2.190759
71,"Rue de la Croix",92000,92050,Nanterre,1,0,0,"Mixte gauche/droite","Quartier plus populaire",43,30.7,41.27,14,48.884877,2.192298
72,"Avenue du Maréchal Joffre",92000,92050,Nanterre,1,0,0,"Mixte gauche/droite","Revenu moyen",43,30.7,41.27,9,48.884496,2.192751
72,"Rue de la Croix",92000,92050,Nanterre,1,0,0,"Mixte gauche/droite","Quartier plus populaire",43,30.7,41.27,14,48.885027,2.191856
73,"Rue de la Croix",92000,92050,Nanterre,1,0,0,"Mixte gauche/droite","Quartier plus populaire",43,30.7,41.27,14,48.884886,2.192109
74,"Rue Alfred Dinin",92000,92050,Nanterre,1,9,0,"Mixte gauche/droite","Quartier plus populaire",43,30.7,41.27,36,48.886903,2.196673
74,"Rue de la Croix",92000,92050,Nanterre,1,0,0,"Mixte gauche/droite","Quartier plus populaire",43,30.7,41.27,14,48.884983,2.19182
75,"Rue de la Croix",92000,92050,Nanterre,1,0,0,"Mixte gauche/droite","Quartier plus populaire",43,30.7,41.27,14,48.884815,2.192017
76,"Allée des Pouvins",92000,92050,Nanterre,6,0,0,"Mixte gauche/droite","Quartier plus populaire",43,30.7,41.27,9,48.887309,2.195816
76,"Avenue du Maréchal Joffre",92000,92050,Nanterre,2,0,0,"Mixte gauche/droite","Revenu moyen",43,30.7,41.27,9,48.88442,2.192493
76,"Rue de la Croix",92000,92050,Nanterre,1,0,0,"Mixte gauche/droite","Revenu moyen",43,30.7,41.27,9,48.884946,2.191769
77,"Allée des Pouvins",92000,92050,Nanterre,10,0,0,"Mixte gauche/droite","Quartier plus populaire",43,30.7,41.27,10,48.887252,2.195904
77,"Rue de la Croix",92000,92050,Nanterre,1,0,0,"Mixte gauche/droite","Revenu moyen",43,30.7,41.27,9,48.884648,2.191849
7bis,"Villa Blanche",92000,92050,Nanterre,1,0,0,"Mixte gauche/droite","Revenu moyen",43,30.7,41.27,11,48.887167,2.190639
7ter,"Villa Blanche",92000,92050,Nanterre,1,0,0,"Mixte gauche/droite","Revenu moyen",43,30.7,41.27,11,48.887177,2.190532
8,"Boulevard National",92000,92050,Nanterre,1,0,0,"Mixte gauche/droite","Revenu moyen",43,30.7,41.27,9,48.884588,2.1917
8,"Rue Raymond Poincaré",92000,92050,Nanterre,1,0,0,"Mixte gauche/droite","Revenu moyen",43,30.7,41.27,10,48.887639,2.191711
8,"Rue Saint-Maurice",92000,92050,Nanterre,1,0,0,"Mixte gauche/droite","Quartier plus populaire",43,30.7,41.27,14,48.885216,2.192615
8,"Rue Sainte-Geneviève",92000,92050,Nanterre,1,0,0,"Mixte gauche/droite","Revenu moyen",43,30.7,41.27,10,48.886803,2.193221
8,"Villa Blanche",92000,92050,Nanterre,1,0,0,"Mixte gauche/droite","Revenu moyen",43,30.7,41.27,11,48.887324,2.190846
88,"Rue Alfred Dinin",92000,92050,Nanterre,4,0,0,"Mixte gauche/droite","Quartier plus populaire",43,30.7,41.27,9,48.88681,2.196526
8bis,"Avenue du Maréchal Joffre",92000,92050,Nanterre,1,0,0,"Mixte gauche/droite","Revenu moyen",43,30.7,41.27,9,48.886686,2.199118
8bis,"Rue Saint-Maurice",92000,92050,Nanterre,1,0,0,"Mixte gauche/droite","Quartier plus populaire",43,30.7,41.27,14,48.885185,2.192754
9,"Rue du Bois",92000,92050,Nanterre,1,0,0,"Mixte gauche/droite","Revenu moyen",43,30.7,41.27,10,48.887452,2.192343
9,"Villa Blanche",92000,92050,Nanterre,7,0,0,"Mixte gauche/droite","Revenu moyen",43,30.7,41.27,12,48.887408,2.18987
92,"Allée des Pouvins",92000,92050,Nanterre,5,0,0,"Mixte gauche/droite","Quartier plus populaire",43,30.7,41.27,9,48.887223,2.19567
94,"Rue Abdelmalek Sayad",92000,92050,Nanterre,7,0,0,"Mixte gauche/droite","Quartier plus populaire",43,30.7,41.27,10,48.886588,2.195623
96,"Rue Abdelmalek Sayad",92000,92050,Nanterre,3,0,0,"Mixte gauche/droite","Quartier plus populaire",43,30.7,41.27,9,48.886525,2.195557
99,"Rue Alfred Dinin",92000,92050,Nanterre,32,43,0,"Mixte gauche/droite","Quartier plus populaire",43,30.7,41.27,40,48.886675,2.196509
1,"Avenue du Maréchal Joffre",92000,92050,Nanterre,1,11,0,"Plutôt à droite","Quartier plus populaire",44,19.52,30.12,39,48.886622,2.199922
1,"Rue Joseph Terneau",92000,92050,Nanterre,30,17,0,"Plutôt à droite","Revenu moyen",44,19.52,30.12,39,48.886076,2.198776
10,"Rue des Ombraies",92000,92050,Nanterre,1,0,0,"Plutôt à droite","Revenu moyen",44,19.52,30.12,9,48.884675,2.200585
10,"Rue Paul Vaillant-Couturier",92000,92050,Nanterre,1,0,0,"Plutôt à droite","Quartier plus populaire",44,19.52,30.12,11,48.886449,2.201083
100,"Rue des Ombraies",92000,92050,Nanterre,1,0,0,"Plutôt à droite","Quartier aisé",44,19.52,30.12,10,48.883117,2.196581
100,"Rue du Docteur Charcot",92000,92050,Nanterre,1,0,0,"Plutôt à droite","Quartier aisé",44,19.52,30.12,8,48.881659,2.196851
101,"Rue des Ombraies",92000,92050,Nanterre,1,0,0,"Plutôt à droite","Quartier aisé",44,19.52,30.12,8,48.882928,2.196947
101,"Rue des Suisses",92000,92050,Nanterre,2,0,0,"Plutôt à droite","Quartier aisé",44,19.52,30.12,10,48.884106,2.196995
102,"Rue des Ombraies",92000,92050,Nanterre,1,0,0,"Plutôt à droite","Quartier aisé",44,19.52,30.12,10,48.883114,2.196457
102,"Rue des Suisses",92000,92050,Nanterre,1,0,0,"Plutôt à droite","Quartier aisé",44,19.52,30.12,10,48.884207,2.196381
103,"Rue des Ombraies",92000,92050,Nanterre,1,0,0,"Plutôt à droite","Quartier aisé",44,19.52,30.12,8,48.882895,2.196846
103,"Rue des Suisses",92000,92050,Nanterre,1,0,0,"Plutôt à droite","Quartier aisé",44,19.52,30.12,10,48.884068,2.196943
103bis,"Rue des Suisses",92000,92050,Nanterre,1,0,0,"Plutôt à droite","Quartier aisé",44,19.52,30.12,10,48.884011,2.197005
104,"Rue des Suisses",92000,92050,Nanterre,1,0,0,"Plutôt à droite","Quartier aisé",44,19.52,30.12,10,48.884159,2.196357
104,"Rue des Vignes",92000,92050,Nanterre,1,0,0,"Plutôt à droite","Quartier aisé",44,19.52,30.12,10,48.88461,2.196629
105,"Rue des Ombraies",92000,92050,Nanterre,1,0,0,"Plutôt à droite","Quartier aisé",44,19.52,30.12,8,48.88293,2.196646
105,"Rue des Suisses",92000,92050,Nanterre,1,0,0,"Plutôt à droite","Quartier aisé",44,19.52,30.12,10,48.884043,2.196748
106,"Rue des Ombraies",92000,92050,Nanterre,1,0,0,"Plutôt à droite","Quartier aisé",44,19.52,30.12,10,48.88306,2.196318
106,"Rue des Suisses",92000,92050,Nanterre,1,0,0,"Plutôt à droite","Quartier aisé",44,19.52,30.12,10,48.884102,2.196253
106,"Rue du Docteur Charcot",92000,92050,Nanterre,1,0,0,"Plutôt à droite","Quartier aisé",44,19.52,30.12,8,48.881574,2.196681
107,"Rue des Ombraies",92000,92050,Nanterre,1,0,0,"Plutôt à droite","Quartier aisé",44,19.52,30.12,8,48.882858,2.196615
107,"Rue des Suisses",92000,92050,Nanterre,1,0,0,"Plutôt à droite","Quartier aisé",44,19.52,30.12,10,48.883936,2.196709
108,"Rue des Ombraies",92000,92050,Nanterre,1,0,0,"Plutôt à droite","Quartier aisé",44,19.52,30.12,10,48.883023,2.196277
108,"Rue des Suisses",92000,92050,Nanterre,7,0,0,"Plutôt à droite","Quartier aisé",44,19.52,30.12,10,48.884078,2.196082
108,"Rue du Docteur Charcot",92000,92050,Nanterre,1,0,0,"Plutôt à droite","Quartier aisé",44,19.52,30.12,8,48.881357,2.196919
109,"Rue des Suisses",92000,92050,Nanterre,1,0,0,"Plutôt à droite","Quartier aisé",44,19.52,30.12,10,48.883948,2.196531
11,"Avenue du Maréchal Joffre",92000,92050,Nanterre,1,0,0,"Plutôt à droite","Revenu moyen",44,19.52,30.12,9,48.88627,2.199105
11,"Rue de Saint-Cloud",92000,92050,Nanterre,1,0,0,"Plutôt à droite","Quartier plus populaire",44,19.52,30.12,11,48.886405,2.200818
110,"Rue des Ombraies",92000,92050,Nanterre,1,0,0,"Plutôt à droite","Quartier aisé",44,19.52,30.12,10,48.882998,2.19623
111,"Rue des Ombraies",92000,92050,Nanterre,1,0,0,"Plutôt à droite","Quartier aisé",44,19.52,30.12,8,48.882835,2.196456
111,"Rue des Suisses",92000,92050,Nanterre,1,0,0,"Plutôt à droite","Quartier aisé",44,19.52,30.12,10,48.883877,2.196408
112,"Rue des Ombraies",92000,92050,Nanterre,1,0,0,"Plutôt à droite","Quartier aisé",44,19.52,30.12,10,48.882979,2.196178
112,"Rue des Suisses",92000,92050,Nanterre,1,0,0,"Plutôt à droite","Quartier aisé",44,19.52,30.12,10,48.884012,2.195962
113,"Rue des Ombraies",92000,92050,Nanterre,1,0,0,"Plutôt à droite","Quartier aisé",44,19.52,30.12,8,48.882817,2.196363
113,"Rue des Suisses",92000,92050,Nanterre,1,0,0,"Plutôt à droite","Quartier aisé",44,19.52,30.12,10,48.883694,2.196476
114,"Rue des Ombraies",92000,92050,Nanterre,1,0,0,"Plutôt à droite","Quartier aisé",44,19.52,30.12,8,48.882939,2.196101
114,"Rue des Suisses",92000,92050,Nanterre,4,0,0,"Plutôt à droite","Quartier aisé",44,19.52,30.12,10,48.884057,2.195719
114,"Rue des Vignes",92000,92050,Nanterre,1,0,0,"Plutôt à droite","Quartier aisé",44,19.52,30.12,10,48.884523,2.196736
117,"Rue des Ombraies",92000,92050,Nanterre,1,0,0,"Plutôt à droite","Quartier aisé",44,19.52,30.12,8,48.882718,2.19624
117,"Rue des Suisses",92000,92050,Nanterre,1,0,0,"Plutôt à droite","Quartier aisé",44,19.52,30.12,10,48.883749,2.196106
12,"Rue de Saint-Cloud",92000,92050,Nanterre,13,0,0,"Plutôt à droite","Quartier plus populaire",44,19.52,30.12,12,48.886067,2.20072
12,"Rue des Ombraies",92000,92050,Nanterre,1,0,0,"Plutôt à droite","Revenu moyen",44,19.52,30.12,9,48.884586,2.200494
12,"Rue Paul Vaillant-Couturier",92000,92050,Nanterre,1,0,0,"Plutôt à droite","Quartier plus populaire",44,19.52,30.12,11,48.886358,2.201161
120,"Rue des Suisses",92000,92050,Nanterre,1,0,0,"Plutôt à droite","Quartier aisé",44,19.52,30.12,10,48.883792,2.195434
121,"Rue des Ombraies",92000,92050,Nanterre,1,0,0,"Plutôt à droite","Quartier aisé",44,19.52,30.12,8,48.88267,2.196142
121,"Rue des Suisses",92000,92050,Nanterre,1,0,0,"Plutôt à droite","Quartier aisé",44,19.52,30.12,10,48.883675,2.195972
123,"Rue des Ombraies",92000,92050,Nanterre,1,0,0,"Plutôt à droite","Quartier aisé",44,19.52,30.12,8,48.882523,2.196218
124,"Rue des Vignes",92000,92050,Nanterre,1,0,0,"Plutôt à droite","Quartier aisé",44,19.52,30.12,10,48.884456,2.196837
125,"Rue des Ombraies",92000,92050,Nanterre,1,0,0,"Plutôt à droite","Quartier aisé",44,19.52,30.12,8,48.882599,2.195972
125,"Rue des Suisses",92000,92050,Nanterre,1,0,0,"Plutôt à droite","Quartier aisé",44,19.52,30.12,10,48.883636,2.195769
127,"Rue des Ombraies",92000,92050,Nanterre,1,0,0,"Plutôt à droite","Quartier aisé",44,19.52,30.12,8,48.88252,2.195891
128,"Rue des Suisses",92000,92050,Nanterre,1,0,0,"Plutôt à droite","Quartier aisé",44,19.52,30.12,10,48.883598,2.195074
129,"Rue des Ombraies",92000,92050,Nanterre,1,0,0,"Plutôt à droite","Quartier aisé",44,19.52,30.12,8,48.882463,2.195815
129,"Rue des Suisses",92000,92050,Nanterre,1,0,0,"Plutôt à droite","Quartier aisé",44,19.52,30.12,10,48.883409,2.195588
13,"Impasse des Pommiers",92000,92050,Nanterre,1,0,0,"Plutôt à droite","Quartier aisé",44,19.52,30.12,10,48.884759,2.196495
13,"Rue de Saint-Cloud",92000,92050,Nanterre,1,0,0,"Plutôt à droite","Quartier plus populaire",44,19.52,30.12,11,48.886332,2.200994
130,"Rue des Ombraies",92000,92050,Nanterre,1,0,0,"Plutôt à droite","Quartier aisé",44,19.52,30.12,8,48.882726,2.195503
130,"Rue des Suisses",92000,92050,Nanterre,1,0,0,"Plutôt à droite","Quartier aisé",44,19.52,30.12,10,48.883621,2.194837
131,"Rue des Suisses",92000,92050,Nanterre,1,0,0,"Plutôt à droite","Quartier aisé",44,19.52,30.12,10,48.883455,2.195408
132bis,"Rue des Ombraies",92000,92050,Nanterre,1,0,0,"Plutôt à droite","Quartier aisé",44,19.52,30.12,8,48.882806,2.195196
133,"Rue des Ombraies",92000,92050,Nanterre,1,0,0,"Plutôt à droite","Quartier aisé",44,19.52,30.12,8,48.882286,2.195898
133,"Rue des Vignes",92000,92050,Nanterre,10,0,0,"Plutôt à droite","Quartier aisé",44,19.52,30.12,11,48.884543,2.197208
134,"Rue des Ombraies",92000,92050,Nanterre,1,0,0,"Plutôt à droite","Quartier aisé",44,19.52,30.12,8,48.882533,2.195337
135,"Rue des Ombraies",92000,92050,Nanterre,1,0,0,"Plutôt à droite","Quartier aisé",44,19.52,30.12,8,48.88222,2.196032
135,"Rue des Suisses",92000,92050,Nanterre,1,0,0,"Plutôt à droite","Quartier aisé",44,19.52,30.12,10,48.883382,2.195346
137,"Rue des Ombraies",92000,92050,Nanterre,1,0,0,"Plutôt à droite","Quartier aisé",44,19.52,30.12,8,48.882028,2.19616
137,"Rue des Vignes",92000,92050,Nanterre,6,0,0,"Plutôt à droite","Quartier aisé",44,19.52,30.12,10,48.884522,2.197235
139,"Rue des Ombraies",92000,92050,Nanterre,1,0,0,"Plutôt à droite","Quartier aisé",44,19.52,30.12,8,48.882335,2.195524
139,"Rue des Suisses",92000,92050,Nanterre,1,0,0,"Plutôt à droite","Quartier aisé",44,19.52,30.12,10,48.883304,2.195185
14,"Rue des Ombraies",92000,92050,Nanterre,1,0,0,"Plutôt à droite","Revenu moyen",44,19.52,30.12,9,48.884567,2.200445
14,"Rue du Docteur Charcot",92000,92050,Nanterre,1,0,0,"Plutôt à droite","Quartier plus populaire",44,19.52,30.12,11,48.883042,2.200318
14,"Rue Paul Vaillant-Couturier",92000,92050,Nanterre,1,0,0,"Plutôt à droite","Quartier plus populaire",44,19.52,30.12,11,48.886276,2.201297
140,"Rue des Suisses",92000,92050,Nanterre,3,0,0,"Plutôt à droite","Revenu moyen",44,19.52,30.12,9,48.883369,2.194356
141,"Rue des Ombraies",92000,92050,Nanterre,1,0,0,"Plutôt à droite","Quartier aisé",44,19.52,30.12,8,48.882272,2.195465
145,"Rue des Suisses",92000,92050,Nanterre,1,0,0,"Plutôt à droite","Quartier aisé",44,19.52,30.12,10,48.883243,2.195012
147,"Rue des Suisses",92000,92050,Nanterre,1,0,0,"Plutôt à droite","Quartier aisé",44,19.52,30.12,10,48.883208,2.194907
149,"Rue des Suisses",92000,92050,Nanterre,1,0,0,"Plutôt à droite","Quartier aisé",44,19.52,30.12,10,48.883129,2.194864
15,"Rue de Saint-Cloud",92000,92050,Nanterre,2,0,0,"Plutôt à droite","Quartier plus populaire",44,19.52,30.12,11,48.886235,2.200924
15,"Rue Joseph Terneau",92000,92050,Nanterre,1,0,0,"Plutôt à droite","Revenu moyen",44,19.52,30.12,9,48.88569,2.199299
151,"Rue des Suisses",92000,92050,Nanterre,1,0,0,"Plutôt à droite","Quartier aisé",44,19.52,30.12,10,48.882925,2.195017
154,"Rue des Suisses",92000,92050,Nanterre,4,0,0,"Plutôt à droite","Revenu moyen",44,19.52,30.12,9,48.883245,2.193893
16,"Rue du Docteur Charcot",92000,92050,Nanterre,1,0,0,"Plutôt à droite","Quartier plus populaire",44,19.52,30.12,11,48.882998,2.200233
16,"Rue Paul Vaillant-Couturier",92000,92050,Nanterre,1,0,0,"Plutôt à droite","Quartier plus populaire",44,19.52,30.12,11,48.886213,2.20138
165,"Rue des Suisses",92000,92050,Nanterre,1,0,0,"Plutôt à droite","Revenu moyen",44,19.52,30.12,9,48.883008,2.194046
16bis,"Rue du Docteur Charcot",92000,92050,Nanterre,1,0,0,"Plutôt à droite","Quartier plus populaire",44,19.52,30.12,11,48.883152,2.200021
17,"Rue de Saint-Cloud",92000,92050,Nanterre,1,0,0,"Plutôt à droite","Quartier plus populaire",44,19.52,30.12,11,48.886152,2.201131
17,"Rue Joseph Terneau",92000,92050,Nanterre,1,0,0,"Plutôt à droite","Revenu moyen",44,19.52,30.12,9,48.885574,2.199422
174,"Rue des Vignes",92000,92050,Nanterre,1,0,0,"Plutôt à droite","Quartier aisé",44,19.52,30.12,10,48.884161,2.197332
18,"Rue du Docteur Charcot",92000,92050,Nanterre,1,0,0,"Plutôt à droite","Quartier plus populaire",44,19.52,30.12,11,48.883139,2.199782
19,"Rue de Saint-Cloud",92000,92050,Nanterre,1,0,0,"Plutôt à droite","Quartier plus populaire",44,19.52,30.12,11,48.886076,2.201023
19,"Rue Joseph Terneau",92000,92050,Nanterre,1,0,0,"Plutôt à droite","Revenu moyen",44,19.52,30.12,9,48.88553,2.199458
2,"Passage des Suisses",92000,92050,Nanterre,1,0,0,"Plutôt à droite","Quartier aisé",44,19.52,30.12,8,48.884963,2.199693
20,"Rue des Ombraies",92000,92050,Nanterre,1,0,0,"Plutôt à droite","Revenu moyen",44,19.52,30.12,9,48.884496,2.200181
205,"Rue des Vignes",92000,92050,Nanterre,1,0,0,"Plutôt à droite","Quartier aisé",44,19.52,30.12,8,48.883939,2.197735
22,"Rue des Ombraies",92000,92050,Nanterre,1,0,0,"Plutôt à droite","Quartier aisé",44,19.52,30.12,8,48.88445,2.200086
22,"Rue du Docteur Charcot",92000,92050,Nanterre,1,0,0,"Plutôt à droite","Quartier plus populaire",44,19.52,30.12,11,48.882877,2.199906
22,"Rue Saint-Maurice",92000,92050,Nanterre,1,0,0,"Plutôt à droite","Revenu moyen",44,19.52,30.12,9,48.884293,2.194004
220,"Rue des Vignes",92000,92050,Nanterre,1,0,0,"Plutôt à droite","Quartier aisé",44,19.52,30.12,8,48.883764,2.197567
23,"Impasse des Pommiers",92000,92050,Nanterre,1,0,0,"Plutôt à droite","Quartier aisé",44,19.52,30.12,10,48.884701,2.196349
23,"Rue de Saint-Cloud",92000,92050,Nanterre,1,0,0,"Plutôt à droite","Quartier plus populaire",44,19.52,30.12,11,48.885976,2.201047
23,"Rue Saint-Maurice",92000,92050,Nanterre,11,13,0,"Plutôt à droite","Revenu moyen",44,19.52,30.12,38,48.884414,2.194192
231,"Rue des Vignes",92000,92050,Nanterre,1,0,0,"Plutôt à droite","Quartier aisé",44,19.52,30.12,8,48.883797,2.197877
23bis,"Rue Saint-Maurice",92000,92050,Nanterre,3,0,0,"Plutôt à droite","Revenu moyen",44,19.52,30.12,9,48.884494,2.194433
24,"Rue du Docteur Charcot",92000,92050,Nanterre,1,0,0,"Plutôt à droite","Quartier plus populaire",44,19.52,30.12,11,48.88283,2.199758
24,"Rue Saint-Maurice",92000,92050,Nanterre,1,0,0,"Plutôt à droite","Revenu moyen",44,19.52,30.12,9,48.884248,2.194198
249,"Rue des Vignes",92000,92050,Nanterre,1,0,0,"Plutôt à droite","Quartier aisé",44,19.52,30.12,8,48.883645,2.198
25,"Rue des Ombraies",92000,92050,Nanterre,1,0,0,"Plutôt à droite","Quartier aisé",44,19.52,30.12,8,48.883937,2.200075
25,"Rue des Suisses",92000,92050,Nanterre,1,0,0,"Plutôt à droite","Quartier plus populaire",44,19.52,30.12,11,48.885798,2.201762
250,"Rue des Vignes",92000,92050,Nanterre,1,0,0,"Plutôt à droite","Quartier aisé",44,19.52,30.12,8,48.883614,2.197692
25bis,"Rue des Ombraies",92000,92050,Nanterre,1,0,0,"Plutôt à droite","Quartier aisé",44,19.52,30.12,8,48.884072,2.199747
26,"Rue des Ombraies",92000,92050,Nanterre,1,0,0,"Plutôt à droite","Quartier aisé",44,19.52,30.12,8,48.884401,2.199971
26,"Rue du Docteur Charcot",92000,92050,Nanterre,1,0,0,"Plutôt à droite","Quartier plus populaire",44,19.52,30.12,11,48.882749,2.199697
26,"Rue Paul Vaillant-Couturier",92000,92050,Nanterre,1,0,0,"Plutôt à droite","Quartier plus populaire",44,19.52,30.12,11,48.885719,2.201645
26,"Rue Saint-Maurice",92000,92050,Nanterre,1,0,0,"Plutôt à droite","Revenu moyen",44,19.52,30.12,9,48.884162,2.194324
27,"Avenue du Maréchal Joffre",92000,92050,Nanterre,9,0,0,"Plutôt à droite","Revenu moyen",44,19.52,30.12,9,48.88561,2.197523
27,"Rue des Ombraies",92000,92050,Nanterre,1,0,0,"Plutôt à droite","Quartier aisé",44,19.52,30.12,8,48.883978,2.199643
28,"Rue des Ombraies",92000,92050,Nanterre,1,0,0,"Plutôt à droite","Quartier aisé",44,19.52,30.12,8,48.884451,2.199888
28,"Rue des Suisses",92000,92050,Nanterre,1,0,0,"Plutôt à droite","Quartier plus populaire",44,19.52,30.12,11,48.885977,2.201326
28,"Rue Paul Vaillant-Couturier",92000,92050,Nanterre,1,0,0,"Plutôt à droite","Quartier plus populaire",44,19.52,30.12,11,48.885712,2.20186
28bis,"Rue des Ombraies",92000,92050,Nanterre,1,0,0,"Plutôt à droite","Quartier aisé",44,19.52,30.12,8,48.884532,2.199675
29,"Rue de Saint-Cloud",92000,92050,Nanterre,1,0,0,"Plutôt à droite","Quartier plus populaire",44,19.52,30.12,11,48.885645,2.20118
29,"Rue des Ombraies",92000,92050,Nanterre,1,0,0,"Plutôt à droite","Quartier aisé",44,19.52,30.12,8,48.884001,2.199501
29,"Rue des Suisses",92000,92050,Nanterre,1,0,0,"Plutôt à droite","Quartier plus populaire",44,19.52,30.12,11,48.885811,2.201389
2ter,"Place de la Boule",92000,92050,Nanterre,5,0,0,"Plutôt à droite","Quartier plus populaire",44,19.52,30.12,11,48.886661,2.200096
3,"Avenue du Maréchal Joffre",92000,92050,Nanterre,1,15,0,"Plutôt à droite","Revenu moyen",44,19.52,30.12,38,48.886563,2.199761
3,"Passage des Suisses",92000,92050,Nanterre,1,0,0,"Plutôt à droite","Quartier aisé",44,19.52,30.12,8,48.88475,2.199443
30,"Rue de Saint-Cloud",92000,92050,Nanterre,1,3,0,"Plutôt à droite","Quartier plus populaire",44,19.52,30.12,13,48.885407,2.200919
30,"Rue des Ombraies",92000,92050,Nanterre,1,0,0,"Plutôt à droite","Quartier aisé",44,19.52,30.12,8,48.884326,2.199832
30,"Rue du Docteur Charcot",92000,92050,Nanterre,1,0,0,"Plutôt à droite","Quartier plus populaire",44,19.52,30.12,11,48.882823,2.199423
30,"Rue Paul Vaillant-Couturier",92000,92050,Nanterre,1,0,0,"Plutôt à droite","Quartier plus populaire",44,19.52,30.12,11,48.885642,2.201863
30,"Rue Saint-Maurice",92000,92050,Nanterre,1,0,0,"Plutôt à droite","Revenu moyen",44,19.52,30.12,9,48.884006,2.194462
31,"Avenue du Maréchal Joffre",92000,92050,Nanterre,1,0,0,"Plutôt à droite","Revenu moyen",44,19.52,30.12,9,48.8855,2.197232
31,"Rue de Saint-Cloud",92000,92050,Nanterre,1,0,0,"Plutôt à droite","Quartier plus populaire",44,19.52,30.12,11,48.885625,2.201319
31,"Rue des Ombraies",92000,92050,Nanterre,8,0,0,"Plutôt à droite","Quartier aisé",44,19.52,30.12,8,48.883955,2.199476
31,"Rue des Suisses",92000,92050,Nanterre,1,0,0,"Plutôt à droite","Quartier plus populaire",44,19.52,30.12,11,48.885714,2.201167
31,"Rue Saint-Maurice",92000,92050,Nanterre,1,0,0,"Plutôt à droite","Revenu moyen",44,19.52,30.12,9,48.884302,2.194372
32,"Rue de Saint-Cloud",92000,92050,Nanterre,1,0,0,"Plutôt à droite","Quartier plus populaire",44,19.52,30.12,11,48.885322,2.200917
32,"Rue des Ombraies",92000,92050,Nanterre,1,0,0,"Plutôt à droite","Quartier aisé",44,19.52,30.12,8,48.884329,2.199659
32,"Rue Paul Vaillant-Couturier",92000,92050,Nanterre,1,0,0,"Plutôt à droite","Quartier plus populaire",44,19.52,30.12,11,48.885569,2.201898
33,"Impasse des Pommiers",92000,92050,Nanterre,1,0,0,"Plutôt à droite","Quartier aisé",44,19.52,30.12,10,48.884633,2.196248
33,"Rue de Saint-Cloud",92000,92050,Nanterre,1,0,0,"Plutôt à droite","Quartier plus populaire",44,19.52,30.12,11,48.885517,2.201268
33,"Rue des Ombraies",92000,92050,Nanterre,1,0,0,"Plutôt à droite","Quartier aisé",44,19.52,30.12,8,48.883888,2.199382
33,"Rue des Suisses",92000,92050,Nanterre,1,0,0,"Plutôt à droite","Quartier plus populaire",44,19.52,30.12,11,48.885601,2.200968
33,"Rue Saint-Maurice",92000,92050,Nanterre,1,0,0,"Plutôt à droite","Revenu moyen",44,19.52,30.12,9,48.884251,2.194523
34,"Rue du Docteur Charcot",92000,92050,Nanterre,1,0,0,"Plutôt à droite","Quartier plus populaire",44,19.52,30.12,11,48.882607,2.199416
34,"Rue Paul Vaillant-Couturier",92000,92050,Nanterre,1,0,0,"Plutôt à droite","Quartier plus populaire",44,19.52,30.12,11,48.885435,2.201758
34,"Rue Saint-Maurice",92000,92050,Nanterre,1,0,0,"Plutôt à droite","Revenu moyen",44,19.52,30.12,9,48.883856,2.194705
35,"Rue de Saint-Cloud",92000,92050,Nanterre,1,0,0,"Plutôt à droite","Quartier plus populaire",44,19.52,30.12,11,48.885446,2.201298
35,"Rue des Suisses",92000,92050,Nanterre,1,0,0,"Plutôt à droite","Quartier plus populaire",44,19.52,30.12,11,48.88556,2.200839
35,"Rue Saint-Maurice",92000,92050,Nanterre,1,0,0,"Plutôt à droite","Revenu moyen",44,19.52,30.12,9,48.884219,2.194575
36,"Rue de Saint-Cloud",92000,92050,Nanterre,1,0,0,"Plutôt à droite","Quartier plus populaire",44,19.52,30.12,11,48.885214,2.200853
36,"Rue des Ombraies",92000,92050,Nanterre,1,0,0,"Plutôt à droite","Quartier aisé",44,19.52,30.12,8,48.884315,2.199431
36,"Rue des Suisses",92000,92050,Nanterre,1,0,0,"Plutôt à droite","Quartier plus populaire",44,19.52,30.12,11,48.88587,2.200788
36,"Rue du Docteur Charcot",92000,92050,Nanterre,1,0,0,"Plutôt à droite","Quartier plus populaire",44,19.52,30.12,11,48.882648,2.199228
36,"Rue Saint-Maurice",92000,92050,Nanterre,1,0,0,"Plutôt à droite","Quartier aisé",44,19.52,30.12,10,48.88378,2.194865
37,"Rue de Saint-Cloud",92000,92050,Nanterre,1,0,0,"Plutôt à droite","Quartier plus populaire",44,19.52,30.12,11,48.885394,2.201329
37,"Rue des Ombraies",92000,92050,Nanterre,1,0,0,"Plutôt à droite","Quartier aisé",44,19.52,30.12,8,48.883773,2.199218
37,"Rue des Vignes",92000,92050,Nanterre,24,39,0,"Plutôt à droite","Quartier plus populaire",44,19.52,30.12,45,48.885234,2.19635
37,"Rue Saint-Maurice",92000,92050,Nanterre,1,0,0,"Plutôt à droite","Revenu moyen",44,19.52,30.12,9,48.884189,2.194622
38,"Rue de Saint-Cloud",92000,92050,Nanterre,1,0,0,"Plutôt à droite","Quartier plus populaire",44,19.52,30.12,11,48.885162,2.200933
38,"Rue des Ombraies",92000,92050,Nanterre,1,0,0,"Plutôt à droite","Quartier aisé",44,19.52,30.12,8,48.884273,2.199305
38,"Rue des Suisses",92000,92050,Nanterre,1,0,0,"Plutôt à droite","Quartier plus populaire",44,19.52,30.12,11,48.885777,2.200662
38,"Rue du Docteur Charcot",92000,92050,Nanterre,1,0,0,"Plutôt à droite","Quartier plus populaire",44,19.52,30.12,11,48.882691,2.199054
38,"Rue Saint-Maurice",92000,92050,Nanterre,1,0,0,"Plutôt à droite","Quartier aisé",44,19.52,30.12,10,48.883676,2.194955
39,"Rue des Ombraies",92000,92050,Nanterre,1,0,0,"Plutôt à droite","Quartier aisé",44,19.52,30.12,8,48.883707,2.199208
39,"Rue des Vignes",92000,92050,Nanterre,3,0,0,"Plutôt à droite","Quartier plus populaire",44,19.52,30.12,15,48.885188,2.196399
39,"Rue Saint-Maurice",92000,92050,Nanterre,21,0,0,"Plutôt à droite","Quartier aisé",44,19.52,30.12,11,48.884172,2.195079
39bis,"Rue des Suisses",92000,92050,Nanterre,1,0,0,"Plutôt à droite","Quartier plus populaire",44,19.52,30.12,11,48.88551,2.200569
4,"Rue de Saint-Cloud",92000,92050,Nanterre,14,32,0,"Plutôt à droite","Quartier plus populaire",44,19.52,30.12,40,48.886426,2.200585
4,"Rue des Ombraies",92000,92050,Nanterre,1,0,0,"Plutôt à droite","Revenu moyen",44,19.52,30.12,9,48.884797,2.200908
40,"Rue de Saint-Cloud",92000,92050,Nanterre,1,0,0,"Plutôt à droite","Quartier plus populaire",44,19.52,30.12,11,48.885112,2.200987
40,"Rue des Suisses",92000,92050,Nanterre,7,0,0,"Plutôt à droite","Quartier plus populaire",44,19.52,30.12,11,48.885651,2.200431
41,"Rue de Saint-Cloud",92000,92050,Nanterre,1,0,0,"Plutôt à droite","Quartier plus populaire",44,19.52,30.12,11,48.885224,2.201417
41,"Rue des Ombraies",92000,92050,Nanterre,3,0,0,"Plutôt à droite","Quartier aisé",44,19.52,30.12,8,48.883801,2.19904
41,"Rue des Suisses",92000,92050,Nanterre,1,0,0,"Plutôt à droite","Quartier plus populaire",44,19.52,30.12,11,48.885477,2.200477
41,"Rue Saint-Maurice",92000,92050,Nanterre,4,0,0,"Plutôt à droite","Quartier aisé",44,19.52,30.12,10,48.884023,2.195224
42,"Rue de Saint-Cloud",92000,92050,Nanterre,1,0,0,"Plutôt à droite","Revenu moyen",44,19.52,30.12,9,48.885055,2.201042
42,"Rue des Ombraies",92000,92050,Nanterre,1,0,0,"Plutôt à droite","Quartier aisé",44,19.52,30.12,8,48.884276,2.19908
42,"Rue Paul Vaillant-Couturier",92000,92050,Nanterre,22,32,0,"Plutôt à droite","Revenu moyen",44,19.52,30.12,39,48.884813,2.202262
43,"Impasse des Pommiers",92000,92050,Nanterre,1,0,0,"Plutôt à droite","Quartier aisé",44,19.52,30.12,10,48.884599,2.196129
43,"Rue de Saint-Cloud",92000,92050,Nanterre,1,0,0,"Plutôt à droite","Quartier plus populaire",44,19.52,30.12,11,48.885141,2.2015
44,"Rue de Saint-Cloud",92000,92050,Nanterre,1,0,0,"Plutôt à droite","Revenu moyen",44,19.52,30.12,9,48.884986,2.201063
44,"Rue des Suisses",92000,92050,Nanterre,1,0,0,"Plutôt à droite","Quartier plus populaire",44,19.52,30.12,11,48.885678,2.200128
45,"Avenue du Maréchal Joffre",92000,92050,Nanterre,1,0,0,"Plutôt à droite","Quartier plus populaire",44,19.52,30.12,15,48.885047,2.195492
45,"Rue de Saint-Cloud",92000,92050,Nanterre,1,0,0,"Plutôt à droite","Revenu moyen",44,19.52,30.12,9,48.884989,2.201411
45,"Rue des Suisses",92000,92050,Nanterre,1,0,0,"Plutôt à droite","Quartier plus populaire",44,19.52,30.12,11,48.885331,2.200186
45,"Rue Saint-Maurice",92000,92050,Nanterre,1,0,0,"Plutôt à droite","Quartier aisé",44,19.52,30.12,10,48.883829,2.195028
46,"Rue du Docteur Charcot",92000,92050,Nanterre,1,0,0,"Plutôt à droite","Quartier plus populaire",44,19.52,30.12,11,48.88243,2.198859
47,"Avenue du Maréchal Joffre",92000,92050,Nanterre,1,0,0,"Plutôt à droite","Quartier plus populaire",44,19.52,30.12,15,48.884799,2.195775
47,"Rue de Saint-Cloud",92000,92050,Nanterre,1,0,0,"Plutôt à droite","Revenu moyen",44,19.52,30.12,9,48.884923,2.201408
47,"Rue des Ombraies",92000,92050,Nanterre,1,0,0,"Plutôt à droite","Quartier aisé",44,19.52,30.12,8,48.883639,2.198894
47,"Rue des Suisses",92000,92050,Nanterre,1,0,0,"Plutôt à droite","Quartier plus populaire",44,19.52,30.12,11,48.885087,2.200336
48,"Rue de Saint-Cloud",92000,92050,Nanterre,18,0,0,"Plutôt à droite","Revenu moyen",44,19.52,30.12,10,48.884171,2.201169
48,"Rue des Ombraies",92000,92050,Nanterre,1,0,0,"Plutôt à droite","Quartier aisé",44,19.52,30.12,8,48.884051,2.198841
48,"Rue des Suisses",92000,92050,Nanterre,3,0,0,"Plutôt à droite","Revenu moyen",44,19.52,30.12,9,48.885517,2.199932
48,"Rue du Docteur Charcot",92000,92050,Nanterre,1,0,0,"Plutôt à droite","Quartier plus populaire",44,19.52,30.12,11,48.882364,2.198724
49,"Rue de Saint-Cloud",92000,92050,Nanterre,1,0,0,"Plutôt à droite","Revenu moyen",44,19.52,30.12,9,48.884834,2.201412
49,"Rue des Ombraies",92000,92050,Nanterre,1,0,0,"Plutôt à droite","Quartier aisé",44,19.52,30.12,8,48.883612,2.19882
49,"Rue des Suisses",92000,92050,Nanterre,1,0,0,"Plutôt à droite","Revenu moyen",44,19.52,30.12,9,48.885234,2.199998
5bis,"Avenue du Maréchal Joffre",92000,92050,Nanterre,2,0,0,"Plutôt à droite","Revenu moyen",44,19.52,30.12,9,48.886332,2.199559
50,"Rue des Suisses",92000,92050,Nanterre,3,0,0,"Plutôt à droite","Quartier plus populaire",44,19.52,30.12,11,48.885555,2.200073
50,"Rue des Vignes",92000,92050,Nanterre,7,0,0,"Plutôt à droite","Quartier plus populaire",44,19.52,30.12,16,48.884955,2.196114
50,"Rue du Docteur Charcot",92000,92050,Nanterre,1,0,0,"Plutôt à droite","Quartier plus populaire",44,19.52,30.12,11,48.882265,2.198689
51,"Rue des Ombraies",92000,92050,Nanterre,1,0,0,"Plutôt à droite","Quartier aisé",44,19.52,30.12,8,48.883567,2.198751
51,"Rue des Suisses",92000,92050,Nanterre,1,0,0,"Plutôt à droite","Revenu moyen",44,19.52,30.12,9,48.885204,2.199893
52,"Rue des Suisses",92000,92050,Nanterre,1,0,0,"Plutôt à droite","Revenu moyen",44,19.52,30.12,9,48.885412,2.199789
52,"Rue du Docteur Charcot",92000,92050,Nanterre,1,0,0,"Plutôt à droite","Quartier plus populaire",44,19.52,30.12,11,48.882232,2.198528
53,"Rue de Saint-Cloud",92000,92050,Nanterre,1,0,0,"Plutôt à droite","Revenu moyen",44,19.52,30.12,9,48.884687,2.201466
53,"Rue des Ombraies",92000,92050,Nanterre,1,0,0,"Plutôt à droite","Quartier aisé",44,19.52,30.12,8,48.88349,2.198716
53,"Rue des Suisses",92000,92050,Nanterre,1,0,0,"Plutôt à droite","Revenu moyen",44,19.52,30.12,9,48.885182,2.19973
55,"Rue de Saint-Cloud",92000,92050,Nanterre,1,0,0,"Plutôt à droite","Revenu moyen",44,19.52,30.12,9,48.884622,2.201413
55,"Rue des Ombraies",92000,92050,Nanterre,1,0,0,"Plutôt à droite","Quartier aisé",44,19.52,30.12,8,48.883413,2.198592
55,"Rue des Suisses",92000,92050,Nanterre,1,0,0,"Plutôt à droite","Revenu moyen",44,19.52,30.12,9,48.885035,2.199693
56,"Rue des Ombraies",92000,92050,Nanterre,1,0,0,"Plutôt à droite","Quartier aisé",44,19.52,30.12,8,48.883815,2.198579
56,"Rue du Docteur Charcot",92000,92050,Nanterre,1,0,0,"Plutôt à droite","Quartier plus populaire",44,19.52,30.12,11,48.882192,2.198408
57,"Avenue du Maréchal Joffre",92000,92050,Nanterre,1,0,0,"Plutôt à droite","Quartier plus populaire",44,19.52,30.12,15,48.884804,2.194907
57,"Rue des Ombraies",92000,92050,Nanterre,1,0,0,"Plutôt à droite","Quartier aisé",44,19.52,30.12,8,48.883437,2.198468
57,"Rue des Suisses",92000,92050,Nanterre,1,0,0,"Plutôt à droite","Revenu moyen",44,19.52,30.12,9,48.885093,2.199527
58,"Rue des Ombraies",92000,92050,Nanterre,1,0,0,"Plutôt à droite","Quartier aisé",44,19.52,30.12,8,48.883822,2.198447
58,"Rue du Docteur Charcot",92000,92050,Nanterre,2,0,0,"Plutôt à droite","Quartier plus populaire",44,19.52,30.12,11,48.882166,2.198346
58,"Rue Mac Mahon",92000,92050,Nanterre,1,0,0,"Plutôt à droite","Revenu moyen",44,19.52,30.12,9,48.882956,2.194384
59,"Avenue du Maréchal Joffre",92000,92050,Nanterre,1,0,0,"Plutôt à droite","Quartier plus populaire",44,19.52,30.12,15,48.884715,2.19478
59,"Rue de Saint-Cloud",92000,92050,Nanterre,1,0,0,"Plutôt à droite","Revenu moyen",44,19.52,30.12,9,48.884469,2.201444
59,"Rue des Ombraies",92000,92050,Nanterre,1,0,0,"Plutôt à droite","Quartier aisé",44,19.52,30.12,8,48.883436,2.198361
59,"Rue des Suisses",92000,92050,Nanterre,1,0,0,"Plutôt à droite","Revenu moyen",44,19.52,30.12,9,48.885052,2.199441
59bis,"Avenue du Maréchal Joffre",92000,92050,Nanterre,7,6,0,"Plutôt à droite","Quartier plus populaire",44,19.52,30.12,29,48.884727,2.194568
6,"Rue des Ombraies",92000,92050,Nanterre,1,0,0,"Plutôt à droite","Revenu moyen",44,19.52,30.12,9,48.884742,2.200802
6,"Rue du Docteur Charcot",92000,92050,Nanterre,1,0,0,"Plutôt à droite","Revenu moyen",44,19.52,30.12,9,48.883357,2.200747
60,"Rue du Docteur Charcot",92000,92050,Nanterre,1,0,0,"Plutôt à droite","Quartier plus populaire",44,19.52,30.12,11,48.882103,2.198286
60,"Rue Mac Mahon",92000,92050,Nanterre,1,0,0,"Plutôt à droite","Revenu moyen",44,19.52,30.12,9,48.883023,2.194494
61,"Avenue du Maréchal Joffre",92000,92050,Nanterre,9,8,0,"Plutôt à droite","Quartier plus populaire",44,19.52,30.12,38,48.884649,2.194348
61,"Rue des Ombraies",92000,92050,Nanterre,1,0,0,"Plutôt à droite","Quartier aisé",44,19.52,30.12,8,48.883489,2.198243
61,"Rue des Suisses",92000,92050,Nanterre,1,0,0,"Plutôt à droite","Quartier aisé",44,19.52,30.12,8,48.884945,2.199364
62,"Rue des Ombraies",92000,92050,Nanterre,1,0,0,"Plutôt à droite","Quartier aisé",44,19.52,30.12,8,48.883803,2.198383
63,"Rue des Ombraies",92000,92050,Nanterre,1,0,0,"Plutôt à droite","Quartier aisé",44,19.52,30.12,8,48.883413,2.198234
63,"Rue des Suisses",92000,92050,Nanterre,1,0,0,"Plutôt à droite","Quartier aisé",44,19.52,30.12,8,48.884877,2.199191
64,"Rue des Ombraies",92000,92050,Nanterre,1,0,0,"Plutôt à droite","Quartier aisé",44,19.52,30.12,8,48.883897,2.198098
64,"Rue des Suisses",92000,92050,Nanterre,1,0,0,"Plutôt à droite","Revenu moyen",44,19.52,30.12,9,48.884995,2.19884
64,"Rue du Docteur Charcot",92000,92050,Nanterre,1,0,0,"Plutôt à droite","Quartier plus populaire",44,19.52,30.12,11,48.882357,2.197894
64bis,"Rue du Docteur Charcot",92000,92050,Nanterre,1,0,0,"Plutôt à droite","Quartier plus populaire",44,19.52,30.12,11,48.882067,2.198159
65,"Avenue du Maréchal Joffre",92000,92050,Nanterre,6,11,0,"Plutôt à droite","Revenu moyen",44,19.52,30.12,38,48.884447,2.193766
65,"Rue de Saint-Cloud",92000,92050,Nanterre,1,0,0,"Plutôt à droite","Revenu moyen",44,19.52,30.12,9,48.884254,2.201469
65,"Rue des Ombraies",92000,92050,Nanterre,1,0,0,"Plutôt à droite","Quartier aisé",44,19.52,30.12,8,48.883375,2.198131
65,"Rue des Suisses",92000,92050,Nanterre,10,13,0,"Plutôt à droite","Quartier aisé",44,19.52,30.12,37,48.884849,2.198932
66,"Rue des Ombraies",92000,92050,Nanterre,1,0,0,"Plutôt à droite","Quartier aisé",44,19.52,30.12,8,48.883742,2.198223
66,"Rue des Suisses",92000,92050,Nanterre,1,0,0,"Plutôt à droite","Revenu moyen",44,19.52,30.12,9,48.884988,2.198501
66,"Rue du Docteur Charcot",92000,92050,Nanterre,1,0,0,"Plutôt à droite","Quartier plus populaire",44,19.52,30.12,11,48.882035,2.198108
68,"Rue des Suisses",92000,92050,Nanterre,1,0,0,"Plutôt à droite","Quartier aisé",44,19.52,30.12,8,48.88487,2.198404
68,"Rue du Docteur Charcot",92000,92050,Nanterre,1,0,0,"Plutôt à droite","Quartier plus populaire",44,19.52,30.12,11,48.88194,2.198115
69,"Rue des Ombraies",92000,92050,Nanterre,1,0,0,"Plutôt à droite","Quartier aisé",44,19.52,30.12,8,48.883349,2.19808
69,"Rue des Suisses",92000,92050,Nanterre,1,0,0,"Plutôt à droite","Quartier aisé",44,19.52,30.12,8,48.88474,2.198717
7,"Avenue du Maréchal Joffre",92000,92050,Nanterre,1,0,0,"Plutôt à droite","Revenu moyen",44,19.52,30.12,9,48.886308,2.199458
70,"Rue des Ombraies",92000,92050,Nanterre,1,0,0,"Plutôt à droite","Quartier aisé",44,19.52,30.12,8,48.883629,2.198116
71,"Avenue du Maréchal Joffre",92000,92050,Nanterre,1,0,0,"Plutôt à droite","Revenu moyen",44,19.52,30.12,9,48.884221,2.193238
71,"Rue de Saint-Cloud",92000,92050,Nanterre,1,0,0,"Plutôt à droite","Revenu moyen",44,19.52,30.12,9,48.88414,2.201442
71,"Rue des Ombraies",92000,92050,Nanterre,1,0,0,"Plutôt à droite","Quartier aisé",44,19.52,30.12,8,48.883336,2.197967
72,"Rue du Docteur Charcot",92000,92050,Nanterre,1,0,0,"Plutôt à droite","Quartier aisé",44,19.52,30.12,8,48.882365,2.197377
73,"Avenue du Maréchal Joffre",92000,92050,Nanterre,1,0,0,"Plutôt à droite","Revenu moyen",44,19.52,30.12,9,48.884175,2.193163
73,"Rue des Ombraies",92000,92050,Nanterre,1,0,0,"Plutôt à droite","Quartier aisé",44,19.52,30.12,8,48.883262,2.197875
73,"Rue des Suisses",92000,92050,Nanterre,1,0,0,"Plutôt à droite","Quartier aisé",44,19.52,30.12,8,48.884669,2.198495
74,"Rue du Docteur Charcot",92000,92050,Nanterre,1,0,0,"Plutôt à droite","Quartier aisé",44,19.52,30.12,8,48.882563,2.197144
75,"Rue des Ombraies",92000,92050,Nanterre,1,0,0,"Plutôt à droite","Quartier aisé",44,19.52,30.12,8,48.883227,2.197741
75,"Rue des Vignes",92000,92050,Nanterre,2,0,0,"Plutôt à droite","Quartier plus populaire",44,19.52,30.12,15,48.884925,2.196711
77,"Avenue du Maréchal Joffre",92000,92050,Nanterre,4,0,0,"Plutôt à droite","Revenu moyen",44,19.52,30.12,9,48.884074,2.193154
78,"Rue de Saint-Cloud",92000,92050,Nanterre,1,0,0,"Plutôt à droite","Revenu moyen",44,19.52,30.12,9,48.883865,2.201177
78,"Rue des Ombraies",92000,92050,Nanterre,1,0,0,"Plutôt à droite","Quartier aisé",44,19.52,30.12,8,48.883485,2.197676
79,"Avenue du Maréchal Joffre",92000,92050,Nanterre,1,0,0,"Plutôt à droite","Revenu moyen",44,19.52,30.12,9,48.884074,2.192956
79,"Rue de Saint-Cloud",92000,92050,Nanterre,1,0,0,"Plutôt à droite","Revenu moyen",44,19.52,30.12,9,48.883797,2.201397
79,"Rue des Ombraies",92000,92050,Nanterre,1,0,0,"Plutôt à droite","Quartier aisé",44,19.52,30.12,8,48.883175,2.197619
79,"Rue des Suisses",92000,92050,Nanterre,6,0,0,"Plutôt à droite","Quartier aisé",44,19.52,30.12,8,48.884494,2.198056
80,"Rue des Suisses",92000,92050,Nanterre,1,0,0,"Plutôt à droite","Quartier aisé",44,19.52,30.12,8,48.884544,2.197555
80,"Rue du Docteur Charcot",92000,92050,Nanterre,1,0,0,"Plutôt à droite","Quartier aisé",44,19.52,30.12,8,48.881796,2.197577
81,"Rue des Ombraies",92000,92050,Nanterre,1,0,0,"Plutôt à droite","Quartier aisé",44,19.52,30.12,10,48.88314,2.197547
81,"Rue des Suisses",92000,92050,Nanterre,1,0,0,"Plutôt à droite","Quartier aisé",44,19.52,30.12,8,48.884443,2.197994
82,"Rue des Ombraies",92000,92050,Nanterre,1,0,0,"Plutôt à droite","Quartier aisé",44,19.52,30.12,8,48.883454,2.19758
82,"Rue des Suisses",92000,92050,Nanterre,1,0,0,"Plutôt à droite","Quartier aisé",44,19.52,30.12,8,48.884509,2.197456
83,"Rue des Ombraies",92000,92050,Nanterre,1,0,0,"Plutôt à droite","Quartier aisé",44,19.52,30.12,10,48.883181,2.197368
83,"Rue des Suisses",92000,92050,Nanterre,1,0,0,"Plutôt à droite","Quartier aisé",44,19.52,30.12,8,48.884415,2.197859
84,"Rue des Suisses",92000,92050,Nanterre,1,0,0,"Plutôt à droite","Quartier aisé",44,19.52,30.12,8,48.884489,2.197393
85,"Rue des Suisses",92000,92050,Nanterre,1,0,0,"Plutôt à droite","Quartier aisé",44,19.52,30.12,8,48.884271,2.198017
86,"Rue des Suisses",92000,92050,Nanterre,1,0,0,"Plutôt à droite","Quartier aisé",44,19.52,30.12,10,48.884475,2.197345
87,"Rue des Ombraies",92000,92050,Nanterre,1,0,0,"Plutôt à droite","Quartier aisé",44,19.52,30.12,8,48.882999,2.19738
87,"Rue des Suisses",92000,92050,Nanterre,1,0,0,"Plutôt à droite","Quartier aisé",44,19.52,30.12,8,48.884223,2.197806
88,"Rue des Ombraies",92000,92050,Nanterre,1,0,0,"Plutôt à droite","Quartier aisé",44,19.52,30.12,10,48.883368,2.197181
88,"Rue des Suisses",92000,92050,Nanterre,1,0,0,"Plutôt à droite","Quartier aisé",44,19.52,30.12,10,48.884358,2.196977
89,"Rue des Suisses",92000,92050,Nanterre,1,0,0,"Plutôt à droite","Quartier aisé",44,19.52,30.12,8,48.8843,2.19764
9,"Avenue du Maréchal Joffre",92000,92050,Nanterre,1,0,0,"Plutôt à droite","Revenu moyen",44,19.52,30.12,9,48.886105,2.199421
9,"Rue de Saint-Cloud",92000,92050,Nanterre,1,0,0,"Plutôt à droite","Quartier plus populaire",44,19.52,30.12,11,48.886446,2.200775
90,"Rue des Ombraies",92000,92050,Nanterre,1,0,0,"Plutôt à droite","Quartier aisé",44,19.52,30.12,10,48.883322,2.197106
90,"Rue des Suisses",92000,92050,Nanterre,1,0,0,"Plutôt à droite","Quartier aisé",44,19.52,30.12,10,48.884293,2.19687
90,"Rue du Docteur Charcot",92000,92050,Nanterre,1,0,0,"Plutôt à droite","Quartier aisé",44,19.52,30.12,8,48.881573,2.197291
91,"Rue des Suisses",92000,92050,Nanterre,1,0,0,"Plutôt à droite","Quartier aisé",44,19.52,30.12,8,48.883916,2.197873
91bis,"Rue des Suisses",92000,92050,Nanterre,2,0,0,"Plutôt à droite","Quartier aisé",44,19.52,30.12,8,48.884266,2.197561
92,"Rue des Ombraies",92000,92050,Nanterre,1,0,0,"Plutôt à droite","Quartier aisé",44,19.52,30.12,10,48.883292,2.196926
93,"Rue des Ombraies",92000,92050,Nanterre,1,0,0,"Plutôt à droite","Quartier aisé",44,19.52,30.12,10,48.883048,2.197054
94,"Rue des Ombraies",92000,92050,Nanterre,1,0,0,"Plutôt à droite","Quartier aisé",44,19.52,30.12,10,48.883426,2.196695
94,"Rue des Suisses",92000,92050,Nanterre,1,0,0,"Plutôt à droite","Quartier aisé",44,19.52,30.12,10,48.884473,2.196424
94,"Rue du Docteur Charcot",92000,92050,Nanterre,1,0,0,"Plutôt à droite","Quartier aisé",44,19.52,30.12,8,48.881489,2.197273
96,"Rue des Suisses",92000,92050,Nanterre,1,0,0,"Plutôt à droite","Quartier aisé",44,19.52,30.12,10,48.884243,2.196689
96,"Rue du Docteur Charcot",92000,92050,Nanterre,1,0,0,"Plutôt à droite","Quartier aisé",44,19.52,30.12,8,48.881488,2.19712
97,"Rue des Suisses",92000,92050,Nanterre,1,0,0,"Plutôt à droite","Quartier aisé",44,19.52,30.12,10,48.88416,2.19714
98,"Rue des Suisses",92000,92050,Nanterre,1,0,0,"Plutôt à droite","Quartier aisé",44,19.52,30.12,10,48.884221,2.196563
99,"Rue des Ombraies",92000,92050,Nanterre,1,0,0,"Plutôt à droite","Quartier aisé",44,19.52,30.12,10,48.883041,2.196898
99,"Rue des Suisses",92000,92050,Nanterre,1,0,0,"Plutôt à droite","Quartier aisé",44,19.52,30.12,10,48.883957,2.197293
9bis,"Avenue du Maréchal Joffre",92000,92050,Nanterre,1,0,0,"Plutôt à droite","Revenu moyen",44,19.52,30.12,9,48.886298,2.199157
1,"Rue Camille Desmoulins",92000,92050,Nanterre,5,7,0,"Plutôt à droite","Revenu moyen",49,24.6,36.54,30,48.879877,2.20304
1,"Rue des Chailliers",92000,92050,Nanterre,1,0,0,"Plutôt à droite","Revenu moyen",49,24.6,36.54,9,48.882881,2.2026
1,"Rue des Molières",92000,92050,Nanterre,1,0,0,"Plutôt à droite","Quartier aisé",49,24.6,36.54,9,48.879401,2.200674
1,"Rue Erik Satie",92000,92050,Nanterre,2,1,0,"Plutôt à droite","Quartier plus populaire",49,24.6,36.54,10,48.880254,2.204007
1,"Rue Frédéric Smetana",92000,92050,Nanterre,1,0,0,"Plutôt à droite","Quartier plus populaire",49,24.6,36.54,11,48.882276,2.20422
1,"Rue Saint-Just",92000,92050,Nanterre,7,7,0,"Plutôt à droite","Quartier plus populaire",49,24.6,36.54,31,48.878723,2.20365
10,"Rue des Chailliers",92000,92050,Nanterre,1,0,0,"Plutôt à droite","Revenu moyen",49,24.6,36.54,9,48.882374,2.201441
10,"Rue des Molières",92000,92050,Nanterre,1,0,0,"Plutôt à droite","Quartier aisé",49,24.6,36.54,9,48.878951,2.200877
10,"Rue Erik Satie",92000,92050,Nanterre,1,1,0,"Plutôt à droite","Quartier plus populaire",49,24.6,36.54,10,48.880157,2.204413
10,"Rue Frédéric Smetana",92000,92050,Nanterre,1,0,0,"Plutôt à droite","Quartier plus populaire",49,24.6,36.54,11,48.881884,2.204013
10,"Rue Georges Enesco",92000,92050,Nanterre,1,0,0,"Plutôt à droite","Revenu moyen",49,24.6,36.54,10,48.881601,2.202975
10,"Rue Gracchus Babeuf",92000,92050,Nanterre,2,1,0,"Plutôt à droite","Quartier plus populaire",49,24.6,36.54,12,48.879326,2.201643
10,"Rue Pierre Larousse",92000,92050,Nanterre,2,0,0,"Plutôt à droite","Quartier plus populaire",49,24.6,36.54,12,48.882756,2.203724
10bis,"Impasse des Abeilles",92000,92050,Nanterre,2,0,0,"Plutôt à droite","Quartier plus populaire",49,24.6,36.54,10,48.880486,2.205356
100,"Rue de Saint-Cloud",92000,92050,Nanterre,1,0,0,"Plutôt à droite","Revenu moyen",49,24.6,36.54,9,48.882634,2.200938
100,"Rue des Chailliers",92000,92050,Nanterre,1,0,0,"Plutôt à droite","Quartier plus populaire",49,24.6,36.54,11,48.879741,2.203421
100,"Rue Paul Vaillant-Couturier",92000,92050,Nanterre,2,0,0,"Plutôt à droite","Quartier plus populaire",49,24.6,36.54,12,48.882585,2.204228
101,"Rue de Saint-Cloud",92000,92050,Nanterre,1,0,0,"Plutôt à droite","Revenu moyen",49,24.6,36.54,9,48.882387,2.201346
103,"Rue de Saint-Cloud",92000,92050,Nanterre,1,0,0,"Plutôt à droite","Revenu moyen",49,24.6,36.54,9,48.882301,2.201284
104,"Rue de Saint-Cloud",92000,92050,Nanterre,1,0,0,"Plutôt à droite","Revenu moyen",49,24.6,36.54,9,48.882555,2.200843
106,"Rue de Saint-Cloud",92000,92050,Nanterre,1,0,0,"Plutôt à droite","Revenu moyen",49,24.6,36.54,9,48.882287,2.200887
107,"Rue de Saint-Cloud",92000,92050,Nanterre,1,0,0,"Plutôt à droite","Revenu moyen",49,24.6,36.54,9,48.882238,2.201229
11,"Rue de Buzenval",92000,92050,Nanterre,1,0,0,"Plutôt à droite","Revenu moyen",49,24.6,36.54,10,48.880084,2.202069
11,"Rue du Docteur Charcot",92000,92050,Nanterre,1,0,0,"Plutôt à droite","Revenu moyen",49,24.6,36.54,9,48.882894,2.200567
11,"Rue Elisée Reclus",92000,92050,Nanterre,1,0,0,"Plutôt à droite","Revenu moyen",49,24.6,36.54,10,48.880412,2.203388
11,"Rue Erik Satie",92000,92050,Nanterre,1,1,0,"Plutôt à droite","Quartier plus populaire",49,24.6,36.54,10,48.880449,2.204038
11,"Rue Pierre Larousse",92000,92050,Nanterre,1,0,0,"Plutôt à droite","Revenu moyen",49,24.6,36.54,9,48.881847,2.20314
11,"Rue Rossini",92000,92050,Nanterre,1,0,0,"Plutôt à droite","Quartier plus populaire",49,24.6,36.54,10,48.88161,2.203646
110,"Rue de Saint-Cloud",92000,92050,Nanterre,13,0,0,"Plutôt à droite","Revenu moyen",49,24.6,36.54,10,48.882048,2.200665
111,"Rue de Saint-Cloud",92000,92050,Nanterre,1,0,0,"Plutôt à droite","Revenu moyen",49,24.6,36.54,9,48.882027,2.201286
112,"Rue de Garches",92000,92050,Nanterre,1,0,0,"Plutôt à droite","Quartier aisé",49,24.6,36.54,10,48.878109,2.204599
112,"Rue de Saint-Cloud",92000,92050,Nanterre,16,23,0,"Plutôt à droite","Quartier plus populaire",49,24.6,36.54,42,48.881769,2.200479
114,"Rue de Saint-Cloud",92000,92050,Nanterre,23,28,0,"Plutôt à droite","Quartier plus populaire",49,24.6,36.54,42,48.881836,2.200021
114,"Rue des Chailliers",92000,92050,Nanterre,1,1,0,"Plutôt à droite","Quartier plus populaire",49,24.6,36.54,11,48.879307,2.203793
116,"Rue de Saint-Cloud",92000,92050,Nanterre,14,27,0,"Plutôt à droite","Quartier plus populaire",49,24.6,36.54,41,48.881538,2.199832
116,"Rue des Chailliers",92000,92050,Nanterre,6,6,0,"Plutôt à droite","Quartier plus populaire",49,24.6,36.54,26,48.879202,2.203894
117bis,"Rue de Saint-Cloud",92000,92050,Nanterre,1,0,0,"Plutôt à droite","Revenu moyen",49,24.6,36.54,9,48.881665,2.201379
118,"Rue de Garches",92000,92050,Nanterre,2,1,0,"Plutôt à droite","Quartier aisé",49,24.6,36.54,10,48.878076,2.204198
118,"Rue des Chailliers",92000,92050,Nanterre,1,1,0,"Plutôt à droite","Quartier plus populaire",49,24.6,36.54,11,48.879086,2.203967
119,"Rue de Saint-Cloud",92000,92050,Nanterre,3,0,0,"Plutôt à droite","Revenu moyen",49,24.6,36.54,9,48.881627,2.201142
119bis,"Rue de Saint-Cloud",92000,92050,Nanterre,2,0,0,"Plutôt à droite","Revenu moyen",49,24.6,36.54,9,48.881748,2.201394
11bis,"Rue Elisée Reclus",92000,92050,Nanterre,1,0,0,"Plutôt à droite","Quartier plus populaire",49,24.6,36.54,10,48.880485,2.203544
12,"Rue de Buzenval",92000,92050,Nanterre,1,0,0,"Plutôt à droite","Revenu moyen",49,24.6,36.54,10,48.880358,2.201894
12,"Rue des Molières",92000,92050,Nanterre,1,0,0,"Plutôt à droite","Quartier aisé",49,24.6,36.54,9,48.878917,2.200944
12,"Rue Erik Satie",92000,92050,Nanterre,1,1,0,"Plutôt à droite","Quartier plus populaire",49,24.6,36.54,10,48.880145,2.204473
12,"Rue Georges Enesco",92000,92050,Nanterre,1,0,0,"Plutôt à droite","Revenu moyen",49,24.6,36.54,10,48.881574,2.203019
12,"Rue Gracchus Babeuf",92000,92050,Nanterre,2,1,0,"Plutôt à droite","Quartier plus populaire",49,24.6,36.54,12,48.879373,2.20171
12,"Rue Pierre Larousse",92000,92050,Nanterre,1,0,0,"Plutôt à droite","Quartier plus populaire",49,24.6,36.54,11,48.882352,2.203861
121,"Rue de Saint-Cloud",92000,92050,Nanterre,4,0,0,"Plutôt à droite","Revenu moyen",49,24.6,36.54,10,48.881414,2.201167
122,"Rue des Chailliers",92000,92050,Nanterre,1,1,0,"Plutôt à droite","Quartier plus populaire",49,24.6,36.54,11,48.878921,2.204095
123,"Rue de Saint-Cloud",92000,92050,Nanterre,3,0,0,"Plutôt à droite","Revenu moyen",49,24.6,36.54,10,48.881075,2.20144
124,"Rue des Chailliers",92000,92050,Nanterre,4,6,0,"Plutôt à droite","Quartier plus populaire",49,24.6,36.54,25,48.878807,2.204147
125,"Rue de Saint-Cloud",92000,92050,Nanterre,4,0,0,"Plutôt à droite","Revenu moyen",49,24.6,36.54,10,48.880881,2.201172
126,"Rue de Garches",92000,92050,Nanterre,2,1,0,"Plutôt à droite","Quartier aisé",49,24.6,36.54,11,48.878011,2.203882
126,"Rue des Chailliers",92000,92050,Nanterre,2,1,0,"Plutôt à droite","Quartier plus populaire",49,24.6,36.54,11,48.878728,2.20422
128,"Rue de Garches",92000,92050,Nanterre,2,1,0,"Plutôt à droite","Quartier aisé",49,24.6,36.54,11,48.877974,2.203775
128,"Rue Paul Vaillant-Couturier",92000,92050,Nanterre,1,0,0,"Plutôt à droite","Quartier plus populaire",49,24.6,36.54,11,48.881829,2.204578
129,"Rue de Saint-Cloud",92000,92050,Nanterre,1,0,0,"Plutôt à droite","Revenu moyen",49,24.6,36.54,10,48.881214,2.201013
129bis,"Rue de Saint-Cloud",92000,92050,Nanterre,1,0,0,"Plutôt à droite","Revenu moyen",49,24.6,36.54,10,48.881137,2.201084
13,"Rue de Buzenval",92000,92050,Nanterre,1,0,0,"Plutôt à droite","Revenu moyen",49,24.6,36.54,10,48.879972,2.202017
13,"Rue Elisée Reclus",92000,92050,Nanterre,1,0,0,"Plutôt à droite","Quartier plus populaire",49,24.6,36.54,10,48.880384,2.20357
13,"Rue Erik Satie",92000,92050,Nanterre,2,1,0,"Plutôt à droite","Quartier plus populaire",49,24.6,36.54,10,48.880614,2.204178
13,"Rue Rossini",92000,92050,Nanterre,1,0,0,"Plutôt à droite","Quartier plus populaire",49,24.6,36.54,10,48.881565,2.203673
132,"Rue de Garches",92000,92050,Nanterre,1,0,0,"Plutôt à droite","Quartier aisé",49,24.6,36.54,10,48.877868,2.2035
134,"Rue de Garches",92000,92050,Nanterre,1,0,0,"Plutôt à droite","Quartier aisé",49,24.6,36.54,10,48.877815,2.203368
136,"Rue de Garches",92000,92050,Nanterre,1,0,0,"Plutôt à droite","Quartier aisé",49,24.6,36.54,10,48.877787,2.203273
136,"Rue des Chailliers",92000,92050,Nanterre,1,0,0,"Plutôt à droite","Quartier plus populaire",49,24.6,36.54,11,48.878414,2.204454
136,"Rue Paul Vaillant-Couturier",92000,92050,Nanterre,1,0,0,"Plutôt à droite","Quartier plus populaire",49,24.6,36.54,11,48.881752,2.204854
137,"Rue de Saint-Cloud",92000,92050,Nanterre,1,0,0,"Plutôt à droite","Revenu moyen",49,24.6,36.54,10,48.880799,2.20091
138,"Rue Paul Vaillant-Couturier",92000,92050,Nanterre,1,0,0,"Plutôt à droite","Quartier plus populaire",49,24.6,36.54,10,48.881694,2.204874
14,"Rue de Buzenval",92000,92050,Nanterre,1,0,0,"Plutôt à droite","Revenu moyen",49,24.6,36.54,10,48.880331,2.201798
14,"Rue des Molières",92000,92050,Nanterre,1,0,0,"Plutôt à droite","Quartier plus populaire",49,24.6,36.54,11,48.878857,2.201032
14,"Rue Erik Satie",92000,92050,Nanterre,1,1,0,"Plutôt à droite","Quartier plus populaire",49,24.6,36.54,10,48.880152,2.204542
14,"Rue Georges Enesco",92000,92050,Nanterre,1,0,0,"Plutôt à droite","Revenu moyen",49,24.6,36.54,10,48.881519,2.203049
14,"Rue Gracchus Babeuf",92000,92050,Nanterre,1,1,0,"Plutôt à droite","Quartier plus populaire",49,24.6,36.54,11,48.879429,2.201804
14,"Rue Pierre Larousse",92000,92050,Nanterre,1,0,0,"Plutôt à droite","Quartier plus populaire",49,24.6,36.54,11,48.882362,2.203761
14,"Rue Rossini",92000,92050,Nanterre,1,0,0,"Plutôt à droite","Quartier plus populaire",49,24.6,36.54,10,48.881666,2.204184
144,"Rue Paul Vaillant-Couturier",92000,92050,Nanterre,1,0,0,"Plutôt à droite","Quartier plus populaire",49,24.6,36.54,10,48.881563,2.205109
146,"Rue Paul Vaillant-Couturier",92000,92050,Nanterre,1,0,0,"Plutôt à droite","Quartier plus populaire",49,24.6,36.54,10,48.881476,2.205078
15,"Rue des Molières",92000,92050,Nanterre,2,0,0,"Plutôt à droite","Quartier plus populaire",49,24.6,36.54,11,48.879117,2.20121
15,"Rue du Docteur Charcot",92000,92050,Nanterre,1,0,0,"Plutôt à droite","Revenu moyen",49,24.6,36.54,9,48.88269,2.200489
15,"Rue Rossini",92000,92050,Nanterre,1,0,0,"Plutôt à droite","Quartier plus populaire",49,24.6,36.54,10,48.881534,2.203764
150,"Rue Paul Vaillant-Couturier",92000,92050,Nanterre,1,0,0,"Plutôt à droite","Quartier plus populaire",49,24.6,36.54,10,48.881387,2.205221
152,"Rue Paul Vaillant-Couturier",92000,92050,Nanterre,1,0,0,"Plutôt à droite","Quartier plus populaire",49,24.6,36.54,10,48.881248,2.205226
158,"Rue Paul Vaillant-Couturier",92000,92050,Nanterre,2,0,0,"Plutôt à droite","Quartier plus populaire",49,24.6,36.54,10,48.880979,2.205204
16,"Rue de Buzenval",92000,92050,Nanterre,2,0,0,"Plutôt à droite","Revenu moyen",49,24.6,36.54,10,48.880365,2.201617
16,"Rue des Chailliers",92000,92050,Nanterre,1,0,0,"Plutôt à droite","Revenu moyen",49,24.6,36.54,9,48.882185,2.201626
16,"Rue des Molières",92000,92050,Nanterre,1,0,0,"Plutôt à droite","Quartier plus populaire",49,24.6,36.54,11,48.878808,2.201098
16,"Rue Erik Satie",92000,92050,Nanterre,1,1,0,"Plutôt à droite","Quartier plus populaire",49,24.6,36.54,10,48.880321,2.204525
16,"Rue Georges Enesco",92000,92050,Nanterre,1,0,0,"Plutôt à droite","Revenu moyen",49,24.6,36.54,10,48.881474,2.203113
16,"Rue Gracchus Babeuf",92000,92050,Nanterre,2,1,0,"Plutôt à droite","Quartier plus populaire",49,24.6,36.54,12,48.879477,2.20188
16,"Rue Pierre Larousse",92000,92050,Nanterre,1,0,0,"Plutôt à droite","Quartier plus populaire",49,24.6,36.54,11,48.882295,2.203685
16,"Rue Rossini",92000,92050,Nanterre,1,0,0,"Plutôt à droite","Quartier plus populaire",49,24.6,36.54,10,48.881632,2.204218
160,"Rue Paul Vaillant-Couturier",92000,92050,Nanterre,1,0,0,"Plutôt à droite","Quartier plus populaire",49,24.6,36.54,10,48.881142,2.205496
162,"Rue Paul Vaillant-Couturier",92000,92050,Nanterre,1,0,0,"Plutôt à droite","Quartier plus populaire",49,24.6,36.54,10,48.881096,2.205539
164,"Rue Paul Vaillant-Couturier",92000,92050,Nanterre,1,0,0,"Plutôt à droite","Quartier plus populaire",49,24.6,36.54,10,48.881014,2.205632
17,"Rue de Buzenval",92000,92050,Nanterre,1,0,0,"Plutôt à droite","Revenu moyen",49,24.6,36.54,10,48.879963,2.201835
17,"Rue du Docteur Charcot",92000,92050,Nanterre,1,0,0,"Plutôt à droite","Quartier plus populaire",49,24.6,36.54,12,48.882703,2.200146
17,"Rue Elisée Reclus",92000,92050,Nanterre,2,0,0,"Plutôt à droite","Quartier plus populaire",49,24.6,36.54,10,48.880358,2.203766
17,"Rue Erik Satie",92000,92050,Nanterre,3,1,0,"Plutôt à droite","Quartier plus populaire",49,24.6,36.54,11,48.8807,2.204085
17,"Rue Henry Purcell",92000,92050,Nanterre,1,0,0,"Plutôt à droite","Revenu moyen",49,24.6,36.54,10,48.880599,2.203151
17,"Rue Rossini",92000,92050,Nanterre,1,0,0,"Plutôt à droite","Quartier plus populaire",49,24.6,36.54,10,48.881492,2.2038
172,"Rue Paul Vaillant-Couturier",92000,92050,Nanterre,1,0,0,"Plutôt à droite","Quartier plus populaire",49,24.6,36.54,10,48.880752,2.205831
174,"Rue Paul Vaillant-Couturier",92000,92050,Nanterre,2,0,0,"Plutôt à droite","Quartier plus populaire",49,24.6,36.54,10,48.8806,2.205823
179,"Rue de Saint-Cloud",92000,92050,Nanterre,1,0,0,"Plutôt à droite","Quartier aisé",49,24.6,36.54,9,48.879157,2.200573
18,"Rue de Buzenval",92000,92050,Nanterre,1,0,0,"Plutôt à droite","Revenu moyen",49,24.6,36.54,10,48.880374,2.201463
18,"Rue Erik Satie",92000,92050,Nanterre,1,1,0,"Plutôt à droite","Quartier plus populaire",49,24.6,36.54,10,48.880323,2.204459
18,"Rue Georges Enesco",92000,92050,Nanterre,1,0,0,"Plutôt à droite","Revenu moyen",49,24.6,36.54,10,48.881449,2.203162
180,"Rue Paul Vaillant-Couturier",92000,92050,Nanterre,1,0,0,"Plutôt à droite","Quartier plus populaire",49,24.6,36.54,10,48.880661,2.206072
188,"Rue Paul Vaillant-Couturier",92000,92050,Nanterre,2,0,0,"Plutôt à droite","Revenu moyen",49,24.6,36.54,10,48.880224,2.206452
19,"Rue Erik Satie",92000,92050,Nanterre,1,1,0,"Plutôt à droite","Quartier plus populaire",49,24.6,36.54,10,48.88071,2.204028
19,"Rue Henry Purcell",92000,92050,Nanterre,1,0,0,"Plutôt à droite","Revenu moyen",49,24.6,36.54,10,48.880624,2.203084
19,"Rue Rossini",92000,92050,Nanterre,1,0,0,"Plutôt à droite","Quartier plus populaire",49,24.6,36.54,10,48.881409,2.203778
190,"Rue Paul Vaillant-Couturier",92000,92050,Nanterre,1,0,0,"Plutôt à droite","Revenu moyen",49,24.6,36.54,10,48.880234,2.206509
194,"Rue Paul Vaillant-Couturier",92000,92050,Nanterre,1,0,0,"Plutôt à droite","Revenu moyen",49,24.6,36.54,10,48.880058,2.206729
198,"Rue Paul Vaillant-Couturier",92000,92050,Nanterre,2,0,0,"Plutôt à droite","Revenu moyen",49,24.6,36.54,10,48.879961,2.206898
2,"Rue Camille Desmoulins",92000,92050,Nanterre,5,5,0,"Plutôt à droite","Revenu moyen",49,24.6,36.54,19,48.880056,2.202794
2,"Rue des Molières",92000,92050,Nanterre,1,0,0,"Plutôt à droite","Quartier aisé",49,24.6,36.54,9,48.879211,2.200607
2,"Rue Erik Satie",92000,92050,Nanterre,1,1,0,"Plutôt à droite","Quartier plus populaire",49,24.6,36.54,10,48.880194,2.204173
2,"Rue Frédéric Smetana",92000,92050,Nanterre,1,0,0,"Plutôt à droite","Quartier plus populaire",49,24.6,36.54,11,48.882051,2.203804
2,"Rue Georges Enesco",92000,92050,Nanterre,1,0,0,"Plutôt à droite","Revenu moyen",49,24.6,36.54,9,48.881722,2.202686
2,"Rue Gracchus Babeuf",92000,92050,Nanterre,2,1,0,"Plutôt à droite","Revenu moyen",49,24.6,36.54,10,48.879846,2.201498
2,"Rue Saint-Just",92000,92050,Nanterre,3,6,0,"Plutôt à droite","Quartier plus populaire",49,24.6,36.54,26,48.878929,2.203512
20,"Rue de Buzenval",92000,92050,Nanterre,1,0,0,"Plutôt à droite","Revenu moyen",49,24.6,36.54,10,48.880152,2.201462
20,"Rue Georges Enesco",92000,92050,Nanterre,1,0,0,"Plutôt à droite","Revenu moyen",49,24.6,36.54,10,48.881414,2.203227
202,"Rue Paul Vaillant-Couturier",92000,92050,Nanterre,1,0,0,"Plutôt à droite","Revenu moyen",49,24.6,36.54,10,48.879806,2.207125
21,"Rue de Buzenval",92000,92050,Nanterre,1,0,0,"Plutôt à droite","Revenu moyen",49,24.6,36.54,10,48.879901,2.201722
21,"Rue Erik Satie",92000,92050,Nanterre,2,1,0,"Plutôt à droite","Quartier plus populaire",49,24.6,36.54,10,48.880722,2.203968
21,"Rue Henry Purcell",92000,92050,Nanterre,1,0,0,"Plutôt à droite","Revenu moyen",49,24.6,36.54,10,48.880652,2.203016
21,"Rue Rossini",92000,92050,Nanterre,1,0,0,"Plutôt à droite","Quartier plus populaire",49,24.6,36.54,10,48.881346,2.203839
22,"Rue de Buzenval",92000,92050,Nanterre,1,0,0,"Plutôt à droite","Revenu moyen",49,24.6,36.54,10,48.880381,2.201189
22,"Rue des Chailliers",92000,92050,Nanterre,1,0,0,"Plutôt à droite","Revenu moyen",49,24.6,36.54,9,48.881995,2.201684
22,"Rue Erik Satie",92000,92050,Nanterre,1,1,0,"Plutôt à droite","Quartier plus populaire",49,24.6,36.54,10,48.880346,2.204334
22,"Rue Georges Enesco",92000,92050,Nanterre,1,0,0,"Plutôt à droite","Revenu moyen",49,24.6,36.54,10,48.881354,2.203257
23,"Rue du Docteur Charcot",92000,92050,Nanterre,7,5,0,"Plutôt à droite","Quartier plus populaire",49,24.6,36.54,21,48.882315,2.200253
23,"Rue Erik Satie",92000,92050,Nanterre,1,1,0,"Plutôt à droite","Quartier plus populaire",49,24.6,36.54,10,48.880734,2.203911
23,"Rue Henry Purcell",92000,92050,Nanterre,1,0,0,"Plutôt à droite","Revenu moyen",49,24.6,36.54,10,48.880711,2.202965
24,"Rue de Buzenval",92000,92050,Nanterre,2,0,0,"Plutôt à droite","Revenu moyen",49,24.6,36.54,10,48.880007,2.201173
24,"Rue des Chailliers",92000,92050,Nanterre,1,0,0,"Plutôt à droite","Revenu moyen",49,24.6,36.54,9,48.881942,2.20174
24,"Rue Georges Enesco",92000,92050,Nanterre,1,0,0,"Plutôt à droite","Revenu moyen",49,24.6,36.54,10,48.881317,2.20331
25,"Rue des Molières",92000,92050,Nanterre,1,0,0,"Plutôt à droite","Quartier plus populaire",49,24.6,36.54,11,48.878945,2.201517
25,"Rue Erik Satie",92000,92050,Nanterre,1,1,0,"Plutôt à droite","Quartier plus populaire",49,24.6,36.54,10,48.880894,2.204099
25,"Rue Henry Purcell",92000,92050,Nanterre,1,0,0,"Plutôt à droite","Revenu moyen",49,24.6,36.54,10,48.880747,2.202902
26,"Rue de Buzenval",92000,92050,Nanterre,6,0,0,"Plutôt à droite","Quartier aisé",49,24.6,36.54,9,48.87982,2.200758
26,"Rue Erik Satie",92000,92050,Nanterre,1,1,0,"Plutôt à droite","Quartier plus populaire",49,24.6,36.54,10,48.880622,2.20443
26,"Rue Georges Enesco",92000,92050,Nanterre,1,0,0,"Plutôt à droite","Revenu moyen",49,24.6,36.54,10,48.881289,2.203361
28,"Rue de Buzenval",92000,92050,Nanterre,3,0,0,"Plutôt à droite","Quartier aisé",49,24.6,36.54,9,48.88,2.200598
28,"Rue des Chailliers",92000,92050,Nanterre,1,0,0,"Plutôt à droite","Revenu moyen",49,24.6,36.54,9,48.88184,2.201773
28,"Rue des Molières",92000,92050,Nanterre,1,1,0,"Plutôt à droite","Quartier plus populaire",49,24.6,36.54,11,48.878732,2.201779
28,"Rue Georges Enesco",92000,92050,Nanterre,1,0,0,"Plutôt à droite","Quartier plus populaire",49,24.6,36.54,10,48.881236,2.203419
29,"Rue de Buzenval",92000,92050,Nanterre,1,0,0,"Plutôt à droite","Revenu moyen",49,24.6,36.54,10,48.87972,2.201351
29,"Rue des Molières",92000,92050,Nanterre,1,0,0,"Plutôt à droite","Quartier plus populaire",49,24.6,36.54,11,48.879005,2.201593
29,"Rue du Docteur Charcot",92000,92050,Nanterre,13,0,0,"Plutôt à droite","Quartier plus populaire",49,24.6,36.54,13,48.882422,2.199766
29,"Rue Erik Satie",92000,92050,Nanterre,1,1,0,"Plutôt à droite","Quartier plus populaire",49,24.6,36.54,10,48.880863,2.204213
29,"Rue Georges Enesco",92000,92050,Nanterre,2,1,0,"Plutôt à droite","Quartier plus populaire",49,24.6,36.54,10,48.881264,2.204077
29bis,"Rue Georges Enesco",92000,92050,Nanterre,1,1,0,"Plutôt à droite","Quartier plus populaire",49,24.6,36.54,10,48.881203,2.204003
3,"Rue Camille Desmoulins",92000,92050,Nanterre,4,6,0,"Plutôt à droite","Quartier plus populaire",49,24.6,36.54,26,48.879781,2.202821
3,"Rue Erik Satie",92000,92050,Nanterre,1,1,0,"Plutôt à droite","Quartier plus populaire",49,24.6,36.54,10,48.880277,2.203955
3,"Rue Pierre Sergent",92000,92050,Nanterre,1,0,0,"Plutôt à droite","Quartier plus populaire",49,24.6,36.54,14,48.883722,2.203245
3,"Rue Rossini",92000,92050,Nanterre,1,0,0,"Plutôt à droite","Quartier plus populaire",49,24.6,36.54,11,48.881832,2.203416
3,"Rue Saint-Just",92000,92050,Nanterre,6,6,0,"Plutôt à droite","Quartier plus populaire",49,24.6,36.54,26,48.87859,2.203721
30,"Rue de Buzenval",92000,92050,Nanterre,3,0,0,"Plutôt à droite","Quartier aisé",49,24.6,36.54,9,48.880123,2.200588
30,"Rue des Chailliers",92000,92050,Nanterre,1,0,0,"Plutôt à droite","Revenu moyen",49,24.6,36.54,9,48.881818,2.201832
30,"Rue des Molières",92000,92050,Nanterre,6,6,0,"Plutôt à droite","Quartier plus populaire",49,24.6,36.54,26,48.878792,2.201956
30,"Rue Erik Satie",92000,92050,Nanterre,1,1,0,"Plutôt à droite","Quartier plus populaire",49,24.6,36.54,10,48.880596,2.20454
30,"Rue Georges Enesco",92000,92050,Nanterre,1,0,0,"Plutôt à droite","Quartier plus populaire",49,24.6,36.54,10,48.8812,2.203494
31,"Rue Erik Satie",92000,92050,Nanterre,2,1,0,"Plutôt à droite","Quartier plus populaire",49,24.6,36.54,10,48.880851,2.20427
31,"Rue Georges Enesco",92000,92050,Nanterre,1,1,0,"Plutôt à droite","Quartier plus populaire",49,24.6,36.54,10,48.881127,2.203944
31bis,"Rue Georges Enesco",92000,92050,Nanterre,2,1,0,"Plutôt à droite","Quartier plus populaire",49,24.6,36.54,10,48.881098,2.20386
32,"Rue de Buzenval",92000,92050,Nanterre,1,0,0,"Plutôt à droite","Quartier aisé",49,24.6,36.54,9,48.880249,2.200639
32,"Rue des Chailliers",92000,92050,Nanterre,1,0,0,"Plutôt à droite","Revenu moyen",49,24.6,36.54,9,48.881671,2.201659
32,"Rue des Molières",92000,92050,Nanterre,1,1,0,"Plutôt à droite","Quartier plus populaire",49,24.6,36.54,11,48.878847,2.202079
32,"Rue Erik Satie",92000,92050,Nanterre,2,1,0,"Plutôt à droite","Quartier plus populaire",49,24.6,36.54,10,48.880572,2.204601
33,"Rue Georges Enesco",92000,92050,Nanterre,2,1,0,"Plutôt à droite","Quartier plus populaire",49,24.6,36.54,10,48.881074,2.203813
33bis,"Rue Georges Enesco",92000,92050,Nanterre,1,1,0,"Plutôt à droite","Quartier plus populaire",49,24.6,36.54,10,48.881029,2.203751
34,"Rue de Buzenval",92000,92050,Nanterre,3,0,0,"Plutôt à droite","Quartier aisé",49,24.6,36.54,9,48.880438,2.200724
34,"Rue des Chailliers",92000,92050,Nanterre,1,0,0,"Plutôt à droite","Revenu moyen",49,24.6,36.54,9,48.881724,2.201933
34,"Rue Erik Satie",92000,92050,Nanterre,1,1,0,"Plutôt à droite","Quartier plus populaire",49,24.6,36.54,10,48.880722,2.204738
35,"Rue des Molières",92000,92050,Nanterre,1,0,0,"Plutôt à droite","Quartier plus populaire",49,24.6,36.54,11,48.879069,2.201775
35,"Rue du Docteur Charcot",92000,92050,Nanterre,8,0,0,"Plutôt à droite","Quartier plus populaire",49,24.6,36.54,12,48.882148,2.19957
35,"Rue Georges Enesco",92000,92050,Nanterre,1,1,0,"Plutôt à droite","Quartier plus populaire",49,24.6,36.54,10,48.880919,2.203722
35bis,"Rue Georges Enesco",92000,92050,Nanterre,2,1,0,"Plutôt à droite","Quartier plus populaire",49,24.6,36.54,10,48.880849,2.203675
36,"Rue de Buzenval",92000,92050,Nanterre,4,0,0,"Plutôt à droite","Revenu moyen",49,24.6,36.54,10,48.88028,2.200877
36,"Rue des Chailliers",92000,92050,Nanterre,1,0,0,"Plutôt à droite","Revenu moyen",49,24.6,36.54,9,48.881685,2.201973
36,"Rue Erik Satie",92000,92050,Nanterre,2,1,0,"Plutôt à droite","Quartier plus populaire",49,24.6,36.54,10,48.880761,2.204762
37,"Rue de Buzenval",92000,92050,Nanterre,1,0,0,"Plutôt à droite","Quartier plus populaire",49,24.6,36.54,11,48.879539,2.201042
37,"Rue Georges Enesco",92000,92050,Nanterre,3,1,0,"Plutôt à droite","Quartier plus populaire",49,24.6,36.54,11,48.880814,2.20364
37bis,"Rue Georges Enesco",92000,92050,Nanterre,2,1,0,"Plutôt à droite","Quartier plus populaire",49,24.6,36.54,10,48.880751,2.203606
38,"Rue des Chailliers",92000,92050,Nanterre,1,0,0,"Plutôt à droite","Revenu moyen",49,24.6,36.54,9,48.881622,2.202063
38,"Rue Erik Satie",92000,92050,Nanterre,1,1,0,"Plutôt à droite","Quartier plus populaire",49,24.6,36.54,10,48.880793,2.20477
39,"Rue des Chailliers",92000,92050,Nanterre,1,0,0,"Plutôt à droite","Revenu moyen",49,24.6,36.54,10,48.88149,2.202488
39,"Rue Georges Enesco",92000,92050,Nanterre,2,1,0,"Plutôt à droite","Quartier plus populaire",49,24.6,36.54,10,48.880874,2.203467
39bis,"Rue Georges Enesco",92000,92050,Nanterre,1,1,0,"Plutôt à droite","Revenu moyen",49,24.6,36.54,10,48.880915,2.203386
4,"Impasse des Abeilles",92000,92050,Nanterre,1,0,0,"Plutôt à droite","Quartier plus populaire",49,24.6,36.54,10,48.880949,2.205386
4,"Rue Camille Desmoulins",92000,92050,Nanterre,3,4,0,"Plutôt à droite","Revenu moyen",49,24.6,36.54,14,48.879965,2.202655
4,"Rue Erik Satie",92000,92050,Nanterre,1,1,0,"Plutôt à droite","Quartier plus populaire",49,24.6,36.54,10,48.880188,2.204238
4,"Rue Frédéric Smetana",92000,92050,Nanterre,1,0,0,"Plutôt à droite","Quartier plus populaire",49,24.6,36.54,11,48.88201,2.203847
4,"Rue Gracchus Babeuf",92000,92050,Nanterre,1,1,0,"Plutôt à droite","Revenu moyen",49,24.6,36.54,10,48.879782,2.2016
4,"Rue Saint-Just",92000,92050,Nanterre,6,6,0,"Plutôt à droite","Quartier plus populaire",49,24.6,36.54,26,48.878858,2.203298
40,"Rue des Chailliers",92000,92050,Nanterre,1,0,0,"Plutôt à droite","Revenu moyen",49,24.6,36.54,9,48.881579,2.202068
40,"Rue Erik Satie",92000,92050,Nanterre,1,1,0,"Plutôt à droite","Quartier plus populaire",49,24.6,36.54,10,48.880842,2.204798
41,"Rue de Buzenval",92000,92050,Nanterre,1,0,0,"Plutôt à droite","Quartier plus populaire",49,24.6,36.54,11,48.879528,2.20095
41,"Rue du Docteur Charcot",92000,92050,Nanterre,1,0,0,"Plutôt à droite","Quartier plus populaire",49,24.6,36.54,12,48.882094,2.199161
41,"Rue Elisée Reclus",92000,92050,Nanterre,1,0,0,"Plutôt à droite","Quartier plus populaire",49,24.6,36.54,10,48.880132,2.204624
41,"Rue Georges Enesco",92000,92050,Nanterre,1,1,0,"Plutôt à droite","Revenu moyen",49,24.6,36.54,10,48.880961,2.203294
41bis,"Rue Georges Enesco",92000,92050,Nanterre,2,1,0,"Plutôt à droite","Revenu moyen",49,24.6,36.54,10,48.880975,2.203213
42,"Rue des Chailliers",92000,92050,Nanterre,1,0,0,"Plutôt à droite","Revenu moyen",49,24.6,36.54,10,48.881442,2.201951
42,"Rue Erik Satie",92000,92050,Nanterre,1,1,0,"Plutôt à droite","Quartier plus populaire",49,24.6,36.54,10,48.880786,2.204538
43,"Rue de Buzenval",92000,92050,Nanterre,1,0,0,"Plutôt à droite","Quartier aisé",49,24.6,36.54,9,48.879475,2.20073
43,"Rue des Chailliers",92000,92050,Nanterre,1,0,0,"Plutôt à droite","Revenu moyen",49,24.6,36.54,10,48.881375,2.202595
43,"Rue du Docteur Charcot",92000,92050,Nanterre,1,0,0,"Plutôt à droite","Quartier plus populaire",49,24.6,36.54,12,48.881995,2.198812
44,"Rue des Chailliers",92000,92050,Nanterre,1,0,0,"Plutôt à droite","Revenu moyen",49,24.6,36.54,10,48.881451,2.20212
44,"Rue Erik Satie",92000,92050,Nanterre,1,1,0,"Plutôt à droite","Quartier plus populaire",49,24.6,36.54,10,48.880799,2.204476
45,"Rue des Molières",92000,92050,Nanterre,1,0,0,"Plutôt à droite","Quartier plus populaire",49,24.6,36.54,11,48.879223,2.202173
45,"Rue du Docteur Charcot",92000,92050,Nanterre,2,0,0,"Plutôt à droite","Quartier plus populaire",49,24.6,36.54,12,48.881988,2.19879
45,"Rue Elisée Reclus",92000,92050,Nanterre,1,0,0,"Plutôt à droite","Quartier plus populaire",49,24.6,36.54,10,48.8801,2.204801
46,"Rue des Chailliers",92000,92050,Nanterre,1,0,0,"Plutôt à droite","Revenu moyen",49,24.6,36.54,10,48.881368,2.202126
46,"Rue des Molières",92000,92050,Nanterre,1,0,0,"Plutôt à droite","Quartier plus populaire",49,24.6,36.54,11,48.878992,2.202462
47,"Rue des Chailliers",92000,92050,Nanterre,1,0,0,"Plutôt à droite","Revenu moyen",49,24.6,36.54,10,48.881237,2.202611
48,"Rue des Molières",92000,92050,Nanterre,1,0,0,"Plutôt à droite","Quartier plus populaire",49,24.6,36.54,11,48.879011,2.202513
49,"Rue Elisée Reclus",92000,92050,Nanterre,1,0,0,"Plutôt à droite","Quartier plus populaire",49,24.6,36.54,10,48.880045,2.204912
49,"Rue Georges Enesco",92000,92050,Nanterre,1,0,0,"Plutôt à droite","Revenu moyen",49,24.6,36.54,10,48.881106,2.202847
5,"Rue des Chailliers",92000,92050,Nanterre,1,0,0,"Plutôt à droite","Revenu moyen",49,24.6,36.54,9,48.88219,2.202716
5,"Rue des Molières",92000,92050,Nanterre,1,0,0,"Plutôt à droite","Quartier aisé",49,24.6,36.54,9,48.879322,2.200801
5,"Rue du Docteur Charcot",92000,92050,Nanterre,1,0,0,"Plutôt à droite","Revenu moyen",49,24.6,36.54,9,48.883101,2.200879
5,"Rue Erik Satie",92000,92050,Nanterre,1,1,0,"Plutôt à droite","Quartier plus populaire",49,24.6,36.54,10,48.880302,2.203903
5,"Rue Frédéric Smetana",92000,92050,Nanterre,1,0,0,"Plutôt à droite","Quartier plus populaire",49,24.6,36.54,11,48.882187,2.204316
5,"Rue Gracchus Babeuf",92000,92050,Nanterre,4,5,0,"Plutôt à droite","Quartier plus populaire",49,24.6,36.54,20,48.879514,2.202234
5,"Rue Pierre Sergent",92000,92050,Nanterre,1,0,0,"Plutôt à droite","Quartier plus populaire",49,24.6,36.54,14,48.883629,2.20321
5,"Rue Rossini",92000,92050,Nanterre,1,0,0,"Plutôt à droite","Quartier plus populaire",49,24.6,36.54,11,48.881799,2.203483
5,"Rue Saint-Just",92000,92050,Nanterre,7,6,0,"Plutôt à droite","Quartier plus populaire",49,24.6,36.54,26,48.878452,2.203852
50,"Rue des Chailliers",92000,92050,Nanterre,1,0,0,"Plutôt à droite","Revenu moyen",49,24.6,36.54,10,48.880935,2.201692
51,"Rue Elisée Reclus",92000,92050,Nanterre,1,0,0,"Plutôt à droite","Quartier plus populaire",49,24.6,36.54,10,48.880443,2.205145
51,"Rue Georges Enesco",92000,92050,Nanterre,1,0,0,"Plutôt à droite","Revenu moyen",49,24.6,36.54,10,48.881133,2.202784
51bis,"Rue Elisée Reclus",92000,92050,Nanterre,1,0,0,"Plutôt à droite","Quartier plus populaire",49,24.6,36.54,10,48.88014,2.205409
52,"Rue des Chailliers",92000,92050,Nanterre,1,0,0,"Plutôt à droite","Revenu moyen",49,24.6,36.54,10,48.881243,2.202226
53,"Rue Elisée Reclus",92000,92050,Nanterre,1,0,0,"Plutôt à droite","Quartier plus populaire",49,24.6,36.54,10,48.880088,2.205109
53,"Rue Georges Enesco",92000,92050,Nanterre,1,0,0,"Plutôt à droite","Revenu moyen",49,24.6,36.54,10,48.881186,2.202743
54,"Rue des Molières",92000,92050,Nanterre,1,0,0,"Plutôt à droite","Quartier plus populaire",49,24.6,36.54,11,48.879131,2.202842
55,"Rue des Chailliers",92000,92050,Nanterre,1,0,0,"Plutôt à droite","Revenu moyen",49,24.6,36.54,10,48.881035,2.202913
55,"Rue du Docteur Charcot",92000,92050,Nanterre,1,0,0,"Plutôt à droite","Quartier plus populaire",49,24.6,36.54,12,48.881852,2.198473
55,"Rue Elisée Reclus",92000,92050,Nanterre,1,0,0,"Plutôt à droite","Quartier plus populaire",49,24.6,36.54,10,48.880048,2.205267
55,"Rue Georges Enesco",92000,92050,Nanterre,1,0,0,"Plutôt à droite","Revenu moyen",49,24.6,36.54,10,48.881211,2.202691
56,"Rue des Molières",92000,92050,Nanterre,1,0,0,"Plutôt à droite","Quartier plus populaire",49,24.6,36.54,11,48.879171,2.202956
57,"Rue des Chailliers",92000,92050,Nanterre,1,0,0,"Plutôt à droite","Revenu moyen",49,24.6,36.54,10,48.880898,2.202764
57,"Rue des Molières",92000,92050,Nanterre,1,0,0,"Plutôt à droite","Quartier plus populaire",49,24.6,36.54,11,48.879534,2.20256
57,"Rue Elisée Reclus",92000,92050,Nanterre,1,0,0,"Plutôt à droite","Quartier plus populaire",49,24.6,36.54,10,48.880017,2.205358
58,"Rue des Chailliers",92000,92050,Nanterre,1,0,0,"Plutôt à droite","Revenu moyen",49,24.6,36.54,10,48.881144,2.202323
59,"Rue des Chailliers",92000,92050,Nanterre,1,0,0,"Plutôt à droite","Revenu moyen",49,24.6,36.54,10,48.880983,2.203027
59,"Rue des Molières",92000,92050,Nanterre,1,0,0,"Plutôt à droite","Quartier plus populaire",49,24.6,36.54,11,48.879461,2.20274
59,"Rue du Docteur Charcot",92000,92050,Nanterre,1,0,0,"Plutôt à droite","Quartier plus populaire",49,24.6,36.54,12,48.881801,2.198335
59,"Rue Elisée Reclus",92000,92050,Nanterre,1,0,0,"Plutôt à droite","Quartier plus populaire",49,24.6,36.54,11,48.879959,2.205492
6,"Rue Camille Desmoulins",92000,92050,Nanterre,5,5,0,"Plutôt à droite","Quartier plus populaire",49,24.6,36.54,20,48.879655,2.202136
6,"Rue des Molières",92000,92050,Nanterre,1,0,0,"Plutôt à droite","Quartier aisé",49,24.6,36.54,9,48.8791,2.200756
6,"Rue Erik Satie",92000,92050,Nanterre,1,1,0,"Plutôt à droite","Quartier plus populaire",49,24.6,36.54,10,48.880158,2.204287
6,"Rue Frédéric Smetana",92000,92050,Nanterre,1,0,0,"Plutôt à droite","Quartier plus populaire",49,24.6,36.54,11,48.881974,2.203874
6,"Rue Georges Enesco",92000,92050,Nanterre,1,0,0,"Plutôt à droite","Revenu moyen",49,24.6,36.54,9,48.881677,2.202841
6,"Rue Gracchus Babeuf",92000,92050,Nanterre,2,1,0,"Plutôt à droite","Revenu moyen",49,24.6,36.54,10,48.879733,2.201671
6,"Rue Pierre Larousse",92000,92050,Nanterre,1,0,0,"Plutôt à droite","Quartier plus populaire",49,24.6,36.54,11,48.882508,2.204077
6,"Rue Saint-Just",92000,92050,Nanterre,4,6,0,"Plutôt à droite","Quartier plus populaire",49,24.6,36.54,26,48.878796,2.203126
60,"Rue des Chailliers",92000,92050,Nanterre,1,0,0,"Plutôt à droite","Revenu moyen",49,24.6,36.54,10,48.881052,2.202275
61,"Rue des Molières",92000,92050,Nanterre,1,0,0,"Plutôt à droite","Quartier plus populaire",49,24.6,36.54,11,48.879469,2.202861
61,"Rue du Docteur Charcot",92000,92050,Nanterre,1,0,0,"Plutôt à droite","Quartier plus populaire",49,24.6,36.54,12,48.881764,2.198273
61,"Rue Elisée Reclus",92000,92050,Nanterre,1,0,0,"Plutôt à droite","Quartier plus populaire",49,24.6,36.54,10,48.880229,2.205611
62,"Rue des Chailliers",92000,92050,Nanterre,1,0,0,"Plutôt à droite","Revenu moyen",49,24.6,36.54,10,48.881001,2.202332
62,"Rue des Molières",92000,92050,Nanterre,2,1,0,"Plutôt à droite","Quartier plus populaire",49,24.6,36.54,12,48.879239,2.203071
63,"Rue des Molières",92000,92050,Nanterre,1,0,0,"Plutôt à droite","Quartier plus populaire",49,24.6,36.54,11,48.879552,2.202906
63,"Rue du Docteur Charcot",92000,92050,Nanterre,1,0,0,"Plutôt à droite","Quartier plus populaire",49,24.6,36.54,12,48.881727,2.198192
63,"Rue Elisée Reclus",92000,92050,Nanterre,1,0,0,"Plutôt à droite","Quartier plus populaire",49,24.6,36.54,11,48.87986,2.205633
64,"Rue des Molières",92000,92050,Nanterre,1,1,0,"Plutôt à droite","Quartier plus populaire",49,24.6,36.54,11,48.879278,2.203171
64,"Rue des Chailliers",92000,92050,Nanterre,1,0,0,"Plutôt à droite","Revenu moyen",49,24.6,36.54,10,48.880873,2.202284
65,"Rue du Docteur Charcot",92000,92050,Nanterre,2,0,0,"Plutôt à droite","Quartier plus populaire",49,24.6,36.54,12,48.881675,2.198065
65,"Rue Elisée Reclus",92000,92050,Nanterre,1,0,0,"Plutôt à droite","Quartier plus populaire",49,24.6,36.54,11,48.879832,2.205786
66,"Rue des Chailliers",92000,92050,Nanterre,1,0,0,"Plutôt à droite","Revenu moyen",49,24.6,36.54,10,48.880873,2.202393
66bis,"Rue des Chailliers",92000,92050,Nanterre,1,0,0,"Plutôt à droite","Revenu moyen",49,24.6,36.54,10,48.880768,2.202434
67,"Rue des Molières",92000,92050,Nanterre,1,0,0,"Plutôt à droite","Quartier plus populaire",49,24.6,36.54,11,48.879623,2.203088
67,"Rue Elisée Reclus",92000,92050,Nanterre,1,0,0,"Plutôt à droite","Quartier plus populaire",49,24.6,36.54,10,48.880139,2.205751
68,"Rue des Chailliers",92000,92050,Nanterre,1,0,0,"Plutôt à droite","Revenu moyen",49,24.6,36.54,10,48.880732,2.202158
68,"Rue des Molières",92000,92050,Nanterre,1,0,0,"Plutôt à droite","Quartier plus populaire",49,24.6,36.54,11,48.879346,2.203366
69,"Rue des Molières",92000,92050,Nanterre,1,0,0,"Plutôt à droite","Quartier plus populaire",49,24.6,36.54,11,48.879663,2.203176
69,"Rue Elisée Reclus",92000,92050,Nanterre,1,0,0,"Plutôt à droite","Quartier plus populaire",49,24.6,36.54,11,48.879832,2.205939
7,"Rue de Buzenval",92000,92050,Nanterre,1,0,0,"Plutôt à droite","Revenu moyen",49,24.6,36.54,10,48.88018,2.202245
7,"Rue des Molières",92000,92050,Nanterre,1,0,0,"Plutôt à droite","Quartier aisé",49,24.6,36.54,9,48.879286,2.200859
7,"Rue du Docteur Charcot",92000,92050,Nanterre,1,0,0,"Plutôt à droite","Revenu moyen",49,24.6,36.54,9,48.883051,2.20078
7,"Rue Erik Satie",92000,92050,Nanterre,1,1,0,"Plutôt à droite","Quartier plus populaire",49,24.6,36.54,10,48.880313,2.203848
7,"Rue Frédéric Smetana",92000,92050,Nanterre,2,0,0,"Plutôt à droite","Quartier plus populaire",49,24.6,36.54,12,48.882126,2.204345
7,"Rue Gracchus Babeuf",92000,92050,Nanterre,3,4,0,"Plutôt à droite","Quartier plus populaire",49,24.6,36.54,16,48.879431,2.202336
7,"Rue Pierre Sergent",92000,92050,Nanterre,1,0,0,"Plutôt à droite","Quartier plus populaire",49,24.6,36.54,11,48.883409,2.203386
7,"Rue Rossini",92000,92050,Nanterre,1,0,0,"Plutôt à droite","Quartier plus populaire",49,24.6,36.54,11,48.881756,2.203535
7,"Rue Saint-Just",92000,92050,Nanterre,8,6,0,"Plutôt à droite","Quartier plus populaire",49,24.6,36.54,26,48.878308,2.203956
70,"Rue des Chailliers",92000,92050,Nanterre,1,0,0,"Plutôt à droite","Revenu moyen",49,24.6,36.54,10,48.880677,2.202241
71,"Rue des Molières",92000,92050,Nanterre,1,0,0,"Plutôt à droite","Quartier plus populaire",49,24.6,36.54,11,48.879629,2.20336
72,"Rue des Chailliers",92000,92050,Nanterre,1,0,0,"Plutôt à droite","Revenu moyen",49,24.6,36.54,10,48.88059,2.202467
72,"Rue des Molières",92000,92050,Nanterre,1,0,0,"Plutôt à droite","Quartier plus populaire",49,24.6,36.54,11,48.879478,2.203661
73,"Rue du Docteur Charcot",92000,92050,Nanterre,1,0,0,"Plutôt à droite","Quartier plus populaire",49,24.6,36.54,12,48.881553,2.197849
73,"Rue Elisée Reclus",92000,92050,Nanterre,1,0,0,"Plutôt à droite","Quartier plus populaire",49,24.6,36.54,11,48.879858,2.206057
74,"Rue des Chailliers",92000,92050,Nanterre,1,0,0,"Plutôt à droite","Revenu moyen",49,24.6,36.54,10,48.880537,2.202361
75,"Rue du Docteur Charcot",92000,92050,Nanterre,1,0,0,"Plutôt à droite","Quartier aisé",49,24.6,36.54,9,48.881244,2.198099
77,"Rue du Docteur Charcot",92000,92050,Nanterre,1,0,0,"Plutôt à droite","Quartier aisé",49,24.6,36.54,9,48.881509,2.197729
77,"Rue Elisée Reclus",92000,92050,Nanterre,2,0,0,"Plutôt à droite","Quartier plus populaire",49,24.6,36.54,11,48.87992,2.206177
79,"Rue du Docteur Charcot",92000,92050,Nanterre,1,0,0,"Plutôt à droite","Quartier aisé",49,24.6,36.54,9,48.881387,2.197677
79,"Rue Elisée Reclus",92000,92050,Nanterre,1,0,0,"Plutôt à droite","Revenu moyen",49,24.6,36.54,10,48.879715,2.206456
8,"Impasse des Abeilles",92000,92050,Nanterre,1,0,0,"Plutôt à droite","Quartier plus populaire",49,24.6,36.54,10,48.88072,2.205502
8,"Rue des Molières",92000,92050,Nanterre,1,0,0,"Plutôt à droite","Quartier aisé",49,24.6,36.54,9,48.879024,2.200772
8,"Rue Erik Satie",92000,92050,Nanterre,1,1,0,"Plutôt à droite","Quartier plus populaire",49,24.6,36.54,10,48.880156,2.204357
8,"Rue Frédéric Smetana",92000,92050,Nanterre,1,0,0,"Plutôt à droite","Quartier plus populaire",49,24.6,36.54,11,48.881932,2.203922
8,"Rue Gracchus Babeuf",92000,92050,Nanterre,2,1,0,"Plutôt à droite","Quartier plus populaire",49,24.6,36.54,12,48.879677,2.201757
8,"Rue Pierre Larousse",92000,92050,Nanterre,1,0,0,"Plutôt à droite","Quartier plus populaire",49,24.6,36.54,11,48.882425,2.20398
80,"Rue des Chailliers",92000,92050,Nanterre,1,0,0,"Plutôt à droite","Revenu moyen",49,24.6,36.54,10,48.880102,2.202312
82,"Rue de Saint-Cloud",92000,92050,Nanterre,1,0,0,"Plutôt à droite","Revenu moyen",49,24.6,36.54,9,48.883187,2.201048
82,"Rue des Chailliers",92000,92050,Nanterre,1,0,0,"Plutôt à droite","Revenu moyen",49,24.6,36.54,10,48.880227,2.202671
82,"Rue Paul Vaillant-Couturier",92000,92050,Nanterre,1,0,0,"Plutôt à droite","Quartier plus populaire",49,24.6,36.54,14,48.88348,2.203542
83,"Rue du Docteur Charcot",92000,92050,Nanterre,1,0,0,"Plutôt à droite","Quartier aisé",49,24.6,36.54,9,48.881287,2.197524
83,"Rue Elisée Reclus",92000,92050,Nanterre,1,0,0,"Plutôt à droite","Revenu moyen",49,24.6,36.54,10,48.879744,2.206859
84,"Rue de Saint-Cloud",92000,92050,Nanterre,1,0,0,"Plutôt à droite","Revenu moyen",49,24.6,36.54,9,48.883105,2.201085
84,"Rue Paul Vaillant-Couturier",92000,92050,Nanterre,1,0,0,"Plutôt à droite","Quartier plus populaire",49,24.6,36.54,11,48.883386,2.203607
86,"Rue Paul Vaillant-Couturier",92000,92050,Nanterre,1,0,0,"Plutôt à droite","Quartier plus populaire",49,24.6,36.54,11,48.883383,2.203442
87,"Rue du Docteur Charcot",92000,92050,Nanterre,3,0,0,"Plutôt à droite","Quartier plus populaire",49,24.6,36.54,13,48.881172,2.197411
88,"Rue de Saint-Cloud",92000,92050,Nanterre,1,0,0,"Plutôt à droite","Revenu moyen",49,24.6,36.54,9,48.882908,2.200984
89,"Rue du Docteur Charcot",92000,92050,Nanterre,1,0,0,"Plutôt à droite","Quartier aisé",49,24.6,36.54,9,48.880785,2.198012
9,"Rue du Docteur Charcot",92000,92050,Nanterre,1,0,0,"Plutôt à droite","Revenu moyen",49,24.6,36.54,9,48.883015,2.200695
9,"Rue Elisée Reclus",92000,92050,Nanterre,1,0,0,"Plutôt à droite","Revenu moyen",49,24.6,36.54,10,48.880443,2.203332
9,"Rue Frédéric Smetana",92000,92050,Nanterre,1,0,0,"Plutôt à droite","Quartier plus populaire",49,24.6,36.54,11,48.882099,2.204392
9,"Rue Pierre Sergent",92000,92050,Nanterre,1,0,0,"Plutôt à droite","Quartier plus populaire",49,24.6,36.54,14,48.88349,2.203193
9,"Rue Rossini",92000,92050,Nanterre,1,0,0,"Plutôt à droite","Quartier plus populaire",49,24.6,36.54,11,48.881707,2.20355
90,"Rue Paul Vaillant-Couturier",92000,92050,Nanterre,1,0,0,"Plutôt à droite","Quartier plus populaire",49,24.6,36.54,11,48.883099,2.203637
92,"Rue de Saint-Cloud",92000,92050,Nanterre,1,0,0,"Plutôt à droite","Revenu moyen",49,24.6,36.54,9,48.882862,2.201136
94,"Rue de Saint-Cloud",92000,92050,Nanterre,1,0,0,"Plutôt à droite","Revenu moyen",49,24.6,36.54,9,48.882789,2.201082
96,"Rue Paul Vaillant-Couturier",92000,92050,Nanterre,1,0,0,"Plutôt à droite","Quartier plus populaire",49,24.6,36.54,11,48.882968,2.203803
98,"Rue des Chailliers",92000,92050,Nanterre,1,0,0,"Plutôt à droite","Quartier plus populaire",49,24.6,36.54,11,48.879782,2.203258
98,"Rue Paul Vaillant-Couturier",92000,92050,Nanterre,1,0,0,"Plutôt à droite","Quartier plus populaire",49,24.6,36.54,11,48.882658,2.203994
99,"Rue de Saint-Cloud",92000,92050,Nanterre,1,0,0,"Plutôt à droite","Revenu moyen",49,24.6,36.54,9,48.882476,2.201352
1,"Avenue des Belles Vues",92000,92050,Nanterre,1,0,0,"Plutôt à droite","Revenu moyen",42,20.53,28.4,9,48.880731,2.206885
1,"Impasse Daniel Becker",92000,92050,Nanterre,1,0,0,"Plutôt à droite","Revenu moyen",42,20.53,28.4,9,48.881274,2.206901
1,"Impasse des Luaps",92000,92050,Nanterre,1,0,0,"Plutôt à droite","Revenu moyen",42,20.53,28.4,10,48.879371,2.209839
1,"Résidence des Chailliers",92000,92050,Nanterre,1,0,0,"Plutôt à droite","Quartier aisé",42,20.53,28.4,8,48.877904,2.204944
1,"Rue de Garches",92000,92050,Nanterre,1,0,0,"Plutôt à droite","Quartier plus populaire",42,20.53,28.4,9,48.878517,2.210484
1,"Rue des Ermites",92000,92050,Nanterre,1,1,0,"Plutôt à droite","Quartier aisé",42,20.53,28.4,8,48.87772,2.209008
1,"Rue Jean Moulin",92000,92050,Nanterre,4,4,0,"Plutôt à droite","Quartier plus populaire",42,20.53,28.4,15,48.879281,2.204362
1,"Rue Missak Manouchian",92000,92050,Nanterre,2,1,0,"Plutôt à droite","Quartier plus populaire",42,20.53,28.4,9,48.878222,2.209564
10,"Avenue des Belles Vues",92000,92050,Nanterre,1,0,0,"Plutôt à droite","Revenu moyen",42,20.53,28.4,9,48.880709,2.207615
10,"Avenue des Chailliers",92000,92050,Nanterre,1,0,0,"Plutôt à droite","Quartier aisé",42,20.53,28.4,8,48.878179,2.207572
10,"Chemin des Cerisiers",92000,92050,Nanterre,1,0,0,"Plutôt à droite","Revenu moyen",42,20.53,28.4,9,48.881632,2.207866
10,"Impasse Daniel Becker",92000,92050,Nanterre,1,0,0,"Plutôt à droite","Revenu moyen",42,20.53,28.4,9,48.880963,2.206859
10,"Rue Daniel Becker",92000,92050,Nanterre,1,0,0,"Plutôt à droite","Revenu moyen",42,20.53,28.4,9,48.881127,2.206478
10,"Rue des Luaps",92000,92050,Nanterre,1,0,0,"Plutôt à droite","Revenu moyen",42,20.53,28.4,10,48.880173,2.210286
10,"Rue du Tir",92000,92050,Nanterre,3,0,0,"Plutôt à droite","Quartier aisé",42,20.53,28.4,9,48.88258,2.218244
10,"Rue Jean Moulin",92000,92050,Nanterre,1,1,0,"Plutôt à droite","Quartier plus populaire",42,20.53,28.4,10,48.879044,2.204871
10bis,"Avenue des Chailliers",92000,92050,Nanterre,2,0,0,"Plutôt à droite","Quartier aisé",42,20.53,28.4,8,48.878104,2.207569
100,"Rue de Garches",92000,92050,Nanterre,1,0,0,"Plutôt à droite","Quartier plus populaire",42,20.53,28.4,10,48.878463,2.205135
102,"Rue de Garches",92000,92050,Nanterre,1,0,0,"Plutôt à droite","Quartier plus populaire",42,20.53,28.4,10,48.878389,2.204977
103,"Rue de Garches",92000,92050,Nanterre,1,0,0,"Plutôt à droite","Quartier aisé",42,20.53,28.4,8,48.877839,2.204468
104,"Rue de Garches",92000,92050,Nanterre,1,0,0,"Plutôt à droite","Quartier plus populaire",42,20.53,28.4,10,48.878209,2.205034
105,"Rue de Garches",92000,92050,Nanterre,1,0,0,"Plutôt à droite","Quartier aisé",42,20.53,28.4,8,48.877254,2.204581
107,"Rue de Garches",92000,92050,Nanterre,1,0,0,"Plutôt à droite","Quartier aisé",42,20.53,28.4,8,48.877776,2.204382
108,"Rue de Garches",92000,92050,Nanterre,1,0,0,"Plutôt à droite","Quartier plus populaire",42,20.53,28.4,10,48.878223,2.204921
109,"Rue des Chailliers",92000,92050,Nanterre,3,1,0,"Plutôt à droite","Quartier plus populaire",42,20.53,28.4,10,48.878928,2.204539
11,"Avenue des Belles Vues",92000,92050,Nanterre,1,0,0,"Plutôt à droite","Revenu moyen",42,20.53,28.4,9,48.881081,2.207676
11,"Avenue des Chailliers",92000,92050,Nanterre,1,0,0,"Plutôt à droite","Quartier aisé",42,20.53,28.4,8,48.878111,2.207861
11,"Chemin des Cerisiers",92000,92050,Nanterre,1,0,0,"Plutôt à droite","Revenu moyen",42,20.53,28.4,9,48.881797,2.208227
11,"Résidence des Chailliers",92000,92050,Nanterre,1,0,0,"Plutôt à droite","Quartier aisé",42,20.53,28.4,8,48.87722,2.204802
11,"Rue de Garches",92000,92050,Nanterre,1,0,0,"Plutôt à droite","Revenu moyen",42,20.53,28.4,10,48.87857,2.209874
11,"Rue des Ermites",92000,92050,Nanterre,2,1,0,"Plutôt à droite","Quartier plus populaire",42,20.53,28.4,9,48.877416,2.209512
11,"Rue Jean Moulin",92000,92050,Nanterre,5,6,0,"Plutôt à droite","Quartier plus populaire",42,20.53,28.4,24,48.879167,2.205444
111,"Rue des Chailliers",92000,92050,Nanterre,2,1,0,"Plutôt à droite","Quartier plus populaire",42,20.53,28.4,10,48.878872,2.204571
113,"Rue de Garches",92000,92050,Nanterre,7,10,0,"Plutôt à droite","Quartier aisé",42,20.53,28.4,36,48.877538,2.20408
113,"Rue des Chailliers",92000,92050,Nanterre,3,1,0,"Plutôt à droite","Quartier plus populaire",42,20.53,28.4,10,48.878806,2.204601
115,"Rue de Garches",92000,92050,Nanterre,1,0,0,"Plutôt à droite","Quartier aisé",42,20.53,28.4,8,48.877429,2.204594
115,"Rue des Chailliers",92000,92050,Nanterre,1,1,0,"Plutôt à droite","Quartier plus populaire",42,20.53,28.4,10,48.878729,2.204654
117,"Rue de Garches",92000,92050,Nanterre,1,0,0,"Plutôt à droite","Quartier aisé",42,20.53,28.4,8,48.877413,2.204492
117,"Rue des Chailliers",92000,92050,Nanterre,2,1,0,"Plutôt à droite","Quartier plus populaire",42,20.53,28.4,10,48.878661,2.204686
119,"Rue de Garches",92000,92050,Nanterre,1,0,0,"Plutôt à droite","Quartier aisé",42,20.53,28.4,8,48.877315,2.204327
119,"Rue des Chailliers",92000,92050,Nanterre,2,1,0,"Plutôt à droite","Quartier plus populaire",42,20.53,28.4,10,48.878629,2.205122
11bis,"Impasse des Luaps",92000,92050,Nanterre,1,0,0,"Plutôt à droite","Revenu moyen",42,20.53,28.4,10,48.879667,2.209285
12,"Chemin des Cerisiers",92000,92050,Nanterre,1,0,0,"Plutôt à droite","Revenu moyen",42,20.53,28.4,9,48.881594,2.207969
12,"Impasse des Luaps",92000,92050,Nanterre,1,0,0,"Plutôt à droite","Revenu moyen",42,20.53,28.4,10,48.880093,2.20965
12,"Résidence des Chailliers",92000,92050,Nanterre,1,0,0,"Plutôt à droite","Quartier aisé",42,20.53,28.4,8,48.877151,2.204876
12,"Rue Daniel Becker",92000,92050,Nanterre,1,0,0,"Plutôt à droite","Revenu moyen",42,20.53,28.4,9,48.881198,2.20658
12,"Rue des Luaps",92000,92050,Nanterre,1,0,0,"Plutôt à droite","Revenu moyen",42,20.53,28.4,10,48.880298,2.210143
12,"Rue du Cheval Moussé",92000,92050,Nanterre,1,0,0,"Plutôt à droite","Quartier plus populaire",42,20.53,28.4,9,48.877416,2.210645
12,"Rue du Tir",92000,92050,Nanterre,1,0,0,"Plutôt à droite","Quartier aisé",42,20.53,28.4,9,48.882501,2.218324
12,"Rue Elisée Reclus",92000,92050,Nanterre,1,0,0,"Plutôt à droite","Revenu moyen",42,20.53,28.4,8,48.880186,2.203428
12,"Rue Missak Manouchian",92000,92050,Nanterre,3,9,0,"Plutôt à droite","Quartier plus populaire",42,20.53,28.4,35,48.877811,2.209964
121,"Rue de Garches",92000,92050,Nanterre,1,0,0,"Plutôt à droite","Quartier aisé",42,20.53,28.4,8,48.877292,2.204248
121,"Rue des Chailliers",92000,92050,Nanterre,2,1,0,"Plutôt à droite","Quartier plus populaire",42,20.53,28.4,10,48.878546,2.20476
123,"Rue de Garches",92000,92050,Nanterre,1,0,0,"Plutôt à droite","Quartier aisé",42,20.53,28.4,8,48.877226,2.204045
123,"Rue des Chailliers",92000,92050,Nanterre,1,0,0,"Plutôt à droite","Quartier plus populaire",42,20.53,28.4,10,48.87848,2.204799
125,"Rue de Garches",92000,92050,Nanterre,2,0,0,"Plutôt à droite","Quartier aisé",42,20.53,28.4,9,48.877205,2.203967
127,"Rue de Garches",92000,92050,Nanterre,8,10,0,"Plutôt à droite","Quartier aisé",42,20.53,28.4,37,48.877423,2.203707
129,"Rue de Garches",92000,92050,Nanterre,1,0,0,"Plutôt à droite","Quartier aisé",42,20.53,28.4,9,48.877506,2.203337
12bis,"Avenue des Belles Vues",92000,92050,Nanterre,1,0,0,"Plutôt à droite","Revenu moyen",42,20.53,28.4,9,48.880736,2.207703
13,"Avenue des Chailliers",92000,92050,Nanterre,1,0,0,"Plutôt à droite","Quartier aisé",42,20.53,28.4,8,48.87806,2.207912
13,"Chemin des Cerisiers",92000,92050,Nanterre,1,0,0,"Plutôt à droite","Revenu moyen",42,20.53,28.4,9,48.881702,2.208394
13,"Impasse des Luaps",92000,92050,Nanterre,1,0,0,"Plutôt à droite","Revenu moyen",42,20.53,28.4,10,48.879691,2.209203
13,"Résidence des Chailliers",92000,92050,Nanterre,2,0,0,"Plutôt à droite","Quartier aisé",42,20.53,28.4,8,48.876992,2.205023
13,"Rue des Ermites",92000,92050,Nanterre,1,1,0,"Plutôt à droite","Quartier plus populaire",42,20.53,28.4,9,48.87738,2.209619
13,"Rue Jean Moulin",92000,92050,Nanterre,3,6,0,"Plutôt à droite","Quartier plus populaire",42,20.53,28.4,24,48.879146,2.205677
13,"Rue Missak Manouchian",92000,92050,Nanterre,3,1,0,"Plutôt à droite","Quartier plus populaire",42,20.53,28.4,9,48.877945,2.210266
130,"Rue de la Source",92000,92050,Nanterre,1,0,0,"Plutôt à droite","Quartier plus populaire",42,20.53,28.4,12,48.882413,2.208447
138,"Rue de la Source",92000,92050,Nanterre,1,0,0,"Plutôt à droite","Quartier plus populaire",42,20.53,28.4,12,48.882205,2.208684
14,"Avenue des Belles Vues",92000,92050,Nanterre,1,0,0,"Plutôt à droite","Revenu moyen",42,20.53,28.4,9,48.880829,2.207734
14,"Avenue des Chailliers",92000,92050,Nanterre,1,0,0,"Plutôt à droite","Quartier aisé",42,20.53,28.4,8,48.877983,2.207514
14,"Chemin des Cendres",92000,92050,Nanterre,1,0,0,"Plutôt à droite","Quartier aisé",42,20.53,28.4,8,48.877052,2.207864
14,"Chemin des Cerisiers",92000,92050,Nanterre,1,0,0,"Plutôt à droite","Revenu moyen",42,20.53,28.4,9,48.88138,2.207965
14,"Impasse des Luaps",92000,92050,Nanterre,2,0,0,"Plutôt à droite","Revenu moyen",42,20.53,28.4,10,48.879929,2.209423
14,"Résidence des Chailliers",92000,92050,Nanterre,1,0,0,"Plutôt à droite","Quartier aisé",42,20.53,28.4,8,48.876918,2.205103
14,"Rue des Luaps",92000,92050,Nanterre,1,0,0,"Plutôt à droite","Revenu moyen",42,20.53,28.4,9,48.880426,2.209973
14,"Rue Jean Moulin",92000,92050,Nanterre,1,1,0,"Plutôt à droite","Quartier plus populaire",42,20.53,28.4,10,48.879011,2.205137
14,"Rue Missak Manouchian",92000,92050,Nanterre,7,6,0,"Plutôt à droite","Quartier plus populaire",42,20.53,28.4,23,48.877724,2.210056
140,"Rue de la Source",92000,92050,Nanterre,1,0,0,"Plutôt à droite","Quartier plus populaire",42,20.53,28.4,10,48.882149,2.20878
142,"Rue de la Source",92000,92050,Nanterre,1,0,0,"Plutôt à droite","Revenu moyen",42,20.53,28.4,9,48.882013,2.208836
144,"Rue de la Source",92000,92050,Nanterre,1,0,0,"Plutôt à droite","Revenu moyen",42,20.53,28.4,9,48.881966,2.20905
15,"Avenue des Chailliers",92000,92050,Nanterre,1,0,0,"Plutôt à droite","Quartier aisé",42,20.53,28.4,8,48.877984,2.207844
15,"Impasse des Luaps",92000,92050,Nanterre,1,0,0,"Plutôt à droite","Revenu moyen",42,20.53,28.4,8,48.879639,2.209007
15,"Rue de Garches",92000,92050,Nanterre,1,0,0,"Plutôt à droite","Revenu moyen",42,20.53,28.4,10,48.878562,2.209643
15,"Rue des Ermites",92000,92050,Nanterre,1,1,0,"Plutôt à droite","Quartier plus populaire",42,20.53,28.4,9,48.877339,2.209681
15,"Rue du Calvaire",92000,92050,Nanterre,1,0,0,"Plutôt à droite","Revenu moyen",42,20.53,28.4,8,48.879255,2.208207
15,"Rue Jean Moulin",92000,92050,Nanterre,7,6,0,"Plutôt à droite","Quartier plus populaire",42,20.53,28.4,24,48.879121,2.205901
15,"Rue Missak Manouchian",92000,92050,Nanterre,1,1,0,"Plutôt à droite","Quartier plus populaire",42,20.53,28.4,9,48.877922,2.210341
152,"Rue de la Source",92000,92050,Nanterre,1,0,0,"Plutôt à droite","Revenu moyen",42,20.53,28.4,9,48.881698,2.209216
154,"Rue de la Source",92000,92050,Nanterre,1,0,0,"Plutôt à droite","Revenu moyen",42,20.53,28.4,9,48.881605,2.209304
16,"Avenue des Belles Vues",92000,92050,Nanterre,1,0,0,"Plutôt à droite","Revenu moyen",42,20.53,28.4,9,48.880915,2.207726
16,"Avenue des Chailliers",92000,92050,Nanterre,1,0,0,"Plutôt à droite","Quartier aisé",42,20.53,28.4,8,48.877925,2.207477
16,"Résidence des Chailliers",92000,92050,Nanterre,1,0,0,"Plutôt à droite","Quartier aisé",42,20.53,28.4,8,48.876844,2.204708
16,"Rue de Garches",92000,92050,Nanterre,1,0,0,"Plutôt à droite","Revenu moyen",42,20.53,28.4,8,48.878774,2.209141
16,"Rue des Luaps",92000,92050,Nanterre,1,0,0,"Plutôt à droite","Revenu moyen",42,20.53,28.4,10,48.880043,2.210242
16,"Rue du Cheval Moussé",92000,92050,Nanterre,1,1,0,"Plutôt à droite","Quartier plus populaire",42,20.53,28.4,9,48.877345,2.210502
16,"Rue Jean Moulin",92000,92050,Nanterre,1,1,0,"Plutôt à droite","Quartier plus populaire",42,20.53,28.4,10,48.879003,2.205262
16,"Rue Missak Manouchian",92000,92050,Nanterre,6,8,0,"Plutôt à droite","Quartier plus populaire",42,20.53,28.4,33,48.877609,2.21036
160,"Rue de la Source",92000,92050,Nanterre,1,0,0,"Plutôt à droite","Revenu moyen",42,20.53,28.4,9,48.881533,2.20937
164,"Rue de la Source",92000,92050,Nanterre,1,0,0,"Plutôt à droite","Revenu moyen",42,20.53,28.4,9,48.881291,2.209534
166,"Rue de la Source",92000,92050,Nanterre,1,0,0,"Plutôt à droite","Revenu moyen",42,20.53,28.4,9,48.881263,2.209673
169,"Rue Paul Vaillant-Couturier",92000,92050,Nanterre,1,0,0,"Plutôt à droite","Revenu moyen",42,20.53,28.4,9,48.88093,2.206258
17,"Avenue des Chailliers",92000,92050,Nanterre,1,0,0,"Plutôt à droite","Quartier aisé",42,20.53,28.4,8,48.877881,2.207763
17,"Chemin des Cerisiers",92000,92050,Nanterre,1,0,0,"Plutôt à droite","Revenu moyen",42,20.53,28.4,9,48.881531,2.20858
17,"Résidence des Chailliers",92000,92050,Nanterre,1,0,0,"Plutôt à droite","Quartier aisé",42,20.53,28.4,8,48.876935,2.204628
17,"Rue des Ermites",92000,92050,Nanterre,1,1,0,"Plutôt à droite","Quartier plus populaire",42,20.53,28.4,9,48.877311,2.209735
17,"Rue Jean Moulin",92000,92050,Nanterre,2,1,0,"Plutôt à droite","Quartier plus populaire",42,20.53,28.4,10,48.879068,2.206456
17,"Rue Missak Manouchian",92000,92050,Nanterre,1,1,0,"Plutôt à droite","Quartier plus populaire",42,20.53,28.4,9,48.877858,2.210435
170,"Rue de la Source",92000,92050,Nanterre,1,0,0,"Plutôt à droite","Revenu moyen",42,20.53,28.4,9,48.881129,2.20968
172,"Rue de la Source",92000,92050,Nanterre,1,0,0,"Plutôt à droite","Revenu moyen",42,20.53,28.4,9,48.881037,2.209753
173,"Rue Paul Vaillant-Couturier",92000,92050,Nanterre,1,0,0,"Plutôt à droite","Revenu moyen",42,20.53,28.4,9,48.88083,2.206463
175,"Rue Paul Vaillant-Couturier",92000,92050,Nanterre,1,0,0,"Plutôt à droite","Revenu moyen",42,20.53,28.4,9,48.880957,2.206772
177,"Rue Paul Vaillant-Couturier",92000,92050,Nanterre,1,0,0,"Plutôt à droite","Revenu moyen",42,20.53,28.4,9,48.880666,2.206511
177bis,"Rue Paul Vaillant-Couturier",92000,92050,Nanterre,1,0,0,"Plutôt à droite","Revenu moyen",42,20.53,28.4,9,48.880821,2.206696
177ter,"Rue Paul Vaillant-Couturier",92000,92050,Nanterre,1,0,0,"Plutôt à droite","Revenu moyen",42,20.53,28.4,9,48.880722,2.20674
178,"Rue de la Source",92000,92050,Nanterre,1,0,0,"Plutôt à droite","Revenu moyen",42,20.53,28.4,9,48.880884,2.209839
179,"Rue Paul Vaillant-Couturier",92000,92050,Nanterre,1,0,0,"Plutôt à droite","Revenu moyen",42,20.53,28.4,9,48.880668,2.206813
18,"Avenue des Belles Vues",92000,92050,Nanterre,1,0,0,"Plutôt à droite","Revenu moyen",42,20.53,28.4,9,48.881049,2.20782
18,"Avenue des Chailliers",92000,92050,Nanterre,1,0,0,"Plutôt à droite","Quartier aisé",42,20.53,28.4,8,48.877893,2.207213
18,"Chemin des Cerisiers",92000,92050,Nanterre,1,0,0,"Plutôt à droite","Revenu moyen",42,20.53,28.4,9,48.881396,2.208268
18,"Résidence des Chailliers",92000,92050,Nanterre,1,0,0,"Plutôt à droite","Quartier aisé",42,20.53,28.4,8,48.877032,2.204417
18,"Rue Daniel Becker",92000,92050,Nanterre,1,0,0,"Plutôt à droite","Revenu moyen",42,20.53,28.4,9,48.881356,2.206833
18,"Rue du Cheval Moussé",92000,92050,Nanterre,2,1,0,"Plutôt à droite","Quartier plus populaire",42,20.53,28.4,9,48.877315,2.210387
18,"Rue du Tir",92000,92050,Nanterre,1,0,0,"Plutôt à droite","Quartier aisé",42,20.53,28.4,9,48.882405,2.218442
18,"Rue Jean Moulin",92000,92050,Nanterre,2,1,0,"Plutôt à droite","Quartier plus populaire",42,20.53,28.4,10,48.879002,2.205351
18,"Rue Missak Manouchian",92000,92050,Nanterre,1,1,0,"Plutôt à droite","Quartier plus populaire",42,20.53,28.4,9,48.877666,2.210517
180,"Rue de la Source",92000,92050,Nanterre,1,0,0,"Plutôt à droite","Revenu moyen",42,20.53,28.4,9,48.880767,2.20992
181,"Rue Paul Vaillant-Couturier",92000,92050,Nanterre,2,0,0,"Plutôt à droite","Revenu moyen",42,20.53,28.4,9,48.880533,2.206668
184,"Rue de la Source",92000,92050,Nanterre,1,0,0,"Plutôt à droite","Revenu moyen",42,20.53,28.4,9,48.880695,2.21004
185,"Rue Paul Vaillant-Couturier",92000,92050,Nanterre,1,0,0,"Plutôt à droite","Revenu moyen",42,20.53,28.4,9,48.880491,2.206842
188,"Rue de la Source",92000,92050,Nanterre,1,0,0,"Plutôt à droite","Revenu moyen",42,20.53,28.4,9,48.880532,2.210188
19,"Avenue des Chailliers",92000,92050,Nanterre,1,0,0,"Plutôt à droite","Quartier aisé",42,20.53,28.4,8,48.877785,2.207763
19,"Impasse des Luaps",92000,92050,Nanterre,1,0,0,"Plutôt à droite","Revenu moyen",42,20.53,28.4,8,48.879908,2.209007
19,"Rue des Ermites",92000,92050,Nanterre,1,1,0,"Plutôt à droite","Quartier plus populaire",42,20.53,28.4,9,48.877285,2.209824
19,"Rue du Calvaire",92000,92050,Nanterre,1,0,0,"Plutôt à droite","Revenu moyen",42,20.53,28.4,8,48.879109,2.20831
19,"Rue Jean Moulin",92000,92050,Nanterre,1,1,0,"Plutôt à droite","Revenu moyen",42,20.53,28.4,9,48.879094,2.206533
19,"Rue Missak Manouchian",92000,92050,Nanterre,2,1,0,"Plutôt à droite","Quartier plus populaire",42,20.53,28.4,9,48.877834,2.210508
190,"Rue de la Source",92000,92050,Nanterre,1,0,0,"Plutôt à droite","Revenu moyen",42,20.53,28.4,9,48.880458,2.210355
195,"Rue Paul Vaillant-Couturier",92000,92050,Nanterre,1,0,0,"Plutôt à droite","Revenu moyen",42,20.53,28.4,9,48.880232,2.207073
197,"Rue Paul Vaillant-Couturier",92000,92050,Nanterre,1,0,0,"Plutôt à droite","Revenu moyen",42,20.53,28.4,9,48.880153,2.207149
199,"Rue Paul Vaillant-Couturier",92000,92050,Nanterre,1,0,0,"Plutôt à droite","Revenu moyen",42,20.53,28.4,9,48.880555,2.208106
19bis,"Impasse des Luaps",92000,92050,Nanterre,1,0,0,"Plutôt à droite","Revenu moyen",42,20.53,28.4,8,48.879988,2.208946
19bis,"Rue Jean Moulin",92000,92050,Nanterre,1,0,0,"Plutôt à droite","Revenu moyen",42,20.53,28.4,8,48.87923,2.206538
19ter,"Rue Jean Moulin",92000,92050,Nanterre,1,0,0,"Plutôt à droite","Revenu moyen",42,20.53,28.4,8,48.879274,2.206639
1bis,"Avenue des Belles Vues",92000,92050,Nanterre,1,0,0,"Plutôt à droite","Revenu moyen",42,20.53,28.4,9,48.880824,2.207131
2,"Avenue des Chailliers",92000,92050,Nanterre,1,0,0,"Plutôt à droite","Revenu moyen",42,20.53,28.4,8,48.878381,2.207617
2,"Chemin des Cerisiers",92000,92050,Nanterre,1,0,0,"Plutôt à droite","Revenu moyen",42,20.53,28.4,9,48.881883,2.207706
2,"Impasse Daniel Becker",92000,92050,Nanterre,1,0,0,"Plutôt à droite","Revenu moyen",42,20.53,28.4,9,48.881415,2.207084
2,"Résidence des Chailliers",92000,92050,Nanterre,1,0,0,"Plutôt à droite","Quartier aisé",42,20.53,28.4,8,48.877849,2.20469
2,"Rue Daniel Becker",92000,92050,Nanterre,1,0,0,"Plutôt à droite","Revenu moyen",42,20.53,28.4,9,48.880974,2.206329
2,"Rue du Cheval Moussé",92000,92050,Nanterre,1,0,0,"Plutôt à droite","Quartier plus populaire",42,20.53,28.4,9,48.877776,2.211423
2,"Rue Jean Moulin",92000,92050,Nanterre,2,1,0,"Plutôt à droite","Quartier plus populaire",42,20.53,28.4,10,48.879095,2.204456
2,"Rue Missak Manouchian",92000,92050,Nanterre,1,1,0,"Plutôt à droite","Quartier aisé",42,20.53,28.4,8,48.878341,2.209282
20,"Avenue des Chailliers",92000,92050,Nanterre,1,0,0,"Plutôt à droite","Quartier aisé",42,20.53,28.4,8,48.877829,2.207423
20,"Chemin des Cerisiers",92000,92050,Nanterre,1,0,0,"Plutôt à droite","Revenu moyen",42,20.53,28.4,9,48.881338,2.208366
20,"Impasse des Luaps",92000,92050,Nanterre,1,0,0,"Plutôt à droite","Revenu moyen",42,20.53,28.4,9,48.880317,2.209271
20,"Rue Elisée Reclus",92000,92050,Nanterre,1,0,0,"Plutôt à droite","Quartier plus populaire",42,20.53,28.4,9,48.879964,2.203664
206,"Rue Paul Vaillant-Couturier",92000,92050,Nanterre,1,0,0,"Plutôt à droite","Revenu moyen",42,20.53,28.4,8,48.879447,2.207883
207,"Rue Paul Vaillant-Couturier",92000,92050,Nanterre,1,0,0,"Plutôt à droite","Revenu moyen",42,20.53,28.4,9,48.880271,2.207724
20ter,"Rue du Cheval Moussé",92000,92050,Nanterre,2,0,0,"Plutôt à droite","Quartier plus populaire",42,20.53,28.4,9,48.877438,2.210731
21,"Avenue des Chailliers",92000,92050,Nanterre,1,0,0,"Plutôt à droite","Quartier aisé",42,20.53,28.4,8,48.87771,2.207675
21,"Impasse des Luaps",92000,92050,Nanterre,1,0,0,"Plutôt à droite","Revenu moyen",42,20.53,28.4,8,48.8801,2.208837
21,"Rue des Ermites",92000,92050,Nanterre,1,1,0,"Plutôt à droite","Quartier plus populaire",42,20.53,28.4,9,48.877248,2.209882
21,"Rue Jean Moulin",92000,92050,Nanterre,1,1,0,"Plutôt à droite","Revenu moyen",42,20.53,28.4,9,48.879205,2.206797
21,"Rue Missak Manouchian",92000,92050,Nanterre,2,1,0,"Plutôt à droite","Quartier plus populaire",42,20.53,28.4,9,48.877978,2.210802
210,"Rue Paul Vaillant-Couturier",92000,92050,Nanterre,1,0,0,"Plutôt à droite","Revenu moyen",42,20.53,28.4,8,48.879378,2.208066
215,"Rue Paul Vaillant-Couturier",92000,92050,Nanterre,1,0,0,"Plutôt à droite","Revenu moyen",42,20.53,28.4,8,48.87992,2.207987
217,"Rue Paul Vaillant-Couturier",92000,92050,Nanterre,1,0,0,"Plutôt à droite","Revenu moyen",42,20.53,28.4,8,48.879944,2.208118
219,"Rue Paul Vaillant-Couturier",92000,92050,Nanterre,1,0,0,"Plutôt à droite","Revenu moyen",42,20.53,28.4,8,48.879764,2.208039
22,"Chemin des Cerisiers",92000,92050,Nanterre,1,0,0,"Plutôt à droite","Revenu moyen",42,20.53,28.4,9,48.881235,2.208512
22,"Rue de Garches",92000,92050,Nanterre,1,0,0,"Plutôt à droite","Revenu moyen",42,20.53,28.4,8,48.878779,2.208992
22,"Rue des Luaps",92000,92050,Nanterre,1,0,0,"Plutôt à droite","Revenu moyen",42,20.53,28.4,10,48.879806,2.210203
22,"Rue Jean Moulin",92000,92050,Nanterre,2,3,0,"Plutôt à droite","Quartier plus populaire",42,20.53,28.4,12,48.878935,2.205957
222,"Rue Paul Vaillant-Couturier",92000,92050,Nanterre,1,0,0,"Plutôt à droite","Revenu moyen",42,20.53,28.4,8,48.879172,2.208626
223,"Rue Paul Vaillant-Couturier",92000,92050,Nanterre,1,0,0,"Plutôt à droite","Revenu moyen",42,20.53,28.4,8,48.879698,2.208178
224,"Rue Paul Vaillant-Couturier",92000,92050,Nanterre,1,0,0,"Plutôt à droite","Revenu moyen",42,20.53,28.4,8,48.879045,2.20869
225,"Rue Paul Vaillant-Couturier",92000,92050,Nanterre,1,0,0,"Plutôt à droite","Revenu moyen",42,20.53,28.4,8,48.879604,2.208196
226,"Rue Paul Vaillant-Couturier",92000,92050,Nanterre,1,0,0,"Plutôt à droite","Revenu moyen",42,20.53,28.4,8,48.879094,2.208894
229,"Rue Paul Vaillant-Couturier",92000,92050,Nanterre,1,0,0,"Plutôt à droite","Revenu moyen",42,20.53,28.4,8,48.879582,2.208517
23,"Avenue des Chailliers",92000,92050,Nanterre,1,0,0,"Plutôt à droite","Quartier aisé",42,20.53,28.4,8,48.877651,2.20763
23,"Impasse des Luaps",92000,92050,Nanterre,1,0,0,"Plutôt à droite","Revenu moyen",42,20.53,28.4,8,48.880165,2.208787
23,"Rue de Garches",92000,92050,Nanterre,1,0,0,"Plutôt à droite","Revenu moyen",42,20.53,28.4,8,48.878467,2.208901
23,"Rue des Ermites",92000,92050,Nanterre,2,1,0,"Plutôt à droite","Quartier plus populaire",42,20.53,28.4,9,48.87721,2.209973
23,"Rue Jean Moulin",92000,92050,Nanterre,1,1,0,"Plutôt à droite","Revenu moyen",42,20.53,28.4,9,48.879354,2.206769
23,"Rue Missak Manouchian",92000,92050,Nanterre,1,1,0,"Plutôt à droite","Quartier plus populaire",42,20.53,28.4,9,48.877939,2.210873
233,"Rue Paul Vaillant-Couturier",92000,92050,Nanterre,1,0,0,"Plutôt à droite","Revenu moyen",42,20.53,28.4,8,48.879481,2.208555
234,"Rue Paul Vaillant-Couturier",92000,92050,Nanterre,1,0,0,"Plutôt à droite","Revenu moyen",42,20.53,28.4,10,48.87894,2.209319
237,"Rue Paul Vaillant-Couturier",92000,92050,Nanterre,1,0,0,"Plutôt à droite","Revenu moyen",42,20.53,28.4,8,48.879425,2.20867
238,"Rue Paul Vaillant-Couturier",92000,92050,Nanterre,1,0,0,"Plutôt à droite","Revenu moyen",42,20.53,28.4,10,48.878865,2.2096
239,"Rue Paul Vaillant-Couturier",92000,92050,Nanterre,1,0,0,"Plutôt à droite","Revenu moyen",42,20.53,28.4,8,48.879437,2.20878
24,"Avenue des Chailliers",92000,92050,Nanterre,1,0,0,"Plutôt à droite","Quartier aisé",42,20.53,28.4,8,48.877697,2.207378
24,"Impasse des Luaps",92000,92050,Nanterre,1,0,0,"Plutôt à droite","Revenu moyen",42,20.53,28.4,9,48.880454,2.209119
24,"Rue Daniel Becker",92000,92050,Nanterre,1,0,0,"Plutôt à droite","Revenu moyen",42,20.53,28.4,9,48.88149,2.207013
24,"Rue des Luaps",92000,92050,Nanterre,1,0,0,"Plutôt à droite","Revenu moyen",42,20.53,28.4,10,48.87974,2.210188
24,"Rue du Calvaire",92000,92050,Nanterre,1,0,0,"Plutôt à droite","Revenu moyen",42,20.53,28.4,8,48.878977,2.208045
24,"Rue Jean Moulin",92000,92050,Nanterre,4,3,0,"Plutôt à droite","Quartier plus populaire",42,20.53,28.4,12,48.878835,2.206002
240bis,"Rue Paul Vaillant-Couturier",92000,92050,Nanterre,1,0,0,"Plutôt à droite","Revenu moyen",42,20.53,28.4,10,48.878819,2.209853
241,"Rue Paul Vaillant-Couturier",92000,92050,Nanterre,1,0,0,"Plutôt à droite","Revenu moyen",42,20.53,28.4,8,48.8794,2.208865
242,"Rue Paul Vaillant-Couturier",92000,92050,Nanterre,1,0,0,"Plutôt à droite","Revenu moyen",42,20.53,28.4,10,48.878798,2.209967
243,"Rue Paul Vaillant-Couturier",92000,92050,Nanterre,1,0,0,"Plutôt à droite","Revenu moyen",42,20.53,28.4,8,48.879388,2.209007
245,"Rue Paul Vaillant-Couturier",92000,92050,Nanterre,1,0,0,"Plutôt à droite","Revenu moyen",42,20.53,28.4,10,48.8796,2.209348
246,"Rue Paul Vaillant-Couturier",92000,92050,Nanterre,1,1,0,"Plutôt à droite","Quartier plus populaire",42,20.53,28.4,9,48.878487,2.210513
246bis,"Rue Paul Vaillant-Couturier",92000,92050,Nanterre,2,0,0,"Plutôt à droite","Quartier plus populaire",42,20.53,28.4,9,48.878451,2.210693
247,"Rue Paul Vaillant-Couturier",92000,92050,Nanterre,1,0,0,"Plutôt à droite","Revenu moyen",42,20.53,28.4,10,48.879576,2.209407
249,"Rue Paul Vaillant-Couturier",92000,92050,Nanterre,1,0,0,"Plutôt à droite","Revenu moyen",42,20.53,28.4,10,48.879281,2.209228
25,"Avenue des Chailliers",92000,92050,Nanterre,1,0,0,"Plutôt à droite","Quartier aisé",42,20.53,28.4,8,48.877571,2.207641
25,"Impasse des Luaps",92000,92050,Nanterre,1,0,0,"Plutôt à droite","Revenu moyen",42,20.53,28.4,9,48.880233,2.20873
25,"Rue des Ermites",92000,92050,Nanterre,1,0,0,"Plutôt à droite","Quartier plus populaire",42,20.53,28.4,9,48.877152,2.21004
25,"Rue du Calvaire",92000,92050,Nanterre,1,0,0,"Plutôt à droite","Revenu moyen",42,20.53,28.4,8,48.878966,2.208495
25,"Rue Jean Moulin",92000,92050,Nanterre,1,1,0,"Plutôt à droite","Revenu moyen",42,20.53,28.4,9,48.879371,2.206849
255,"Rue Paul Vaillant-Couturier",92000,92050,Nanterre,1,0,0,"Plutôt à droite","Revenu moyen",42,20.53,28.4,10,48.87939,2.209759
257,"Rue Paul Vaillant-Couturier",92000,92050,Nanterre,1,0,0,"Plutôt à droite","Revenu moyen",42,20.53,28.4,10,48.879239,2.209758
26,"Avenue des Chailliers",92000,92050,Nanterre,1,0,0,"Plutôt à droite","Quartier aisé",42,20.53,28.4,8,48.877615,2.207351
26,"Chemin des Cerisiers",92000,92050,Nanterre,1,0,0,"Plutôt à droite","Revenu moyen",42,20.53,28.4,9,48.881103,2.208566
26,"Impasse des Luaps",92000,92050,Nanterre,1,0,0,"Plutôt à droite","Revenu moyen",42,20.53,28.4,9,48.880471,2.209005
26,"Rue Daniel Becker",92000,92050,Nanterre,1,0,0,"Plutôt à droite","Revenu moyen",42,20.53,28.4,9,48.881538,2.207049
26,"Rue des Luaps",92000,92050,Nanterre,2,0,0,"Plutôt à droite","Revenu moyen",42,20.53,28.4,10,48.879642,2.21023
26,"Rue du Calvaire",92000,92050,Nanterre,1,0,0,"Plutôt à droite","Revenu moyen",42,20.53,28.4,8,48.878946,2.208069
26,"Rue Elisée Reclus",92000,92050,Nanterre,1,0,0,"Plutôt à droite","Quartier plus populaire",42,20.53,28.4,9,48.879995,2.203922
26,"Rue Jean Moulin",92000,92050,Nanterre,2,1,0,"Plutôt à droite","Quartier plus populaire",42,20.53,28.4,10,48.878896,2.206312
261,"Rue Paul Vaillant-Couturier",92000,92050,Nanterre,1,0,0,"Plutôt à droite","Revenu moyen",42,20.53,28.4,10,48.879064,2.209846
263,"Rue Paul Vaillant-Couturier",92000,92050,Nanterre,1,0,0,"Plutôt à droite","Revenu moyen",42,20.53,28.4,10,48.879039,2.209912
265,"Rue Paul Vaillant-Couturier",92000,92050,Nanterre,1,0,0,"Plutôt à droite","Revenu moyen",42,20.53,28.4,10,48.879036,2.210055
27,"Avenue des Chailliers",92000,92050,Nanterre,1,0,0,"Plutôt à droite","Quartier aisé",42,20.53,28.4,8,48.87753,2.207625
27,"Chemin des Cerisiers",92000,92050,Nanterre,1,0,0,"Plutôt à droite","Revenu moyen",42,20.53,28.4,9,48.881328,2.209019
27,"Impasse des Luaps",92000,92050,Nanterre,1,0,0,"Plutôt à droite","Revenu moyen",42,20.53,28.4,9,48.880289,2.208682
27,"Rue de Garches",92000,92050,Nanterre,1,0,0,"Plutôt à droite","Revenu moyen",42,20.53,28.4,8,48.878523,2.208741
27,"Rue du Calvaire",92000,92050,Nanterre,1,0,0,"Plutôt à droite","Revenu moyen",42,20.53,28.4,8,48.878849,2.208502
27,"Rue Jean Moulin",92000,92050,Nanterre,1,1,0,"Plutôt à droite","Revenu moyen",42,20.53,28.4,9,48.879272,2.206962
273,"Rue Paul Vaillant-Couturier",92000,92050,Nanterre,1,0,0,"Plutôt à droite","Revenu moyen",42,20.53,28.4,10,48.878845,2.210513
27bis,"Impasse des Luaps",92000,92050,Nanterre,1,0,0,"Plutôt à droite","Revenu moyen",42,20.53,28.4,9,48.880218,2.208487
28,"Chemin des Cerisiers",92000,92050,Nanterre,1,0,0,"Plutôt à droite","Revenu moyen",42,20.53,28.4,9,48.881002,2.20876
28,"Rue Elisée Reclus",92000,92050,Nanterre,1,0,0,"Plutôt à droite","Quartier plus populaire",42,20.53,28.4,9,48.879964,2.204018
28,"Rue Jean Moulin",92000,92050,Nanterre,1,1,0,"Plutôt à droite","Quartier plus populaire",42,20.53,28.4,10,48.87889,2.206421
29,"Avenue des Chailliers",92000,92050,Nanterre,1,0,0,"Plutôt à droite","Quartier aisé",42,20.53,28.4,8,48.877426,2.207597
29,"Chemin des Cerisiers",92000,92050,Nanterre,1,0,0,"Plutôt à droite","Revenu moyen",42,20.53,28.4,9,48.881216,2.209051
29,"Impasse des Luaps",92000,92050,Nanterre,1,0,0,"Plutôt à droite","Revenu moyen",42,20.53,28.4,9,48.880335,2.208535
3,"Impasse Daniel Becker",92000,92050,Nanterre,1,0,0,"Plutôt à droite","Revenu moyen",42,20.53,28.4,9,48.88135,2.207208
3,"Impasse des Luaps",92000,92050,Nanterre,1,0,0,"Plutôt à droite","Revenu moyen",42,20.53,28.4,10,48.879495,2.209868
3,"Rue de Garches",92000,92050,Nanterre,1,0,0,"Plutôt à droite","Revenu moyen",42,20.53,28.4,10,48.878521,2.210288
3,"Rue des Ermites",92000,92050,Nanterre,1,1,0,"Plutôt à droite","Quartier aisé",42,20.53,28.4,8,48.877692,2.209076
3,"Rue Jean Moulin",92000,92050,Nanterre,6,6,0,"Plutôt à droite","Quartier plus populaire",42,20.53,28.4,24,48.879518,2.204642
3,"Rue Missak Manouchian",92000,92050,Nanterre,2,1,0,"Plutôt à droite","Quartier plus populaire",42,20.53,28.4,9,48.878194,2.209683
30,"Rue Daniel Becker",92000,92050,Nanterre,1,0,0,"Plutôt à droite","Revenu moyen",42,20.53,28.4,9,48.881662,2.207225
30,"Rue de Garches",92000,92050,Nanterre,1,0,0,"Plutôt à droite","Revenu moyen",42,20.53,28.4,8,48.878789,2.208627
30,"Rue Elisée Reclus",92000,92050,Nanterre,2,0,0,"Plutôt à droite","Quartier plus populaire",42,20.53,28.4,9,48.879952,2.204145
30,"Rue Jean Moulin",92000,92050,Nanterre,1,1,0,"Plutôt à droite","Revenu moyen",42,20.53,28.4,9,48.878896,2.206539
31,"Avenue des Chailliers",92000,92050,Nanterre,1,0,0,"Plutôt à droite","Quartier aisé",42,20.53,28.4,8,48.877327,2.207572
31,"Chemin des Cerisiers",92000,92050,Nanterre,1,0,0,"Plutôt à droite","Revenu moyen",42,20.53,28.4,9,48.881121,2.209055
31,"Rue Jean Moulin",92000,92050,Nanterre,2,0,0,"Plutôt à droite","Revenu moyen",42,20.53,28.4,8,48.879044,2.207362
32,"Avenue des Chailliers",92000,92050,Nanterre,1,0,0,"Plutôt à droite","Quartier aisé",42,20.53,28.4,8,48.877327,2.207184
32,"Rue Daniel Becker",92000,92050,Nanterre,1,0,0,"Plutôt à droite","Revenu moyen",42,20.53,28.4,9,48.881739,2.207321
32,"Rue Elisée Reclus",92000,92050,Nanterre,1,0,0,"Plutôt à droite","Quartier plus populaire",42,20.53,28.4,10,48.879893,2.204251
32,"Rue Jean Moulin",92000,92050,Nanterre,1,1,0,"Plutôt à droite","Revenu moyen",42,20.53,28.4,9,48.878928,2.206653
33,"Chemin des Cerisiers",92000,92050,Nanterre,1,0,0,"Plutôt à droite","Revenu moyen",42,20.53,28.4,9,48.881118,2.209247
33,"Rue de Garches",92000,92050,Nanterre,1,0,0,"Plutôt à droite","Revenu moyen",42,20.53,28.4,8,48.878409,2.208219
34,"Rue Daniel Becker",92000,92050,Nanterre,1,0,0,"Plutôt à droite","Revenu moyen",42,20.53,28.4,9,48.881825,2.207448
34,"Rue Elisée Reclus",92000,92050,Nanterre,1,0,0,"Plutôt à droite","Quartier plus populaire",42,20.53,28.4,10,48.879889,2.204376
34,"Rue Jean Moulin",92000,92050,Nanterre,2,1,0,"Plutôt à droite","Revenu moyen",42,20.53,28.4,9,48.878959,2.206727
35,"Rue de Garches",92000,92050,Nanterre,1,0,0,"Plutôt à droite","Revenu moyen",42,20.53,28.4,8,48.878421,2.208098
36,"Avenue des Chailliers",92000,92050,Nanterre,1,0,0,"Plutôt à droite","Quartier aisé",42,20.53,28.4,8,48.877216,2.207174
36,"Rue des Luaps",92000,92050,Nanterre,1,0,0,"Plutôt à droite","Revenu moyen",42,20.53,28.4,10,48.879206,2.210176
36,"Rue Elisée Reclus",92000,92050,Nanterre,1,1,0,"Plutôt à droite","Quartier plus populaire",42,20.53,28.4,10,48.879686,2.204839
36bis,"Rue Elisée Reclus",92000,92050,Nanterre,3,1,0,"Plutôt à droite","Quartier plus populaire",42,20.53,28.4,10,48.879668,2.204923
37,"Avenue des Chailliers",92000,92050,Nanterre,1,0,0,"Plutôt à droite","Quartier aisé",42,20.53,28.4,8,48.877161,2.207458
38,"Avenue des Chailliers",92000,92050,Nanterre,1,0,0,"Plutôt à droite","Quartier aisé",42,20.53,28.4,8,48.877133,2.207131
38,"Rue de Garches",92000,92050,Nanterre,1,0,0,"Plutôt à droite","Revenu moyen",42,20.53,28.4,8,48.878867,2.207809
38,"Rue Jean Moulin",92000,92050,Nanterre,1,1,0,"Plutôt à droite","Revenu moyen",42,20.53,28.4,9,48.87873,2.207223
39,"Avenue des Chailliers",92000,92050,Nanterre,1,0,0,"Plutôt à droite","Quartier aisé",42,20.53,28.4,8,48.877093,2.207467
39,"Rue du Calvaire",92000,92050,Nanterre,2,0,0,"Plutôt à droite","Revenu moyen",42,20.53,28.4,8,48.878419,2.208789
39,"Rue de Garches",92000,92050,Nanterre,1,0,0,"Plutôt à droite","Revenu moyen",42,20.53,28.4,8,48.878441,2.207944
3,"Résidence des Chailliers",92000,92050,Nanterre,1,0,0,"Plutôt à droite","Quartier aisé",42,20.53,28.4,8,48.877754,2.204895
4,"Avenue des Belles Vues",92000,92050,Nanterre,1,0,0,"Plutôt à droite","Revenu moyen",42,20.53,28.4,9,48.880557,2.207211
4,"Chemin des Cendres",92000,92050,Nanterre,1,0,0,"Plutôt à droite","Quartier aisé",42,20.53,28.4,8,48.876868,2.20828
4,"Chemin des Cerisiers",92000,92050,Nanterre,1,0,0,"Plutôt à droite","Revenu moyen",42,20.53,28.4,9,48.881853,2.207751
4,"Impasse des Luaps",92000,92050,Nanterre,1,0,0,"Plutôt à droite","Revenu moyen",42,20.53,28.4,10,48.879744,2.210041
4,"Résidence des Chailliers",92000,92050,Nanterre,1,0,0,"Plutôt à droite","Quartier aisé",42,20.53,28.4,8,48.877645,2.204909
4,"Rue du Cheval Moussé",92000,92050,Nanterre,1,0,0,"Plutôt à droite","Quartier plus populaire",42,20.53,28.4,9,48.87771,2.211308
4,"Rue Jean Moulin",92000,92050,Nanterre,2,1,0,"Plutôt à droite","Quartier plus populaire",42,20.53,28.4,10,48.879072,2.204566
4,"Rue Missak Manouchian",92000,92050,Nanterre,8,9,0,"Plutôt à droite","Quartier aisé",42,20.53,28.4,35,48.878172,2.209212
40,"Avenue des Chailliers",92000,92050,Nanterre,1,0,0,"Plutôt à droite","Quartier aisé",42,20.53,28.4,8,48.877073,2.207072
40,"Chemin des Cendres",92000,92050,Nanterre,1,0,0,"Plutôt à droite","Quartier aisé",42,20.53,28.4,8,48.876936,2.206378
40,"Rue Daniel Becker",92000,92050,Nanterre,1,0,0,"Plutôt à droite","Quartier plus populaire",42,20.53,28.4,12,48.881953,2.207623
40,"Rue des Luaps",92000,92050,Nanterre,1,0,0,"Plutôt à droite","Revenu moyen",42,20.53,28.4,10,48.879138,2.210354
41,"Avenue des Chailliers",92000,92050,Nanterre,1,0,0,"Plutôt à droite","Quartier aisé",42,20.53,28.4,8,48.877017,2.207487
41,"Rue du Calvaire",92000,92050,Nanterre,1,0,0,"Plutôt à droite","Quartier aisé",42,20.53,28.4,8,48.878332,2.20869
42,"Rue Daniel Becker",92000,92050,Nanterre,1,0,0,"Plutôt à droite","Quartier plus populaire",42,20.53,28.4,12,48.882106,2.207802
42,"Rue du Calvaire",92000,92050,Nanterre,1,0,0,"Plutôt à droite","Quartier aisé",42,20.53,28.4,8,48.878251,2.208293
42,"Rue Elisée Reclus",92000,92050,Nanterre,1,0,0,"Plutôt à droite","Quartier plus populaire",42,20.53,28.4,10,48.879882,2.204998
43,"Avenue des Chailliers",92000,92050,Nanterre,1,0,0,"Plutôt à droite","Quartier aisé",42,20.53,28.4,8,48.876984,2.207396
43,"Rue du Calvaire",92000,92050,Nanterre,2,1,0,"Plutôt à droite","Quartier aisé",42,20.53,28.4,8,48.878267,2.208751
44,"Chemin des Cendres",92000,92050,Nanterre,1,0,0,"Plutôt à droite","Quartier aisé",42,20.53,28.4,8,48.876756,2.206063
45,"Rue de Garches",92000,92050,Nanterre,1,0,0,"Plutôt à droite","Revenu moyen",42,20.53,28.4,8,48.878333,2.207474
45,"Rue du Calvaire",92000,92050,Nanterre,1,1,0,"Plutôt à droite","Quartier aisé",42,20.53,28.4,8,48.878186,2.208781
46,"Chemin des Cendres",92000,92050,Nanterre,1,0,0,"Plutôt à droite","Quartier aisé",42,20.53,28.4,8,48.876954,2.206066
46,"Rue de Garches",92000,92050,Nanterre,1,0,0,"Plutôt à droite","Revenu moyen",42,20.53,28.4,8,48.878726,2.207734
48,"Rue Daniel Becker",92000,92050,Nanterre,1,0,0,"Plutôt à droite","Quartier plus populaire",42,20.53,28.4,12,48.882047,2.208147
48,"Rue du Calvaire",92000,92050,Nanterre,1,0,0,"Plutôt à droite","Quartier aisé",42,20.53,28.4,8,48.878014,2.208441
48bis,"Rue Daniel Becker",92000,92050,Nanterre,1,0,0,"Plutôt à droite","Quartier plus populaire",42,20.53,28.4,12,48.88205,2.208289
49,"Rue de Garches",92000,92050,Nanterre,1,0,0,"Plutôt à droite","Quartier aisé",42,20.53,28.4,8,48.878229,2.207194
49,"Rue du Calvaire",92000,92050,Nanterre,2,1,0,"Plutôt à droite","Quartier aisé",42,20.53,28.4,8,48.878023,2.208845
5,"Avenue des Belles Vues",92000,92050,Nanterre,1,0,0,"Plutôt à droite","Revenu moyen",42,20.53,28.4,9,48.880849,2.207304
5,"Résidence des Chailliers",92000,92050,Nanterre,1,0,0,"Plutôt à droite","Quartier aisé",42,20.53,28.4,8,48.877542,2.205016
5,"Rue Jean Moulin",92000,92050,Nanterre,4,6,0,"Plutôt à droite","Quartier plus populaire",42,20.53,28.4,24,48.879453,2.204886
5,"Rue Missak Manouchian",92000,92050,Nanterre,2,1,0,"Plutôt à droite","Quartier plus populaire",42,20.53,28.4,9,48.87816,2.209795
50,"Rue Daniel Becker",92000,92050,Nanterre,1,0,0,"Plutôt à droite","Quartier plus populaire",42,20.53,28.4,12,48.882208,2.208039
50,"Rue du Calvaire",92000,92050,Nanterre,1,0,0,"Plutôt à droite","Quartier aisé",42,20.53,28.4,8,48.877934,2.208452
51,"Rue du Calvaire",92000,92050,Nanterre,1,1,0,"Plutôt à droite","Quartier aisé",42,20.53,28.4,8,48.877978,2.208917
52,"Rue Daniel Becker",92000,92050,Nanterre,1,0,0,"Plutôt à droite","Quartier plus populaire",42,20.53,28.4,12,48.882273,2.208121
52,"Rue du Calvaire",92000,92050,Nanterre,1,0,0,"Plutôt à droite","Quartier aisé",42,20.53,28.4,8,48.877873,2.208447
52,"Rue Elisée Reclus",92000,92050,Nanterre,1,1,0,"Plutôt à droite","Quartier plus populaire",42,20.53,28.4,10,48.879671,2.205194
52bis,"Rue Daniel Becker",92000,92050,Nanterre,2,0,0,"Plutôt à droite","Quartier plus populaire",42,20.53,28.4,12,48.882087,2.208445
53,"Rue du Calvaire",92000,92050,Nanterre,1,0,0,"Plutôt à droite","Quartier aisé",42,20.53,28.4,8,48.877876,2.208863
54,"Rue Daniel Becker",92000,92050,Nanterre,1,0,0,"Plutôt à droite","Quartier plus populaire",42,20.53,28.4,12,48.882321,2.208236
54,"Rue Elisée Reclus",92000,92050,Nanterre,2,1,0,"Plutôt à droite","Quartier plus populaire",42,20.53,28.4,10,48.87954,2.205152
56,"Rue Daniel Becker",92000,92050,Nanterre,1,0,0,"Plutôt à droite","Quartier plus populaire",42,20.53,28.4,12,48.88237,2.208351
56,"Rue Elisée Reclus",92000,92050,Nanterre,1,0,0,"Plutôt à droite","Quartier plus populaire",42,20.53,28.4,10,48.879524,2.205432
57,"Rue de Garches",92000,92050,Nanterre,1,0,0,"Plutôt à droite","Quartier aisé",42,20.53,28.4,8,48.878257,2.206811
57,"Rue du Calvaire",92000,92050,Nanterre,1,1,0,"Plutôt à droite","Quartier aisé",42,20.53,28.4,8,48.877765,2.208963
58,"Rue Elisée Reclus",92000,92050,Nanterre,1,0,0,"Plutôt à droite","Quartier plus populaire",42,20.53,28.4,10,48.879496,2.205556
5bis,"Rue des Ermites",92000,92050,Nanterre,1,1,0,"Plutôt à droite","Quartier aisé",42,20.53,28.4,8,48.877576,2.209214
6,"Avenue des Belles Vues",92000,92050,Nanterre,1,0,0,"Plutôt à droite","Revenu moyen",42,20.53,28.4,9,48.880605,2.207296
6,"Avenue des Chailliers",92000,92050,Nanterre,1,0,0,"Plutôt à droite","Quartier aisé",42,20.53,28.4,8,48.878271,2.207628
6,"Impasse Daniel Becker",92000,92050,Nanterre,1,0,0,"Plutôt à droite","Revenu moyen",42,20.53,28.4,9,48.881224,2.206946
6,"Impasse des Luaps",92000,92050,Nanterre,1,0,0,"Plutôt à droite","Revenu moyen",42,20.53,28.4,10,48.879747,2.209811
6,"Rue du Cheval Moussé",92000,92050,Nanterre,1,0,0,"Plutôt à droite","Quartier plus populaire",42,20.53,28.4,9,48.877609,2.211045
6,"Rue du Tir",92000,92050,Nanterre,1,0,0,"Plutôt à droite","Quartier aisé",42,20.53,28.4,8,48.882759,2.217963
6,"Rue Jean Moulin",92000,92050,Nanterre,2,1,0,"Plutôt à droite","Quartier plus populaire",42,20.53,28.4,10,48.879067,2.204669
6,"Rue Missak Manouchian",92000,92050,Nanterre,7,7,0,"Plutôt à droite","Quartier aisé",42,20.53,28.4,28,48.87807,2.209323
60,"Rue de Garches",92000,92050,Nanterre,1,0,0,"Plutôt à droite","Revenu moyen",42,20.53,28.4,8,48.878696,2.206998
60,"Rue du Calvaire",92000,92050,Nanterre,1,0,0,"Plutôt à droite","Quartier aisé",42,20.53,28.4,8,48.877793,2.208359
60,"Rue Elisée Reclus",92000,92050,Nanterre,2,1,0,"Plutôt à droite","Quartier plus populaire",42,20.53,28.4,10,48.879457,2.205642
61,"Rue de Garches",92000,92050,Nanterre,1,0,0,"Plutôt à droite","Quartier aisé",42,20.53,28.4,8,48.87823,2.206647
62,"Chemin des Cendres",92000,92050,Nanterre,5,0,0,"Plutôt à droite","Quartier aisé",42,20.53,28.4,9,48.876565,2.205229
62,"Rue du Calvaire",92000,92050,Nanterre,1,0,0,"Plutôt à droite","Quartier aisé",42,20.53,28.4,8,48.877656,2.208367
64,"Chemin des Cendres",92000,92050,Nanterre,3,0,0,"Plutôt à droite","Quartier aisé",42,20.53,28.4,8,48.87638,2.205265
64,"Rue de Garches",92000,92050,Nanterre,1,1,0,"Plutôt à droite","Revenu moyen",42,20.53,28.4,9,48.878648,2.206855
64,"Rue Elisée Reclus",92000,92050,Nanterre,1,1,0,"Plutôt à droite","Quartier plus populaire",42,20.53,28.4,10,48.879452,2.20583
65,"Rue de Garches",92000,92050,Nanterre,1,0,0,"Plutôt à droite","Quartier aisé",42,20.53,28.4,8,48.877898,2.20661
65bis,"Rue de Garches",92000,92050,Nanterre,1,0,0,"Plutôt à droite","Quartier aisé",42,20.53,28.4,8,48.877927,2.206465
66,"Chemin des Cendres",92000,92050,Nanterre,1,0,0,"Plutôt à droite","Quartier aisé",42,20.53,28.4,8,48.876256,2.205302
66,"Rue de Garches",92000,92050,Nanterre,1,0,0,"Plutôt à droite","Revenu moyen",42,20.53,28.4,8,48.878545,2.206828
66,"Rue Elisée Reclus",92000,92050,Nanterre,1,0,0,"Plutôt à droite","Quartier plus populaire",42,20.53,28.4,10,48.879526,2.205934
68,"Chemin des Cendres",92000,92050,Nanterre,2,0,0,"Plutôt à droite","Quartier aisé",42,20.53,28.4,8,48.876128,2.205304
68,"Rue de Garches",92000,92050,Nanterre,1,0,0,"Plutôt à droite","Revenu moyen",42,20.53,28.4,8,48.87857,2.206671
68,"Rue du Calvaire",92000,92050,Nanterre,1,0,0,"Plutôt à droite","Quartier aisé",42,20.53,28.4,8,48.877394,2.208605
68,"Rue Elisée Reclus",92000,92050,Nanterre,1,0,0,"Plutôt à droite","Quartier plus populaire",42,20.53,28.4,10,48.879515,2.20617
7,"Avenue des Belles Vues",92000,92050,Nanterre,1,0,0,"Plutôt à droite","Revenu moyen",42,20.53,28.4,9,48.880925,2.207369
7,"Avenue des Chailliers",92000,92050,Nanterre,1,0,0,"Plutôt à droite","Quartier aisé",42,20.53,28.4,8,48.878212,2.207834
7,"Chemin des Cerisiers",92000,92050,Nanterre,1,0,0,"Plutôt à droite","Revenu moyen",42,20.53,28.4,9,48.881916,2.207986
7,"Résidence des Chailliers",92000,92050,Nanterre,1,0,0,"Plutôt à droite","Quartier aisé",42,20.53,28.4,8,48.877326,2.205179
7,"Rue des Ermites",92000,92050,Nanterre,1,0,0,"Plutôt à droite","Quartier aisé",42,20.53,28.4,8,48.877559,2.209329
7,"Rue Jean Moulin",92000,92050,Nanterre,5,6,0,"Plutôt à droite","Quartier plus populaire",42,20.53,28.4,24,48.879387,2.205087
7,"Rue Missak Manouchian",92000,92050,Nanterre,1,1,0,"Plutôt à droite","Quartier plus populaire",42,20.53,28.4,9,48.878128,2.209896
70,"Rue de Garches",92000,92050,Nanterre,1,0,0,"Plutôt à droite","Revenu moyen",42,20.53,28.4,8,48.878538,2.20655
70,"Rue du Calvaire",92000,92050,Nanterre,1,0,0,"Plutôt à droite","Quartier aisé",42,20.53,28.4,8,48.877302,2.20863
70,"Rue Elisée Reclus",92000,92050,Nanterre,1,0,0,"Plutôt à droite","Quartier plus populaire",42,20.53,28.4,10,48.879506,2.206363
72,"Rue de Garches",92000,92050,Nanterre,1,0,0,"Plutôt à droite","Quartier plus populaire",42,20.53,28.4,10,48.878519,2.206448
73,"Rue de Garches",92000,92050,Nanterre,1,0,0,"Plutôt à droite","Quartier aisé",42,20.53,28.4,8,48.877371,2.206288
74,"Rue de Garches",92000,92050,Nanterre,1,0,0,"Plutôt à droite","Quartier plus populaire",42,20.53,28.4,10,48.878493,2.206334
74,"Rue du Calvaire",92000,92050,Nanterre,1,0,0,"Plutôt à droite","Quartier aisé",42,20.53,28.4,8,48.877197,2.208543
75,"Rue de Garches",92000,92050,Nanterre,1,0,0,"Plutôt à droite","Quartier aisé",42,20.53,28.4,8,48.878048,2.206143
75,"Rue des Chailliers",92000,92050,Nanterre,1,0,0,"Plutôt à droite","Revenu moyen",42,20.53,28.4,8,48.880007,2.203497
76,"Rue de Garches",92000,92050,Nanterre,1,0,0,"Plutôt à droite","Quartier plus populaire",42,20.53,28.4,10,48.87873,2.206148
76,"Rue du Calvaire",92000,92050,Nanterre,1,0,0,"Plutôt à droite","Quartier aisé",42,20.53,28.4,8,48.87712,2.208554
77,"Rue de Garches",92000,92050,Nanterre,3,0,0,"Plutôt à droite","Quartier aisé",42,20.53,28.4,8,48.877958,2.206005
78,"Rue du Calvaire",92000,92050,Nanterre,1,0,0,"Plutôt à droite","Quartier aisé",42,20.53,28.4,8,48.877056,2.208494
78,"Rue Elisée Reclus",92000,92050,Nanterre,1,0,0,"Plutôt à droite","Revenu moyen",42,20.53,28.4,8,48.879495,2.206659
8,"Avenue des Belles Vues",92000,92050,Nanterre,1,0,0,"Plutôt à droite","Revenu moyen",42,20.53,28.4,9,48.880651,2.20739
8,"Avenue des Chailliers",92000,92050,Nanterre,1,0,0,"Plutôt à droite","Quartier aisé",42,20.53,28.4,8,48.878199,2.207621
8,"Impasse des Luaps",92000,92050,Nanterre,1,0,0,"Plutôt à droite","Revenu moyen",42,20.53,28.4,10,48.879891,2.20984
8,"Résidence des Chailliers",92000,92050,Nanterre,1,0,0,"Plutôt à droite","Quartier aisé",42,20.53,28.4,8,48.877225,2.205198
8,"Rue des Luaps",92000,92050,Nanterre,1,0,0,"Plutôt à droite","Revenu moyen",42,20.53,28.4,10,48.880314,2.210251
8,"Rue du Tir",92000,92050,Nanterre,1,0,0,"Plutôt à droite","Quartier aisé",42,20.53,28.4,8,48.882712,2.21812
8,"Rue Elisée Reclus",92000,92050,Nanterre,1,0,0,"Plutôt à droite","Revenu moyen",42,20.53,28.4,8,48.880179,2.203311
8,"Rue Jean Moulin",92000,92050,Nanterre,1,1,0,"Plutôt à droite","Quartier plus populaire",42,20.53,28.4,10,48.879048,2.204779
8,"Rue Missak Manouchian",92000,92050,Nanterre,8,7,0,"Plutôt à droite","Quartier plus populaire",42,20.53,28.4,29,48.877964,2.209542
80,"Rue de Garches",92000,92050,Nanterre,1,0,0,"Plutôt à droite","Quartier plus populaire",42,20.53,28.4,10,48.878485,2.205955
80,"Rue du Calvaire",92000,92050,Nanterre,1,0,0,"Plutôt à droite","Quartier aisé",42,20.53,28.4,8,48.877007,2.208481
80,"Rue Elisée Reclus",92000,92050,Nanterre,1,0,0,"Plutôt à droite","Revenu moyen",42,20.53,28.4,8,48.87932,2.207029
81,"Rue de Garches",92000,92050,Nanterre,1,0,0,"Plutôt à droite","Quartier aisé",42,20.53,28.4,8,48.877985,2.205796
82,"Rue du Calvaire",92000,92050,Nanterre,1,0,0,"Plutôt à droite","Quartier aisé",42,20.53,28.4,8,48.876932,2.208442
83,"Rue de Garches",92000,92050,Nanterre,1,0,0,"Plutôt à droite","Quartier aisé",42,20.53,28.4,8,48.877934,2.205643
84,"Rue du Calvaire",92000,92050,Nanterre,1,0,0,"Plutôt à droite","Quartier aisé",42,20.53,28.4,8,48.876826,2.208442
85,"Rue de Garches",92000,92050,Nanterre,1,0,0,"Plutôt à droite","Quartier aisé",42,20.53,28.4,8,48.877952,2.20548
86,"Rue Elisée Reclus",92000,92050,Nanterre,1,0,0,"Plutôt à droite","Revenu moyen",42,20.53,28.4,8,48.879261,2.207332
88,"Rue de Garches",92000,92050,Nanterre,1,0,0,"Plutôt à droite","Quartier plus populaire",42,20.53,28.4,10,48.878346,2.205588
88,"Rue Elisée Reclus",92000,92050,Nanterre,1,0,0,"Plutôt à droite","Revenu moyen",42,20.53,28.4,8,48.87957,2.2071
89,"Rue de Garches",92000,92050,Nanterre,1,0,0,"Plutôt à droite","Quartier aisé",42,20.53,28.4,8,48.877964,2.205343
89,"Rue des Chailliers",92000,92050,Nanterre,1,0,0,"Plutôt à droite","Quartier plus populaire",42,20.53,28.4,10,48.879812,2.203868
9,"Avenue des Belles Vues",92000,92050,Nanterre,1,0,0,"Plutôt à droite","Revenu moyen",42,20.53,28.4,9,48.880986,2.207374
9,"Chemin des Cerisiers",92000,92050,Nanterre,1,0,0,"Plutôt à droite","Revenu moyen",42,20.53,28.4,9,48.881851,2.20811
9,"Impasse des Luaps",92000,92050,Nanterre,1,0,0,"Plutôt à droite","Revenu moyen",42,20.53,28.4,10,48.879481,2.209421
9,"Rue de Garches",92000,92050,Nanterre,1,0,0,"Plutôt à droite","Revenu moyen",42,20.53,28.4,10,48.87855,2.209951
9,"Rue des Ermites",92000,92050,Nanterre,1,0,0,"Plutôt à droite","Quartier aisé",42,20.53,28.4,8,48.8775,2.209411
9,"Rue Jean Moulin",92000,92050,Nanterre,5,6,0,"Plutôt à droite","Quartier plus populaire",42,20.53,28.4,24,48.879179,2.205331
9,"Rue Missak Manouchian",92000,92050,Nanterre,2,1,0,"Plutôt à droite","Quartier plus populaire",42,20.53,28.4,9,48.878084,2.210018
90,"Rue de Garches",92000,92050,Nanterre,1,0,0,"Plutôt à droite","Quartier plus populaire",42,20.53,28.4,10,48.878455,2.205401
90,"Rue Elisée Reclus",92000,92050,Nanterre,1,0,0,"Plutôt à droite","Revenu moyen",42,20.53,28.4,8,48.879558,2.2072
91,"Rue de Garches",92000,92050,Nanterre,1,0,0,"Plutôt à droite","Quartier aisé",42,20.53,28.4,8,48.877941,2.205251
93,"Rue de Garches",92000,92050,Nanterre,4,0,0,"Plutôt à droite","Quartier aisé",42,20.53,28.4,8,48.877351,2.20546
93,"Rue des Chailliers",92000,92050,Nanterre,1,0,0,"Plutôt à droite","Quartier plus populaire",42,20.53,28.4,10,48.87964,2.204027
95,"Rue de Garches",92000,92050,Nanterre,1,0,0,"Plutôt à droite","Quartier aisé",42,20.53,28.4,8,48.877907,2.205062
95,"Rue des Chailliers",92000,92050,Nanterre,1,0,0,"Plutôt à droite","Quartier plus populaire",42,20.53,28.4,10,48.879524,2.20405
97,"Rue de Garches",92000,92050,Nanterre,4,0,0,"Plutôt à droite","Quartier aisé",42,20.53,28.4,8,48.877862,2.204558
98,"Rue de Garches",92000,92050,Nanterre,1,0,0,"Plutôt à droite","Quartier plus populaire",42,20.53,28.4,10,48.878296,2.205368
9bis,"Avenue des Belles Vues",92000,92050,Nanterre,1,0,0,"Plutôt à droite","Revenu moyen",42,20.53,28.4,9,48.881138,2.207606
1,"Avenue Rachel",92000,92050,Nanterre,1,0,0,"A gauche","Quartier plus populaire",47,36.15,43.99,16,48.886427,2.203956
1,"Place Nathalie Lemel",92000,92050,Nanterre,2,1,0,"A gauche","Quartier plus populaire",47,36.15,43.99,14,48.88509,2.202866
1,"Rue Circulaire",92000,92050,Nanterre,1,0,0,"A gauche","Quartier plus populaire",47,36.15,43.99,16,48.885789,2.203875
1,"Rue Gustave Courbet",92000,92050,Nanterre,17,0,0,"A gauche","Quartier plus populaire",47,36.15,43.99,14,48.884272,2.203634
10,"Avenue Gabriel",92000,92050,Nanterre,1,0,0,"A gauche","Quartier plus populaire",47,36.15,43.99,16,48.886179,2.203396
10,"Avenue Georges Clemenceau",92000,92050,Nanterre,12,0,0,"A gauche","Quartier plus populaire",47,36.15,43.99,12,48.886865,2.201714
10,"Avenue Rachel",92000,92050,Nanterre,1,0,0,"A gauche","Quartier plus populaire",47,36.15,43.99,16,48.886192,2.204432
10,"Rue Circulaire",92000,92050,Nanterre,1,0,0,"A gauche","Quartier plus populaire",47,36.15,43.99,16,48.885791,2.203189
10,"Rue de la Source",92000,92050,Nanterre,1,0,0,"A gauche","Quartier plus populaire",47,36.15,43.99,16,48.886128,2.20534
10,"Rue des Fleurs",92000,92050,Nanterre,1,0,0,"A gauche","Quartier plus populaire",47,36.15,43.99,16,48.885539,2.204783
10,"Rue des Suisses",92000,92050,Nanterre,1,0,0,"A gauche","Quartier plus populaire",47,36.15,43.99,16,48.886517,2.202806
10bis,"Rue Circulaire",92000,92050,Nanterre,2,0,0,"A gauche","Quartier plus populaire",47,36.15,43.99,16,48.885742,2.20313
11,"Avenue de la Fontaine de Rolle",92000,92050,Nanterre,1,0,0,"A gauche","Revenu moyen",47,36.15,43.99,9,48.887493,2.203374
11,"Rue Circulaire",92000,92050,Nanterre,1,0,0,"A gauche","Quartier plus populaire",47,36.15,43.99,16,48.885619,2.203542
12,"Avenue Gabriel",92000,92050,Nanterre,1,0,0,"A gauche","Quartier plus populaire",47,36.15,43.99,16,48.886012,2.203366
12,"Avenue Rachel",92000,92050,Nanterre,1,0,0,"A gauche","Quartier plus populaire",47,36.15,43.99,16,48.88605,2.204343
12,"Rue de la Source",92000,92050,Nanterre,1,0,0,"A gauche","Quartier plus populaire",47,36.15,43.99,13,48.886077,2.205413
12,"Rue des Fleurs",92000,92050,Nanterre,1,0,0,"A gauche","Quartier plus populaire",47,36.15,43.99,16,48.88548,2.204669
13,"Avenue de la Fontaine de Rolle",92000,92050,Nanterre,1,0,0,"A gauche","Revenu moyen",47,36.15,43.99,9,48.887598,2.203274
13,"Avenue Gabriel",92000,92050,Nanterre,1,0,0,"A gauche","Quartier plus populaire",47,36.15,43.99,16,48.886153,2.203895
13,"Avenue Rachel",92000,92050,Nanterre,1,0,0,"A gauche","Quartier plus populaire",47,36.15,43.99,16,48.886287,2.204706
13,"Rue Circulaire",92000,92050,Nanterre,1,0,0,"A gauche","Quartier plus populaire",47,36.15,43.99,16,48.885563,2.203613
14,"Avenue Rachel",92000,92050,Nanterre,1,0,0,"A gauche","Quartier plus populaire",47,36.15,43.99,16,48.886008,2.204528
14,"Rue Circulaire",92000,92050,Nanterre,1,0,0,"A gauche","Quartier plus populaire",47,36.15,43.99,16,48.885498,2.203046
14,"Rue de la Source",92000,92050,Nanterre,1,0,0,"A gauche","Quartier plus populaire",47,36.15,43.99,13,48.886033,2.205478
15,"Avenue de la Fontaine de Rolle",92000,92050,Nanterre,1,0,0,"A gauche","Revenu moyen",47,36.15,43.99,9,48.887639,2.203182
15,"Avenue Rachel",92000,92050,Nanterre,1,0,0,"A gauche","Quartier plus populaire",47,36.15,43.99,16,48.886179,2.204733
15,"Rue Circulaire",92000,92050,Nanterre,1,0,0,"A gauche","Quartier plus populaire",47,36.15,43.99,16,48.885526,2.203718
15,"Rue des Suisses",92000,92050,Nanterre,33,16,0,"A gauche","Quartier plus populaire",47,36.15,43.99,47,48.886488,2.203237
16,"Avenue Gabriel",92000,92050,Nanterre,1,0,0,"A gauche","Quartier plus populaire",47,36.15,43.99,16,48.885969,2.203744
16,"Avenue Rachel",92000,92050,Nanterre,1,0,0,"A gauche","Quartier plus populaire",47,36.15,43.99,16,48.885952,2.204589
16,"Rue de la Source",92000,92050,Nanterre,1,0,0,"A gauche","Quartier plus populaire",47,36.15,43.99,13,48.885978,2.205479
16,"Rue des Suisses",92000,92050,Nanterre,30,0,0,"A gauche","Quartier plus populaire",47,36.15,43.99,13,48.886339,2.202339
17,"Avenue de la Fontaine de Rolle",92000,92050,Nanterre,1,0,0,"A gauche","Revenu moyen",47,36.15,43.99,9,48.887751,2.203106
17,"Avenue Gabriel",92000,92050,Nanterre,1,0,0,"A gauche","Quartier plus populaire",47,36.15,43.99,16,48.886052,2.203965
17,"Avenue Rachel",92000,92050,Nanterre,1,0,0,"A gauche","Quartier plus populaire",47,36.15,43.99,16,48.886162,2.204937
18,"Avenue Gabriel",92000,92050,Nanterre,1,0,0,"A gauche","Quartier plus populaire",47,36.15,43.99,16,48.885838,2.203905
18,"Avenue Georges Clemenceau",92000,92050,Nanterre,26,40,0,"A gauche","Quartier plus populaire",47,36.15,43.99,42,48.886837,2.202114
18,"Rue Circulaire",92000,92050,Nanterre,1,0,0,"A gauche","Quartier plus populaire",47,36.15,43.99,16,48.885515,2.203321
18,"Rue de la Source",92000,92050,Nanterre,1,0,0,"A gauche","Quartier plus populaire",47,36.15,43.99,13,48.885927,2.205548
19,"Avenue de la Fontaine de Rolle",92000,92050,Nanterre,1,0,0,"A gauche","Revenu moyen",47,36.15,43.99,9,48.887777,2.203
19,"Avenue Gabriel",92000,92050,Nanterre,1,0,0,"A gauche","Quartier plus populaire",47,36.15,43.99,16,48.886035,2.204113
19,"Rue Circulaire",92000,92050,Nanterre,1,0,0,"A gauche","Quartier plus populaire",47,36.15,43.99,16,48.885402,2.203994
1bis,"Avenue Gabriel",92000,92050,Nanterre,1,0,0,"A gauche","Quartier plus populaire",47,36.15,43.99,16,48.886499,2.203811
2,"Place Nathalie Lemel",92000,92050,Nanterre,2,1,0,"A gauche","Quartier plus populaire",47,36.15,43.99,14,48.885159,2.203193
2,"Rue de la Source",92000,92050,Nanterre,1,0,0,"A gauche","Quartier plus populaire",47,36.15,43.99,16,48.886535,2.205229
2,"Rue Gustave Courbet",92000,92050,Nanterre,12,0,0,"A gauche","Quartier plus populaire",47,36.15,43.99,14,48.88437,2.203829
20,"Avenue Gabriel",92000,92050,Nanterre,1,0,0,"A gauche","Quartier plus populaire",47,36.15,43.99,16,48.885693,2.203907
20,"Avenue Rachel",92000,92050,Nanterre,1,0,0,"A gauche","Quartier plus populaire",47,36.15,43.99,16,48.885758,2.204583
20,"Rue Circulaire",92000,92050,Nanterre,1,0,0,"A gauche","Quartier plus populaire",47,36.15,43.99,16,48.885475,2.203411
20,"Rue de la Source",92000,92050,Nanterre,1,0,0,"A gauche","Quartier plus populaire",47,36.15,43.99,13,48.885873,2.20554
20bis,"Avenue Rachel",92000,92050,Nanterre,1,0,0,"A gauche","Quartier plus populaire",47,36.15,43.99,16,48.885699,2.20463
21,"Avenue de la Fontaine de Rolle",92000,92050,Nanterre,1,0,0,"A gauche","Revenu moyen",47,36.15,43.99,9,48.887811,2.202939
21,"Avenue Rachel",92000,92050,Nanterre,1,0,0,"A gauche","Quartier plus populaire",47,36.15,43.99,16,48.88601,2.20496
22,"Avenue Gabriel",92000,92050,Nanterre,1,0,0,"A gauche","Quartier plus populaire",47,36.15,43.99,16,48.88562,2.20398
22,"Avenue Rachel",92000,92050,Nanterre,1,0,0,"A gauche","Quartier plus populaire",47,36.15,43.99,16,48.885635,2.204669
22,"Rue Circulaire",92000,92050,Nanterre,1,0,0,"A gauche","Quartier plus populaire",47,36.15,43.99,16,48.885406,2.20342
23,"Avenue de la Fontaine de Rolle",92000,92050,Nanterre,1,0,0,"A gauche","Revenu moyen",47,36.15,43.99,9,48.887886,2.20286
23,"Avenue Gabriel",92000,92050,Nanterre,2,0,0,"A gauche","Quartier plus populaire",47,36.15,43.99,16,48.885887,2.20414
23,"Avenue Rachel",92000,92050,Nanterre,1,0,0,"A gauche","Quartier plus populaire",47,36.15,43.99,16,48.885991,2.205088
23,"Rue Circulaire",92000,92050,Nanterre,1,0,0,"A gauche","Quartier plus populaire",47,36.15,43.99,13,48.885291,2.204127
24,"Avenue Gabriel",92000,92050,Nanterre,1,0,0,"A gauche","Quartier plus populaire",47,36.15,43.99,16,48.885515,2.204024
24,"Avenue Rachel",92000,92050,Nanterre,1,0,0,"A gauche","Quartier plus populaire",47,36.15,43.99,16,48.885577,2.204717
24,"Rue de la Source",92000,92050,Nanterre,1,0,0,"A gauche","Quartier plus populaire",47,36.15,43.99,13,48.885785,2.205668
25,"Avenue Rachel",92000,92050,Nanterre,1,0,0,"A gauche","Quartier plus populaire",47,36.15,43.99,16,48.885852,2.205042
26,"Avenue Gabriel",92000,92050,Nanterre,1,0,0,"A gauche","Quartier plus populaire",47,36.15,43.99,16,48.885493,2.204213
26,"Avenue Rachel",92000,92050,Nanterre,2,0,0,"A gauche","Quartier plus populaire",47,36.15,43.99,16,48.885579,2.204894
27,"Avenue Gabriel",92000,92050,Nanterre,1,0,0,"A gauche","Quartier plus populaire",47,36.15,43.99,16,48.885833,2.204216
27,"Avenue Rachel",92000,92050,Nanterre,1,0,0,"A gauche","Quartier plus populaire",47,36.15,43.99,16,48.885803,2.20509
27,"Rue Paul Vaillant-Couturier",92000,92050,Nanterre,9,16,0,"A gauche","Quartier plus populaire",47,36.15,43.99,41,48.885872,2.202114
28,"Rue Circulaire",92000,92050,Nanterre,1,0,0,"A gauche","Quartier plus populaire",47,36.15,43.99,13,48.88526,2.203687
29,"Avenue de la Fontaine de Rolle",92000,92050,Nanterre,1,0,0,"A gauche","Revenu moyen",47,36.15,43.99,9,48.888112,2.202645
29,"Avenue Rachel",92000,92050,Nanterre,1,0,0,"A gauche","Quartier plus populaire",47,36.15,43.99,16,48.885717,2.205161
29,"Rue des Fleurs",92000,92050,Nanterre,1,0,0,"A gauche","Quartier plus populaire",47,36.15,43.99,13,48.885044,2.204113
29bis,"Avenue Rachel",92000,92050,Nanterre,1,0,0,"A gauche","Quartier plus populaire",47,36.15,43.99,16,48.885755,2.205316
3,"Avenue de la Fontaine de Rolle",92000,92050,Nanterre,1,0,0,"A gauche","Revenu moyen",47,36.15,43.99,9,48.887235,2.203729
3,"Avenue Rachel",92000,92050,Nanterre,1,0,0,"A gauche","Quartier plus populaire",47,36.15,43.99,16,48.886458,2.204082
3,"Place Nathalie Lemel",92000,92050,Nanterre,1,1,0,"A gauche","Quartier plus populaire",47,36.15,43.99,14,48.885086,2.203243
3,"Rue Circulaire",92000,92050,Nanterre,1,0,0,"A gauche","Quartier plus populaire",47,36.15,43.99,16,48.885752,2.203798
3,"Rue Gustave Courbet",92000,92050,Nanterre,15,0,0,"A gauche","Quartier plus populaire",47,36.15,43.99,14,48.884477,2.20406
30,"Avenue Gabriel",92000,92050,Nanterre,1,0,0,"A gauche","Quartier plus populaire",47,36.15,43.99,16,48.885335,2.204246
30,"Avenue Georges Clemenceau",92000,92050,Nanterre,20,30,0,"A gauche","Quartier plus populaire",47,36.15,43.99,46,48.886787,2.202841
30,"Rue Circulaire",92000,92050,Nanterre,1,0,0,"A gauche","Quartier plus populaire",47,36.15,43.99,13,48.885175,2.203733
31,"Avenue Gabriel",92000,92050,Nanterre,1,0,0,"A gauche","Quartier plus populaire",47,36.15,43.99,16,48.885671,2.204315
32,"Rue Circulaire",92000,92050,Nanterre,1,0,0,"A gauche","Quartier plus populaire",47,36.15,43.99,13,48.885129,2.203802
33,"Avenue Gabriel",92000,92050,Nanterre,1,0,0,"A gauche","Quartier plus populaire",47,36.15,43.99,16,48.885583,2.204371
34,"Rue Circulaire",92000,92050,Nanterre,1,0,0,"A gauche","Quartier plus populaire",47,36.15,43.99,13,48.885118,2.203899
36,"Rue Circulaire",92000,92050,Nanterre,1,0,0,"A gauche","Quartier plus populaire",47,36.15,43.99,13,48.885018,2.203947
3bis,"Avenue Rachel",92000,92050,Nanterre,1,0,0,"A gauche","Quartier plus populaire",47,36.15,43.99,16,48.88645,2.204178
4,"Avenue Georges Clemenceau",92000,92050,Nanterre,1,0,0,"A gauche","Quartier plus populaire",47,36.15,43.99,12,48.886899,2.201359
4,"Place Nathalie Lemel",92000,92050,Nanterre,1,1,0,"A gauche","Quartier plus populaire",47,36.15,43.99,14,48.885029,2.203291
4,"Rue Circulaire",92000,92050,Nanterre,1,0,0,"A gauche","Quartier plus populaire",47,36.15,43.99,16,48.885915,2.203531
4,"Rue de la Source",92000,92050,Nanterre,1,0,0,"A gauche","Quartier plus populaire",47,36.15,43.99,16,48.88644,2.205177
41,"Rue Paul Vaillant-Couturier",92000,92050,Nanterre,1,0,0,"A gauche","Quartier plus populaire",47,36.15,43.99,12,48.885367,2.202553
42,"Avenue Georges Clemenceau",92000,92050,Nanterre,1,0,0,"A gauche","Quartier plus populaire",47,36.15,43.99,16,48.886685,2.204017
45,"Rue Paul Vaillant-Couturier",92000,92050,Nanterre,1,0,0,"A gauche","Quartier plus populaire",47,36.15,43.99,12,48.88523,2.202562
46,"Avenue Georges Clemenceau",92000,92050,Nanterre,1,0,0,"A gauche","Quartier plus populaire",47,36.15,43.99,16,48.886682,2.204119
48,"Avenue Georges Clemenceau",92000,92050,Nanterre,2,0,0,"A gauche","Quartier plus populaire",47,36.15,43.99,16,48.886666,2.204244
49,"Rue Paul Vaillant-Couturier",92000,92050,Nanterre,1,0,0,"A gauche","Revenu moyen",47,36.15,43.99,10,48.885125,2.202749
4bis,"Rue de la Source",92000,92050,Nanterre,1,0,0,"A gauche","Quartier plus populaire",47,36.15,43.99,16,48.886394,2.205194
5,"Avenue de la Fontaine de Rolle",92000,92050,Nanterre,1,0,0,"A gauche","Revenu moyen",47,36.15,43.99,9,48.887325,2.203653
5,"Avenue Rachel",92000,92050,Nanterre,1,0,0,"A gauche","Quartier plus populaire",47,36.15,43.99,16,48.886445,2.204275
5,"Place Nathalie Lemel",92000,92050,Nanterre,3,1,0,"A gauche","Quartier plus populaire",47,36.15,43.99,14,48.884952,2.203371
5,"Rue Circulaire",92000,92050,Nanterre,1,0,0,"A gauche","Quartier plus populaire",47,36.15,43.99,16,48.88573,2.203622
5,"Rue Paul Vaillant-Couturier",92000,92050,Nanterre,1,0,0,"A gauche","Quartier plus populaire",47,36.15,43.99,12,48.886788,2.201243
58,"Avenue Georges Clemenceau",92000,92050,Nanterre,1,0,0,"A gauche","Quartier plus populaire",47,36.15,43.99,16,48.886567,2.20478
5bis,"Avenue Rachel",92000,92050,Nanterre,1,0,0,"A gauche","Quartier plus populaire",47,36.15,43.99,16,48.88645,2.204371
6,"Avenue Georges Clemenceau",92000,92050,Nanterre,4,25,0,"A gauche","Quartier plus populaire",47,36.15,43.99,41,48.886765,2.201555
6,"Avenue Rachel",92000,92050,Nanterre,2,0,0,"A gauche","Quartier plus populaire",47,36.15,43.99,16,48.886217,2.204171
6,"Place Nathalie Lemel",92000,92050,Nanterre,2,1,0,"A gauche","Quartier plus populaire",47,36.15,43.99,14,48.88483,2.203073
6,"Rue Circulaire",92000,92050,Nanterre,1,0,0,"A gauche","Quartier plus populaire",47,36.15,43.99,16,48.885907,2.203409
6,"Rue de la Source",92000,92050,Nanterre,1,0,0,"A gauche","Quartier plus populaire",47,36.15,43.99,16,48.886353,2.205249
60,"Avenue Georges Clemenceau",92000,92050,Nanterre,1,0,0,"A gauche","Quartier plus populaire",47,36.15,43.99,16,48.886607,2.20489
62,"Avenue Georges Clemenceau",92000,92050,Nanterre,1,0,0,"A gauche","Quartier plus populaire",47,36.15,43.99,16,48.886492,2.204985
64,"Avenue Georges Clemenceau",92000,92050,Nanterre,1,0,0,"A gauche","Quartier plus populaire",47,36.15,43.99,16,48.886556,2.205128
7,"Place Nathalie Lemel",92000,92050,Nanterre,1,1,0,"A gauche","Quartier plus populaire",47,36.15,43.99,14,48.884892,2.203022
8,"Avenue Gabriel",92000,92050,Nanterre,1,0,0,"A gauche","Quartier plus populaire",47,36.15,43.99,16,48.886269,2.203419
8,"Avenue Rachel",92000,92050,Nanterre,1,0,0,"A gauche","Quartier plus populaire",47,36.15,43.99,16,48.886204,2.204321
8,"Rue Circulaire",92000,92050,Nanterre,1,0,0,"A gauche","Quartier plus populaire",47,36.15,43.99,16,48.885823,2.203297
8,"Rue des Fleurs",92000,92050,Nanterre,1,0,0,"A gauche","Quartier plus populaire",47,36.15,43.99,16,48.885562,2.204854
9,"Avenue de la Fontaine de Rolle",92000,92050,Nanterre,1,0,0,"A gauche","Revenu moyen",47,36.15,43.99,9,48.887458,2.203501
9,"Rue Circulaire",92000,92050,Nanterre,1,0,0,"A gauche","Quartier plus populaire",47,36.15,43.99,16,48.885677,2.203506
9,"Rue Paul Vaillant-Couturier",92000,92050,Nanterre,10,0,0,"A gauche","Quartier plus populaire",47,36.15,43.99,12,48.886455,2.201589
9,"Avenue Gabriel",92000,92050,Nanterre,1,0,0,"A gauche","Quartier plus populaire",47,36.15,43.99,16,48.886225,2.203852
1,"Place Eugène Pottier",92000,92050,Nanterre,1,1,0,"Mixte gauche/droite","Quartier plus populaire",53,39.5,47.42,14,48.88222,2.207198
1,"Place Jean-Baptiste Clément",92000,92050,Nanterre,2,1,0,"Mixte gauche/droite","Quartier plus populaire",53,39.5,47.42,14,48.882887,2.207997
1,"Place Pierre Degeyter",92000,92050,Nanterre,1,1,0,"Mixte gauche/droite","Revenu moyen",53,39.5,47.42,11,48.881521,2.206426
10,"Allée Camelinat",92000,92050,Nanterre,15,16,0,"Mixte gauche/droite","Quartier plus populaire",53,39.5,47.42,42,48.882331,2.205649
10,"Place Jean-Baptiste Clément",92000,92050,Nanterre,2,1,0,"Mixte gauche/droite","Quartier plus populaire",53,39.5,47.42,14,48.882611,2.207112
10,"Place Pierre Degeyter",92000,92050,Nanterre,3,1,0,"Mixte gauche/droite","Revenu moyen",53,39.5,47.42,12,48.881775,2.206678
11,"Place Jean-Baptiste Clément",92000,92050,Nanterre,2,1,0,"Mixte gauche/droite","Quartier plus populaire",53,39.5,47.42,14,48.882955,2.207352
12,"Allée Camelinat",92000,92050,Nanterre,11,15,0,"Mixte gauche/droite","Quartier plus populaire",53,39.5,47.42,41,48.882214,2.205754
12,"Place Jean-Baptiste Clément",92000,92050,Nanterre,1,1,0,"Mixte gauche/droite","Quartier plus populaire",53,39.5,47.42,14,48.883055,2.207264
121,"Rue Paul Vaillant-Couturier",92000,92050,Nanterre,1,0,0,"Mixte gauche/droite","Quartier plus populaire",53,39.5,47.42,12,48.882493,2.204791
125,"Rue Paul Vaillant-Couturier",92000,92050,Nanterre,1,0,0,"Mixte gauche/droite","Quartier plus populaire",53,39.5,47.42,12,48.882399,2.204844
128,"Rue de la Source",92000,92050,Nanterre,1,0,0,"Mixte gauche/droite","Quartier plus populaire",53,39.5,47.42,14,48.882632,2.208278
13,"Place Jean-Baptiste Clément",92000,92050,Nanterre,1,1,0,"Mixte gauche/droite","Quartier plus populaire",53,39.5,47.42,14,48.883091,2.20724
13,"Rue Daniel Becker",92000,92050,Nanterre,1,0,0,"Mixte gauche/droite","Revenu moyen",53,39.5,47.42,11,48.881423,2.20645
131,"Rue Paul Vaillant-Couturier",92000,92050,Nanterre,1,0,0,"Mixte gauche/droite","Quartier plus populaire",53,39.5,47.42,12,48.882137,2.204959
133bis,"Rue Paul Vaillant-Couturier",92000,92050,Nanterre,1,0,0,"Mixte gauche/droite","Quartier plus populaire",53,39.5,47.42,12,48.882183,2.205112
135,"Rue Paul Vaillant-Couturier",92000,92050,Nanterre,1,0,0,"Mixte gauche/droite","Quartier plus populaire",53,39.5,47.42,12,48.882082,2.205173
137,"Rue Paul Vaillant-Couturier",92000,92050,Nanterre,1,0,0,"Mixte gauche/droite","Quartier plus populaire",53,39.5,47.42,12,48.881938,2.205155
139,"Rue Paul Vaillant-Couturier",92000,92050,Nanterre,1,0,0,"Mixte gauche/droite","Quartier plus populaire",53,39.5,47.42,12,48.881872,2.205252
14,"Allée Camelinat",92000,92050,Nanterre,9,15,0,"Mixte gauche/droite","Quartier plus populaire",53,39.5,47.42,41,48.882003,2.205943
14,"Allée des Damades",92000,92050,Nanterre,15,0,0,"Mixte gauche/droite","Quartier plus populaire",53,39.5,47.42,15,48.883935,2.204277
14,"Place Jean-Baptiste Clément",92000,92050,Nanterre,2,1,0,"Mixte gauche/droite","Quartier plus populaire",53,39.5,47.42,14,48.883232,2.207309
15,"Place Jean-Baptiste Clément",92000,92050,Nanterre,2,1,0,"Mixte gauche/droite","Quartier plus populaire",53,39.5,47.42,14,48.883263,2.207389
157,"Rue Paul Vaillant-Couturier",92000,92050,Nanterre,1,0,0,"Mixte gauche/droite","Quartier plus populaire",53,39.5,47.42,11,48.881439,2.205989
16,"Allée des Damades",92000,92050,Nanterre,12,0,0,"Mixte gauche/droite","Quartier plus populaire",53,39.5,47.42,15,48.883836,2.204376
16,"Place Jean-Baptiste Clément",92000,92050,Nanterre,2,1,0,"Mixte gauche/droite","Quartier plus populaire",53,39.5,47.42,14,48.883331,2.207568
165,"Rue Paul Vaillant-Couturier",92000,92050,Nanterre,1,0,0,"Mixte gauche/droite","Quartier plus populaire",53,39.5,47.42,11,48.881108,2.206088
17,"Place Jean-Baptiste Clément",92000,92050,Nanterre,1,1,0,"Mixte gauche/droite","Quartier plus populaire",53,39.5,47.42,14,48.883285,2.207644
18,"Place Jean-Baptiste Clément",92000,92050,Nanterre,1,1,0,"Mixte gauche/droite","Quartier plus populaire",53,39.5,47.42,14,48.883194,2.207744
19,"Place Jean-Baptiste Clément",92000,92050,Nanterre,2,1,0,"Mixte gauche/droite","Quartier plus populaire",53,39.5,47.42,14,48.883133,2.20782
19,"Rue Daniel Becker",92000,92050,Nanterre,1,0,0,"Mixte gauche/droite","Revenu moyen",53,39.5,47.42,11,48.881552,2.206653
2,"Place Eugène Pottier",92000,92050,Nanterre,1,1,0,"Mixte gauche/droite","Quartier plus populaire",53,39.5,47.42,14,48.882149,2.207126
2,"Place Jean-Baptiste Clément",92000,92050,Nanterre,3,1,0,"Mixte gauche/droite","Quartier plus populaire",53,39.5,47.42,14,48.882834,2.20792
2,"Place Pierre Degeyter",92000,92050,Nanterre,1,1,0,"Mixte gauche/droite","Revenu moyen",53,39.5,47.42,11,48.881566,2.206359
20,"Place Jean-Baptiste Clément",92000,92050,Nanterre,1,1,0,"Mixte gauche/droite","Quartier plus populaire",53,39.5,47.42,14,48.883068,2.207887
21,"Allée des Damades",92000,92050,Nanterre,9,19,0,"Mixte gauche/droite","Quartier plus populaire",53,39.5,47.42,41,48.883493,2.205758
23,"Allée des Damades",92000,92050,Nanterre,18,20,0,"Mixte gauche/droite","Quartier plus populaire",53,39.5,47.42,44,48.883412,2.205987
23,"Rue Daniel Becker",92000,92050,Nanterre,1,0,0,"Mixte gauche/droite","Revenu moyen",53,39.5,47.42,11,48.881622,2.206852
25,"Allée des Damades",92000,92050,Nanterre,18,18,0,"Mixte gauche/droite","Quartier plus populaire",53,39.5,47.42,44,48.883284,2.206177
25bis,"Rue Daniel Becker",92000,92050,Nanterre,3,1,0,"Mixte gauche/droite","Revenu moyen",53,39.5,47.42,12,48.881767,2.206907
27,"Allée des Damades",92000,92050,Nanterre,15,20,0,"Mixte gauche/droite","Quartier plus populaire",53,39.5,47.42,43,48.883078,2.206432
27,"Rue Daniel Becker",92000,92050,Nanterre,2,1,0,"Mixte gauche/droite","Revenu moyen",53,39.5,47.42,11,48.88183,2.206978
29,"Allée des Damades",92000,92050,Nanterre,11,19,0,"Mixte gauche/droite","Quartier plus populaire",53,39.5,47.42,43,48.882858,2.206607
29,"Rue Daniel Becker",92000,92050,Nanterre,1,1,0,"Mixte gauche/droite","Revenu moyen",53,39.5,47.42,11,48.88188,2.207058
3,"Place Eugène Pottier",92000,92050,Nanterre,2,1,0,"Mixte gauche/droite","Quartier plus populaire",53,39.5,47.42,14,48.882108,2.207063
3,"Place Jean-Baptiste Clément",92000,92050,Nanterre,1,1,0,"Mixte gauche/droite","Quartier plus populaire",53,39.5,47.42,14,48.882835,2.207741
3,"Rue Daniel Becker",92000,92050,Nanterre,1,0,0,"Mixte gauche/droite","Revenu moyen",53,39.5,47.42,11,48.881094,2.206169
30,"Allée des Damades",92000,92050,Nanterre,12,13,0,"Mixte gauche/droite","Quartier plus populaire",53,39.5,47.42,43,48.882862,2.206134
31,"Allée des Damades",92000,92050,Nanterre,6,15,0,"Mixte gauche/droite","Quartier plus populaire",53,39.5,47.42,43,48.882752,2.206848
32,"Allée des Damades",92000,92050,Nanterre,12,15,0,"Mixte gauche/droite","Quartier plus populaire",53,39.5,47.42,43,48.882686,2.206236
33,"Allée des Damades",92000,92050,Nanterre,1,0,0,"Mixte gauche/droite","Quartier plus populaire",53,39.5,47.42,14,48.882272,2.207545
33,"Rue Daniel Becker",92000,92050,Nanterre,1,0,0,"Mixte gauche/droite","Quartier plus populaire",53,39.5,47.42,14,48.881934,2.20718
34,"Allée des Damades",92000,92050,Nanterre,14,16,0,"Mixte gauche/droite","Quartier plus populaire",53,39.5,47.42,43,48.882571,2.206543
35,"Rue Daniel Becker",92000,92050,Nanterre,1,0,0,"Mixte gauche/droite","Quartier plus populaire",53,39.5,47.42,14,48.881992,2.207237
39,"Rue Daniel Becker",92000,92050,Nanterre,1,0,0,"Mixte gauche/droite","Quartier plus populaire",53,39.5,47.42,14,48.882084,2.207414
4,"Place Eugène Pottier",92000,92050,Nanterre,1,1,0,"Mixte gauche/droite","Quartier plus populaire",53,39.5,47.42,14,48.882065,2.206874
4,"Place Jean-Baptiste Clément",92000,92050,Nanterre,2,1,0,"Mixte gauche/droite","Quartier plus populaire",53,39.5,47.42,14,48.882768,2.207648
4,"Place Pierre Degeyter",92000,92050,Nanterre,2,1,0,"Mixte gauche/droite","Revenu moyen",53,39.5,47.42,11,48.881718,2.206162
41,"Rue Daniel Becker",92000,92050,Nanterre,1,0,0,"Mixte gauche/droite","Quartier plus populaire",53,39.5,47.42,14,48.882197,2.20763
45,"Rue Daniel Becker",92000,92050,Nanterre,1,0,0,"Mixte gauche/droite","Quartier plus populaire",53,39.5,47.42,14,48.882323,2.207691
5,"Place Eugène Pottier",92000,92050,Nanterre,2,1,0,"Mixte gauche/droite","Quartier plus populaire",53,39.5,47.42,14,48.882094,2.206816
5,"Place Jean-Baptiste Clément",92000,92050,Nanterre,1,1,0,"Mixte gauche/droite","Quartier plus populaire",53,39.5,47.42,14,48.882707,2.207577
5,"Place Pierre Degeyter",92000,92050,Nanterre,1,1,0,"Mixte gauche/droite","Revenu moyen",53,39.5,47.42,11,48.88178,2.20609
53,"Rue Daniel Becker",92000,92050,Nanterre,2,0,0,"Mixte gauche/droite","Quartier plus populaire",53,39.5,47.42,14,48.882557,2.207987
57,"Rue Daniel Becker",92000,92050,Nanterre,1,0,0,"Mixte gauche/droite","Quartier plus populaire",53,39.5,47.42,14,48.882553,2.208102
59,"Rue Daniel Becker",92000,92050,Nanterre,1,0,0,"Mixte gauche/droite","Quartier plus populaire",53,39.5,47.42,14,48.88259,2.208166
6,"Place Eugène Pottier",92000,92050,Nanterre,1,1,0,"Mixte gauche/droite","Quartier plus populaire",53,39.5,47.42,14,48.882146,2.206704
6,"Place Jean-Baptiste Clément",92000,92050,Nanterre,2,1,0,"Mixte gauche/droite","Quartier plus populaire",53,39.5,47.42,14,48.882655,2.207495
6,"Place Pierre Degeyter",92000,92050,Nanterre,2,1,0,"Mixte gauche/droite","Quartier plus populaire",53,39.5,47.42,14,48.881974,2.206356
6,"Rue André Sabatier",92000,92050,Nanterre,16,0,0,"Mixte gauche/droite","Quartier aisé",53,39.5,47.42,11,48.880534,2.215145
64,"Rue de la Source",92000,92050,Nanterre,14,21,0,"Mixte gauche/droite","Quartier plus populaire",53,39.5,47.42,45,48.884285,2.20667
7,"Allée Camelinat",92000,92050,Nanterre,15,19,0,"Mixte gauche/droite","Quartier plus populaire",53,39.5,47.42,42,48.882678,2.205698
7,"Place Eugène Pottier",92000,92050,Nanterre,1,1,0,"Mixte gauche/droite","Quartier plus populaire",53,39.5,47.42,14,48.882281,2.206755
7,"Place Jean-Baptiste Clément",92000,92050,Nanterre,1,1,0,"Mixte gauche/droite","Quartier plus populaire",53,39.5,47.42,14,48.882555,2.207376
7,"Place Pierre Degeyter",92000,92050,Nanterre,2,1,0,"Mixte gauche/droite","Quartier plus populaire",53,39.5,47.42,14,48.881937,2.206412
72,"Rue de la Source",92000,92050,Nanterre,18,24,0,"Mixte gauche/droite","Quartier plus populaire",53,39.5,47.42,46,48.884092,2.206837
8,"Place Eugène Pottier",92000,92050,Nanterre,2,1,0,"Mixte gauche/droite","Quartier plus populaire",53,39.5,47.42,14,48.882319,2.206801
8,"Place Jean-Baptiste Clément",92000,92050,Nanterre,1,1,0,"Mixte gauche/droite","Quartier plus populaire",53,39.5,47.42,14,48.882529,2.207259
8,"Place Pierre Degeyter",92000,92050,Nanterre,1,1,0,"Mixte gauche/droite","Quartier plus populaire",53,39.5,47.42,14,48.881869,2.206548
9,"Allée Camelinat",92000,92050,Nanterre,14,15,0,"Mixte gauche/droite","Quartier plus populaire",53,39.5,47.42,43,48.882304,2.206073
9,"Place Eugène Pottier",92000,92050,Nanterre,2,1,0,"Mixte gauche/droite","Quartier plus populaire",53,39.5,47.42,14,48.882391,2.206885
9,"Place Jean-Baptiste Clément",92000,92050,Nanterre,3,1,0,"Mixte gauche/droite","Quartier plus populaire",53,39.5,47.42,14,48.882577,2.207102
9,"Place Pierre Degeyter",92000,92050,Nanterre,2,1,0,"Mixte gauche/droite","Revenu moyen",53,39.5,47.42,11,48.881817,2.206623
9,"Rue Daniel Becker",92000,92050,Nanterre,1,0,0,"Mixte gauche/droite","Revenu moyen",53,39.5,47.42,11,48.881335,2.206345
1,"Avenue de la Liberté",92000,92050,Nanterre,8,19,0,"Plutôt à droite","Quartier plus populaire",49,24.44,32.48,39,48.887561,2.207421
1,"Avenue des Alouettes",92000,92050,Nanterre,1,0,0,"Plutôt à droite","Quartier plus populaire",49,24.44,32.48,15,48.884273,2.212871
1,"Rue de la Source",92000,92050,Nanterre,1,0,0,"Plutôt à droite","Quartier plus populaire",49,24.44,32.48,13,48.886465,2.20549
1,"Rue des Fleurs",92000,92050,Nanterre,1,0,0,"Plutôt à droite","Quartier plus populaire",49,24.44,32.48,13,48.885674,2.205773
10,"Avenue de la Fontaine de Rolle",92000,92050,Nanterre,1,0,0,"Plutôt à droite","Revenu moyen",49,24.44,32.48,10,48.887669,2.203542
10,"Rue Branly",92000,92050,Nanterre,1,0,0,"Plutôt à droite","Revenu moyen",49,24.44,32.48,10,48.887381,2.204465
10,"Rue Marcel Génin",92000,92050,Nanterre,1,0,0,"Plutôt à droite","Quartier plus populaire",49,24.44,32.48,11,48.88246,2.209443
100,"Rue des Alouettes",92000,92050,Nanterre,1,0,0,"Plutôt à droite","Quartier plus populaire",49,24.44,32.48,11,48.882868,2.210387
100,"Rue Philippe Triaire",92000,92050,Nanterre,1,0,0,"Plutôt à droite","Quartier plus populaire",49,24.44,32.48,11,48.883642,2.208522
101,"Rue Philippe Triaire",92000,92050,Nanterre,1,1,0,"Plutôt à droite","Quartier plus populaire",49,24.44,32.48,11,48.883522,2.209014
101,"Rue Yves Saudmont",92000,92050,Nanterre,1,0,0,"Plutôt à droite","Quartier plus populaire",49,24.44,32.48,15,48.88453,2.211963
102,"Avenue Georges Clemenceau",92000,92050,Nanterre,24,0,0,"Plutôt à droite","Quartier plus populaire",49,24.44,32.48,14,48.886229,2.207423
102,"Rue du Vieux-Pont",92000,92050,Nanterre,4,0,0,"Plutôt à droite","Quartier plus populaire",49,24.44,32.48,14,48.888732,2.185409
102,"Rue Philippe Triaire",92000,92050,Nanterre,1,0,0,"Plutôt à droite","Quartier plus populaire",49,24.44,32.48,11,48.883567,2.208569
103,"Avenue Georges Clemenceau",92000,92050,Nanterre,1,0,0,"Plutôt à droite","Quartier plus populaire",49,24.44,32.48,13,48.886874,2.207366
103,"Rue Philippe Triaire",92000,92050,Nanterre,3,1,0,"Plutôt à droite","Quartier plus populaire",49,24.44,32.48,11,48.883482,2.209048
104,"Avenue Georges Clemenceau",92000,92050,Nanterre,1,0,0,"Plutôt à droite","Quartier plus populaire",49,24.44,32.48,13,48.886316,2.207923
104,"Rue des Alouettes",92000,92050,Nanterre,1,0,0,"Plutôt à droite","Quartier plus populaire",49,24.44,32.48,11,48.882792,2.21026
104,"Rue Philippe Triaire",92000,92050,Nanterre,1,0,0,"Plutôt à droite","Quartier plus populaire",49,24.44,32.48,11,48.883483,2.208642
105,"Avenue Georges Clemenceau",92000,92050,Nanterre,1,0,0,"Plutôt à droite","Quartier plus populaire",49,24.44,32.48,13,48.886774,2.207531
106,"Rue Philippe Triaire",92000,92050,Nanterre,2,0,0,"Plutôt à droite","Quartier plus populaire",49,24.44,32.48,11,48.883382,2.208681
107,"Rue de la Source",92000,92050,Nanterre,1,0,0,"Plutôt à droite","Quartier plus populaire",49,24.44,32.48,13,48.882619,2.208603
109,"Rue de la Source",92000,92050,Nanterre,1,0,0,"Plutôt à droite","Quartier plus populaire",49,24.44,32.48,11,48.882516,2.208677
11,"Rue de la Côte",92000,92050,Nanterre,5,0,0,"Plutôt à droite","Revenu moyen",49,24.44,32.48,10,48.888576,2.203562
11,"Rue de la Source",92000,92050,Nanterre,1,0,0,"Plutôt à droite","Quartier plus populaire",49,24.44,32.48,13,48.886121,2.205743
11,"Rue des Fleurs",92000,92050,Nanterre,1,0,0,"Plutôt à droite","Quartier plus populaire",49,24.44,32.48,17,48.885414,2.205124
110,"Rue Philippe Triaire",92000,92050,Nanterre,1,0,0,"Plutôt à droite","Quartier plus populaire",49,24.44,32.48,11,48.88329,2.208808
110,"Rue Yves Saudmont",92000,92050,Nanterre,1,0,0,"Plutôt à droite","Quartier plus populaire",49,24.44,32.48,15,48.884415,2.21192
111,"Rue Yves Saudmont",92000,92050,Nanterre,1,0,0,"Plutôt à droite","Quartier plus populaire",49,24.44,32.48,15,48.884453,2.212053
113,"Rue de la Source",92000,92050,Nanterre,1,0,0,"Plutôt à droite","Quartier plus populaire",49,24.44,32.48,11,48.882357,2.208811
113bis,"Rue de la Source",92000,92050,Nanterre,1,0,0,"Plutôt à droite","Quartier plus populaire",49,24.44,32.48,11,48.882314,2.208921
114,"Rue Philippe Triaire",92000,92050,Nanterre,1,0,0,"Plutôt à droite","Quartier plus populaire",49,24.44,32.48,11,48.88317,2.208913
115,"Rue de la Source",92000,92050,Nanterre,1,0,0,"Plutôt à droite","Quartier plus populaire",49,24.44,32.48,11,48.882254,2.208964
115,"Rue Philippe Triaire",92000,92050,Nanterre,1,0,0,"Plutôt à droite","Quartier plus populaire",49,24.44,32.48,11,48.883214,2.209212
115,"Rue Yves Saudmont",92000,92050,Nanterre,1,0,0,"Plutôt à droite","Quartier plus populaire",49,24.44,32.48,15,48.884435,2.212075
117,"Rue Philippe Triaire",92000,92050,Nanterre,1,0,0,"Plutôt à droite","Quartier plus populaire",49,24.44,32.48,11,48.883176,2.209247
118,"Rue du Vieux-Pont",92000,92050,Nanterre,5,0,0,"Plutôt à droite","Quartier plus populaire",49,24.44,32.48,14,48.888235,2.184955
118,"Rue Philippe Triaire",92000,92050,Nanterre,1,0,0,"Plutôt à droite","Quartier plus populaire",49,24.44,32.48,11,48.883031,2.208878
119,"Rue Philippe Triaire",92000,92050,Nanterre,1,0,0,"Plutôt à droite","Quartier plus populaire",49,24.44,32.48,11,48.88316,2.209411
12,"Avenue de la Fontaine de Rolle",92000,92050,Nanterre,1,0,0,"Plutôt à droite","Revenu moyen",49,24.44,32.48,10,48.887753,2.203517
12,"Rue de Suresnes",92000,92050,Nanterre,1,0,0,"Plutôt à droite","Quartier plus populaire",49,24.44,32.48,12,48.886009,2.209865
12,"Rue Marcel Génin",92000,92050,Nanterre,1,0,0,"Plutôt à droite","Quartier plus populaire",49,24.44,32.48,11,48.882608,2.20922
120,"Avenue Georges Clemenceau",92000,92050,Nanterre,1,0,0,"Plutôt à droite","Quartier plus populaire",49,24.44,32.48,12,48.886067,2.208616
122,"Rue Philippe Triaire",92000,92050,Nanterre,1,0,0,"Plutôt à droite","Quartier plus populaire",49,24.44,32.48,11,48.882833,2.209287
122,"Rue Yves Saudmont",92000,92050,Nanterre,1,0,0,"Plutôt à droite","Quartier plus populaire",49,24.44,32.48,15,48.884327,2.212028
123,"Rue Philippe Triaire",92000,92050,Nanterre,2,0,0,"Plutôt à droite","Quartier plus populaire",49,24.44,32.48,11,48.882999,2.209507
127,"Rue Philippe Triaire",92000,92050,Nanterre,1,0,0,"Plutôt à droite","Quartier plus populaire",49,24.44,32.48,11,48.883069,2.209897
127,"Rue Yves Saudmont",92000,92050,Nanterre,1,0,0,"Plutôt à droite","Quartier plus populaire",49,24.44,32.48,15,48.884349,2.212185
128,"Rue Philippe Triaire",92000,92050,Nanterre,1,0,0,"Plutôt à droite","Quartier plus populaire",49,24.44,32.48,11,48.882774,2.209544
129,"Rue Philippe Triaire",92000,92050,Nanterre,1,0,0,"Plutôt à droite","Quartier plus populaire",49,24.44,32.48,11,48.88292,2.20971
13,"Rue de la Côte",92000,92050,Nanterre,12,0,0,"Plutôt à droite","Revenu moyen",49,24.44,32.48,10,48.888578,2.203724
13,"Avenue des Alouettes",92000,92050,Nanterre,1,0,0,"Plutôt à droite","Quartier plus populaire",49,24.44,32.48,15,48.884567,2.212444
13,"Rue de la Côte",92000,92050,Nanterre,1,0,0,"Plutôt à droite","Revenu moyen",49,24.44,32.48,10,48.888578,2.203724
131,"Rue Yves Saudmont",92000,92050,Nanterre,1,0,0,"Plutôt à droite","Quartier plus populaire",49,24.44,32.48,15,48.884315,2.212226
132,"Rue Yves Saudmont",92000,92050,Nanterre,1,0,0,"Plutôt à droite","Quartier plus populaire",49,24.44,32.48,15,48.884252,2.212121
134,"Rue Philippe Triaire",92000,92050,Nanterre,1,0,0,"Plutôt à droite","Quartier plus populaire",49,24.44,32.48,11,48.882657,2.209839
136,"Rue Yves Saudmont",92000,92050,Nanterre,1,0,0,"Plutôt à droite","Quartier plus populaire",49,24.44,32.48,15,48.884222,2.212161
14,"Avenue de la Fontaine de Rolle",92000,92050,Nanterre,1,0,0,"Plutôt à droite","Revenu moyen",49,24.44,32.48,10,48.887788,2.203395
14,"Rue des Carriers",92000,92050,Nanterre,1,0,0,"Plutôt à droite","Quartier plus populaire",49,24.44,32.48,13,48.88719,2.206416
14,"Rue Marcel Génin",92000,92050,Nanterre,1,0,0,"Plutôt à droite","Quartier plus populaire",49,24.44,32.48,11,48.882571,2.209139
147,"Rue Yves Saudmont",92000,92050,Nanterre,1,0,0,"Plutôt à droite","Quartier plus populaire",49,24.44,32.48,15,48.884214,2.212345
15,"Rue de la Côte",92000,92050,Nanterre,6,0,0,"Plutôt à droite","Revenu moyen",49,24.44,32.48,10,48.888477,2.203721
15,"Avenue des Alouettes",92000,92050,Nanterre,1,0,0,"Plutôt à droite","Quartier plus populaire",49,24.44,32.48,15,48.884624,2.212396
15,"Rue de la Côte",92000,92050,Nanterre,1,0,0,"Plutôt à droite","Revenu moyen",49,24.44,32.48,10,48.888477,2.203721
15,"Rue de la Source",92000,92050,Nanterre,1,0,0,"Plutôt à droite","Quartier plus populaire",49,24.44,32.48,13,48.885963,2.205871
15,"Rue des Fleurs",92000,92050,Nanterre,1,0,0,"Plutôt à droite","Quartier plus populaire",49,24.44,32.48,14,48.885331,2.204925
151,"Rue Yves Saudmont",92000,92050,Nanterre,1,0,0,"Plutôt à droite","Quartier plus populaire",49,24.44,32.48,15,48.884186,2.212378
159,"Rue Yves Saudmont",92000,92050,Nanterre,1,0,0,"Plutôt à droite","Quartier plus populaire",49,24.44,32.48,15,48.884122,2.212459
16,"Avenue de la Fontaine de Rolle",92000,92050,Nanterre,1,0,0,"Plutôt à droite","Revenu moyen",49,24.44,32.48,10,48.887846,2.203358
16,"Rue de Suresnes",92000,92050,Nanterre,1,0,0,"Plutôt à droite","Quartier plus populaire",49,24.44,32.48,12,48.885908,2.209955
16,"Rue Marcel Génin",92000,92050,Nanterre,1,0,0,"Plutôt à droite","Quartier plus populaire",49,24.44,32.48,11,48.88237,2.209273
16,"Rue Philippe Triaire",92000,92050,Nanterre,1,0,0,"Plutôt à droite","Quartier plus populaire",49,24.44,32.48,13,48.885987,2.206936
17,"Rue de la Côte",92000,92050,Nanterre,1,0,0,"Plutôt à droite","Revenu moyen",49,24.44,32.48,10,48.888463,2.203819
17,"Rue de la Source",92000,92050,Nanterre,1,0,0,"Plutôt à droite","Quartier plus populaire",49,24.44,32.48,13,48.885952,2.206101
17,"Rue des Fleurs",92000,92050,Nanterre,1,0,0,"Plutôt à droite","Quartier plus populaire",49,24.44,32.48,14,48.885236,2.204889
18,"Avenue de la Fontaine de Rolle",92000,92050,Nanterre,1,0,0,"Plutôt à droite","Revenu moyen",49,24.44,32.48,10,48.887948,2.203367
18,"Rue de la Côte",92000,92050,Nanterre,1,0,0,"Plutôt à droite","Revenu moyen",49,24.44,32.48,10,48.888387,2.203331
18,"Rue de Suresnes",92000,92050,Nanterre,1,0,0,"Plutôt à droite","Quartier plus populaire",49,24.44,32.48,12,48.885805,2.209718
18,"Rue Marcel Génin",92000,92050,Nanterre,1,0,0,"Plutôt à droite","Quartier plus populaire",49,24.44,32.48,11,48.882336,2.20919
19,"Rue de la Côte",92000,92050,Nanterre,1,0,0,"Plutôt à droite","Revenu moyen",49,24.44,32.48,10,48.888384,2.20388
19,"Rue de la Source",92000,92050,Nanterre,1,0,0,"Plutôt à droite","Quartier plus populaire",49,24.44,32.48,13,48.885845,2.205957
19,"Rue des Fleurs",92000,92050,Nanterre,1,0,0,"Plutôt à droite","Quartier plus populaire",49,24.44,32.48,14,48.885309,2.20471
2,"Rue Philippe Triaire",92000,92050,Nanterre,1,0,0,"Plutôt à droite","Quartier plus populaire",49,24.44,32.48,13,48.886393,2.206751
20,"Avenue de la Fontaine de Rolle",92000,92050,Nanterre,1,0,0,"Plutôt à droite","Revenu moyen",49,24.44,32.48,10,48.887977,2.203204
20,"Rue de la Côte",92000,92050,Nanterre,1,0,0,"Plutôt à droite","Revenu moyen",49,24.44,32.48,10,48.888392,2.203487
20,"Rue des Chenevreux",92000,92050,Nanterre,1,0,0,"Plutôt à droite","Quartier plus populaire",49,24.44,32.48,10,48.884817,2.208728
20,"Rue Marcel Génin",92000,92050,Nanterre,1,0,0,"Plutôt à droite","Quartier plus populaire",49,24.44,32.48,11,48.882354,2.209079
21,"Rue de la Source",92000,92050,Nanterre,1,0,0,"Plutôt à droite","Quartier plus populaire",49,24.44,32.48,13,48.885887,2.206326
21,"Rue des Fleurs",92000,92050,Nanterre,1,0,0,"Plutôt à droite","Quartier plus populaire",49,24.44,32.48,14,48.885199,2.20448
22,"Avenue de la Fontaine de Rolle",92000,92050,Nanterre,1,0,0,"Plutôt à droite","Revenu moyen",49,24.44,32.48,10,48.88803,2.203168
22,"Rue de la Côte",92000,92050,Nanterre,1,0,0,"Plutôt à droite","Revenu moyen",49,24.44,32.48,10,48.888304,2.203578
22,"Rue de Suresnes",92000,92050,Nanterre,1,0,0,"Plutôt à droite","Quartier plus populaire",49,24.44,32.48,10,48.885696,2.210074
23,"Rue de la Côte",92000,92050,Nanterre,1,0,0,"Plutôt à droite","Revenu moyen",49,24.44,32.48,10,48.888322,2.203962
23,"Rue de la Source",92000,92050,Nanterre,1,0,0,"Plutôt à droite","Quartier plus populaire",49,24.44,32.48,13,48.885738,2.206072
23,"Rue des Fleurs",92000,92050,Nanterre,1,0,0,"Plutôt à droite","Quartier plus populaire",49,24.44,32.48,14,48.885166,2.204403
23,"Rue Philippe Triaire",92000,92050,Nanterre,2,0,0,"Plutôt à droite","Quartier plus populaire",49,24.44,32.48,13,48.885688,2.20737
24,"Avenue de la Fontaine de Rolle",92000,92050,Nanterre,1,0,0,"Plutôt à droite","Revenu moyen",49,24.44,32.48,10,48.888137,2.203071
24,"Rue Philippe Triaire",92000,92050,Nanterre,1,0,0,"Plutôt à droite","Quartier plus populaire",49,24.44,32.48,13,48.885813,2.206938
25,"Rue de la Côte",92000,92050,Nanterre,1,0,0,"Plutôt à droite","Revenu moyen",49,24.44,32.48,10,48.888252,2.204045
25,"Rue de la Source",92000,92050,Nanterre,1,0,0,"Plutôt à droite","Quartier plus populaire",49,24.44,32.48,13,48.885784,2.20643
26,"Rue de Suresnes",92000,92050,Nanterre,1,0,0,"Plutôt à droite","Quartier plus populaire",49,24.44,32.48,10,48.885748,2.210387
26,"Rue des Alouettes",92000,92050,Nanterre,1,0,0,"Plutôt à droite","Quartier plus populaire",49,24.44,32.48,15,48.884219,2.21334
26,"Rue Philippe Triaire",92000,92050,Nanterre,1,0,0,"Plutôt à droite","Quartier plus populaire",49,24.44,32.48,13,48.885719,2.206937
27,"Rue de la Côte",92000,92050,Nanterre,1,0,0,"Plutôt à droite","Revenu moyen",49,24.44,32.48,10,48.888259,2.204221
27,"Rue de la Source",92000,92050,Nanterre,1,0,0,"Plutôt à droite","Quartier plus populaire",49,24.44,32.48,13,48.885649,2.206166
27,"Rue des Fleurs",92000,92050,Nanterre,1,0,0,"Plutôt à droite","Quartier plus populaire",49,24.44,32.48,14,48.885088,2.204242
28,"Avenue de la Fontaine de Rolle",92000,92050,Nanterre,1,0,0,"Plutôt à droite","Revenu moyen",49,24.44,32.48,10,48.888284,2.202855
28,"Rue de la Côte",92000,92050,Nanterre,1,0,0,"Plutôt à droite","Revenu moyen",49,24.44,32.48,10,48.888077,2.203754
28,"Rue de la Source",92000,92050,Nanterre,1,0,0,"Plutôt à droite","Quartier plus populaire",49,24.44,32.48,15,48.885427,2.205879
28bis,"Rue de Suresnes",92000,92050,Nanterre,1,0,0,"Plutôt à droite","Quartier plus populaire",49,24.44,32.48,10,48.885669,2.21031
29,"Rue de la Côte",92000,92050,Nanterre,1,0,0,"Plutôt à droite","Revenu moyen",49,24.44,32.48,10,48.888097,2.204229
3,"Rue de la Croix",92000,92050,Nanterre,9,0,0,"Plutôt à droite","Quartier plus populaire",49,24.44,32.48,11,48.888163,2.196172
3,"Avenue des Alouettes",92000,92050,Nanterre,1,0,0,"Plutôt à droite","Quartier plus populaire",49,24.44,32.48,15,48.884359,2.212796
3,"Rue Claude Chappe",92000,92050,Nanterre,1,0,0,"Plutôt à droite","Revenu moyen",49,24.44,32.48,10,48.887485,2.203765
3,"Rue de la Concorde",92000,92050,Nanterre,1,0,0,"Plutôt à droite","Quartier plus populaire",49,24.44,32.48,10,48.888391,2.204993
3,"Rue de la Source",92000,92050,Nanterre,1,0,0,"Plutôt à droite","Quartier plus populaire",49,24.44,32.48,13,48.886368,2.205556
3,"Rue des Carriers",92000,92050,Nanterre,1,0,0,"Plutôt à droite","Quartier plus populaire",49,24.44,32.48,10,48.887384,2.206762
3,"Rue des Fleurs",92000,92050,Nanterre,1,0,0,"Plutôt à droite","Quartier plus populaire",49,24.44,32.48,13,48.88562,2.205706
30,"Avenue Frédéric et Irène Joliot Curie",92000,92050,Nanterre,3,21,0,"Plutôt à droite","Revenu moyen",49,24.44,32.48,38,48.888749,2.203654
30,"Avenue Rachel",92000,92050,Nanterre,1,0,0,"Plutôt à droite","Quartier plus populaire",49,24.44,32.48,14,48.885217,2.205235
30,"Rue de la Côte",92000,92050,Nanterre,1,0,0,"Plutôt à droite","Revenu moyen",49,24.44,32.48,10,48.888025,2.20384
30,"Rue de Suresnes",92000,92050,Nanterre,6,5,0,"Plutôt à droite","Quartier plus populaire",49,24.44,32.48,19,48.885691,2.210644
30,"Rue Philippe Triaire",92000,92050,Nanterre,1,0,0,"Plutôt à droite","Quartier plus populaire",49,24.44,32.48,13,48.885662,2.207057
31,"Rue de la Côte",92000,92050,Nanterre,1,0,0,"Plutôt à droite","Revenu moyen",49,24.44,32.48,10,48.888206,2.204722
31,"Rue de la Source",92000,92050,Nanterre,1,0,0,"Plutôt à droite","Quartier plus populaire",49,24.44,32.48,13,48.885549,2.206237
32,"Rue de la Côte",92000,92050,Nanterre,1,0,0,"Plutôt à droite","Revenu moyen",49,24.44,32.48,10,48.887852,2.203682
32,"Rue Philippe Triaire",92000,92050,Nanterre,1,0,0,"Plutôt à droite","Quartier plus populaire",49,24.44,32.48,13,48.885585,2.207137
32bis,"Rue de la Côte",92000,92050,Nanterre,1,0,0,"Plutôt à droite","Revenu moyen",49,24.44,32.48,10,48.887959,2.203977
33,"Rue de la Côte",92000,92050,Nanterre,1,0,0,"Plutôt à droite","Revenu moyen",49,24.44,32.48,10,48.888067,2.204479
33,"Rue de la Source",92000,92050,Nanterre,1,0,0,"Plutôt à droite","Quartier plus populaire",49,24.44,32.48,13,48.885518,2.206354
34,"Avenue Frédéric et Irène Joliot Curie",92000,92050,Nanterre,7,0,0,"Plutôt à droite","Revenu moyen",49,24.44,32.48,10,48.888844,2.204167
34,"Rue de la Côte",92000,92050,Nanterre,1,0,0,"Plutôt à droite","Revenu moyen",49,24.44,32.48,10,48.887793,2.203743
34,"Rue de la Source",92000,92050,Nanterre,1,0,0,"Plutôt à droite","Quartier plus populaire",49,24.44,32.48,15,48.885367,2.205922
34,"Rue des Alouettes",92000,92050,Nanterre,1,0,0,"Plutôt à droite","Quartier aisé",49,24.44,32.48,10,48.884041,2.212993
34,"Rue du Vieux-Pont",92000,92050,Nanterre,1,0,0,"Plutôt à droite","Quartier plus populaire",49,24.44,32.48,12,48.890784,2.187707
34,"Rue Philippe Triaire",92000,92050,Nanterre,1,0,0,"Plutôt à droite","Quartier plus populaire",49,24.44,32.48,15,48.885522,2.207119
34bis,"Rue de la Côte",92000,92050,Nanterre,1,0,0,"Plutôt à droite","Revenu moyen",49,24.44,32.48,10,48.887894,2.204028
35,"Rue de la Source",92000,92050,Nanterre,1,0,0,"Plutôt à droite","Quartier plus populaire",49,24.44,32.48,15,48.885425,2.206333
36,"Rue de la Source",92000,92050,Nanterre,15,20,0,"Plutôt à droite","Quartier plus populaire",49,24.44,32.48,45,48.885121,2.206119
36,"Rue des Alouettes",92000,92050,Nanterre,1,0,0,"Plutôt à droite","Quartier plus populaire",49,24.44,32.48,15,48.884165,2.212651
37,"Avenue Rachel",92000,92050,Nanterre,1,0,0,"Plutôt à droite","Quartier plus populaire",49,24.44,32.48,15,48.885386,2.205529
37,"Rue de la Côte",92000,92050,Nanterre,2,0,0,"Plutôt à droite","Revenu moyen",49,24.44,32.48,10,48.887923,2.204365
37,"Rue de la Source",92000,92050,Nanterre,1,0,0,"Plutôt à droite","Quartier plus populaire",49,24.44,32.48,15,48.885362,2.206375
37bis,"Rue de la Source",92000,92050,Nanterre,2,0,0,"Plutôt à droite","Quartier plus populaire",49,24.44,32.48,15,48.885325,2.206425
38,"Rue de la Source",92000,92050,Nanterre,14,15,0,"Plutôt à droite","Quartier plus populaire",49,24.44,32.48,45,48.884948,2.206273
38,"Rue des Alouettes",92000,92050,Nanterre,1,0,0,"Plutôt à droite","Quartier aisé",49,24.44,32.48,10,48.883996,2.212774
39,"Avenue Rachel",92000,92050,Nanterre,2,0,0,"Plutôt à droite","Quartier plus populaire",49,24.44,32.48,15,48.885296,2.205512
39,"Rue de la Source",92000,92050,Nanterre,1,0,0,"Plutôt à droite","Quartier plus populaire",49,24.44,32.48,15,48.885324,2.206577
4,"Rue Branly",92000,92050,Nanterre,1,0,0,"Plutôt à droite","Revenu moyen",49,24.44,32.48,10,48.887311,2.204152
4,"Rue de la Concorde",92000,92050,Nanterre,1,0,0,"Plutôt à droite","Revenu moyen",49,24.44,32.48,10,48.888544,2.204707
40,"Rue de la Côte",92000,92050,Nanterre,1,0,0,"Plutôt à droite","Revenu moyen",49,24.44,32.48,10,48.887675,2.204316
40,"Rue de Suresnes",92000,92050,Nanterre,8,10,0,"Plutôt à droite","Quartier plus populaire",49,24.44,32.48,38,48.885645,2.210747
40,"Rue Philippe Triaire",92000,92050,Nanterre,1,0,0,"Plutôt à droite","Quartier plus populaire",49,24.44,32.48,15,48.885409,2.207235
40,"Rue Sadi Carnot",92000,92050,Nanterre,1,0,0,"Plutôt à droite","Revenu moyen",49,24.44,32.48,10,48.888432,2.204462
41,"Rue de la Côte",92000,92050,Nanterre,1,0,0,"Plutôt à droite","Revenu moyen",49,24.44,32.48,10,48.887872,2.204671
41,"Rue de la Source",92000,92050,Nanterre,1,0,0,"Plutôt à droite","Quartier plus populaire",49,24.44,32.48,15,48.885193,2.206505
42,"Rue Philippe Triaire",92000,92050,Nanterre,1,0,0,"Plutôt à droite","Quartier plus populaire",49,24.44,32.48,15,48.885338,2.207263
42,"Rue Sadi Carnot",92000,92050,Nanterre,1,0,0,"Plutôt à droite","Revenu moyen",49,24.44,32.48,10,48.888723,2.204509
43,"Rue de la Source",92000,92050,Nanterre,1,0,0,"Plutôt à droite","Quartier plus populaire",49,24.44,32.48,15,48.885142,2.206571
44,"Rue Philippe Triaire",92000,92050,Nanterre,1,0,0,"Plutôt à droite","Quartier plus populaire",49,24.44,32.48,15,48.885288,2.207305
45,"Rue de la Côte",92000,92050,Nanterre,1,0,0,"Plutôt à droite","Revenu moyen",49,24.44,32.48,10,48.887841,2.20499
45,"Rue de la Source",92000,92050,Nanterre,1,0,0,"Plutôt à droite","Quartier plus populaire",49,24.44,32.48,15,48.885073,2.206691
45bis,"Rue de la Côte",92000,92050,Nanterre,1,0,0,"Plutôt à droite","Revenu moyen",49,24.44,32.48,10,48.887672,2.20468
46,"Rue Philippe Triaire",92000,92050,Nanterre,1,0,0,"Plutôt à droite","Quartier plus populaire",49,24.44,32.48,15,48.885186,2.20729
46,"Rue Sadi Carnot",92000,92050,Nanterre,1,0,0,"Plutôt à droite","Revenu moyen",49,24.44,32.48,10,48.888642,2.204932
47,"Rue de la Source",92000,92050,Nanterre,1,0,0,"Plutôt à droite","Quartier plus populaire",49,24.44,32.48,15,48.884981,2.206656
48,"Rue des Alouettes",92000,92050,Nanterre,1,0,0,"Plutôt à droite","Quartier aisé",49,24.44,32.48,10,48.883811,2.212201
48,"Rue Sadi Carnot",92000,92050,Nanterre,1,0,0,"Plutôt à droite","Quartier plus populaire",49,24.44,32.48,10,48.888493,2.205162
49,"Rue de la Source",92000,92050,Nanterre,1,0,0,"Plutôt à droite","Quartier plus populaire",49,24.44,32.48,15,48.884929,2.206774
49,"Rue Philippe Triaire",92000,92050,Nanterre,1,0,0,"Plutôt à droite","Quartier plus populaire",49,24.44,32.48,15,48.885021,2.207877
5,"Avenue des Alouettes",92000,92050,Nanterre,1,0,0,"Plutôt à droite","Quartier plus populaire",49,24.44,32.48,15,48.884385,2.212639
5,"Rue de la Concorde",92000,92050,Nanterre,1,0,0,"Plutôt à droite","Revenu moyen",49,24.44,32.48,10,48.888344,2.204911
5,"Rue des Fleurs",92000,92050,Nanterre,1,0,0,"Plutôt à droite","Quartier plus populaire",49,24.44,32.48,13,48.88559,2.205644
50,"Rue des Alouettes",92000,92050,Nanterre,1,0,0,"Plutôt à droite","Quartier aisé",49,24.44,32.48,10,48.884006,2.211968
50,"Rue Philippe Triaire",92000,92050,Nanterre,1,0,0,"Plutôt à droite","Quartier plus populaire",49,24.44,32.48,15,48.885123,2.207336
50,"Rue Sadi Carnot",92000,92050,Nanterre,1,0,0,"Plutôt à droite","Quartier plus populaire",49,24.44,32.48,10,48.888436,2.205241
51,"Rue de la Source",92000,92050,Nanterre,1,0,0,"Plutôt à droite","Quartier plus populaire",49,24.44,32.48,15,48.884936,2.206991
51,"Rue Philippe Triaire",92000,92050,Nanterre,1,0,0,"Plutôt à droite","Quartier plus populaire",49,24.44,32.48,15,48.884934,2.207907
52,"Rue des Alouettes",92000,92050,Nanterre,1,0,0,"Plutôt à droite","Quartier aisé",49,24.44,32.48,10,48.883629,2.212167
52,"Rue du Vieux-Pont",92000,92050,Nanterre,1,0,0,"Plutôt à droite","Quartier plus populaire",49,24.44,32.48,12,48.890122,2.186911
52,"Rue Sadi Carnot",92000,92050,Nanterre,1,0,0,"Plutôt à droite","Quartier plus populaire",49,24.44,32.48,10,48.888323,2.205428
53,"Rue de la Source",92000,92050,Nanterre,1,0,0,"Plutôt à droite","Quartier plus populaire",49,24.44,32.48,15,48.884815,2.206873
53,"Rue Philippe Triaire",92000,92050,Nanterre,1,0,0,"Plutôt à droite","Quartier plus populaire",49,24.44,32.48,15,48.884881,2.207947
54,"Rue de Suresnes",92000,92050,Nanterre,9,0,0,"Plutôt à droite","Quartier plus populaire",49,24.44,32.48,15,48.885517,2.211047
54,"Rue des Alouettes",92000,92050,Nanterre,2,0,0,"Plutôt à droite","Quartier aisé",49,24.44,32.48,10,48.883563,2.211449
55,"Rue de la Côte",92000,92050,Nanterre,1,0,0,"Plutôt à droite","Quartier plus populaire",49,24.44,32.48,10,48.887405,2.205264
55,"Rue de la Source",92000,92050,Nanterre,1,0,0,"Plutôt à droite","Quartier plus populaire",49,24.44,32.48,15,48.884759,2.206993
55,"Rue Philippe Triaire",92000,92050,Nanterre,1,0,0,"Plutôt à droite","Quartier plus populaire",49,24.44,32.48,15,48.884958,2.208247
56,"Rue de la Côte",92000,92050,Nanterre,2,0,0,"Plutôt à droite","Quartier plus populaire",49,24.44,32.48,17,48.887108,2.204897
57,"Rue de la Côte",92000,92050,Nanterre,1,0,0,"Plutôt à droite","Quartier plus populaire",49,24.44,32.48,10,48.887321,2.205266
57,"Rue de la Source",92000,92050,Nanterre,1,0,0,"Plutôt à droite","Quartier plus populaire",49,24.44,32.48,15,48.884741,2.207282
59,"Rue de la Côte",92000,92050,Nanterre,1,0,0,"Plutôt à droite","Quartier plus populaire",49,24.44,32.48,10,48.88724,2.205319
59,"Rue de la Source",92000,92050,Nanterre,1,0,0,"Plutôt à droite","Quartier plus populaire",49,24.44,32.48,15,48.884596,2.207145
6,"Rue Claude Chappe",92000,92050,Nanterre,2,0,0,"Plutôt à droite","Revenu moyen",49,24.44,32.48,10,48.887627,2.204018
60,"Rue Philippe Triaire",92000,92050,Nanterre,1,0,0,"Plutôt à droite","Quartier plus populaire",49,24.44,32.48,15,48.884858,2.207639
61,"Rue de la Source",92000,92050,Nanterre,1,0,0,"Plutôt à droite","Quartier plus populaire",49,24.44,32.48,15,48.884498,2.207102
61,"Rue Philippe Triaire",92000,92050,Nanterre,1,0,0,"Plutôt à droite","Quartier plus populaire",49,24.44,32.48,15,48.884641,2.208105
62,"Rue du Calvaire",92000,92050,Nanterre,2,0,0,"Plutôt à droite","Quartier aisé",49,24.44,32.48,9,48.877656,2.208367
63,"Rue de la Source",92000,92050,Nanterre,1,0,0,"Plutôt à droite","Quartier plus populaire",49,24.44,32.48,15,48.884455,2.207163
63,"Rue Philippe Triaire",92000,92050,Nanterre,1,0,0,"Plutôt à droite","Quartier plus populaire",49,24.44,32.48,15,48.884556,2.208095
64,"Rue du Vieux-Pont",92000,92050,Nanterre,1,0,0,"Plutôt à droite","Quartier plus populaire",49,24.44,32.48,12,48.889756,2.186648
64,"Rue Philippe Triaire",92000,92050,Nanterre,1,0,0,"Plutôt à droite","Quartier plus populaire",49,24.44,32.48,15,48.88473,2.207686
65,"Rue Daniel Becker",92000,92050,Nanterre,1,0,0,"Plutôt à droite","Quartier plus populaire",49,24.44,32.48,13,48.882842,2.208554
65,"Rue de la Source",92000,92050,Nanterre,1,0,0,"Plutôt à droite","Quartier plus populaire",49,24.44,32.48,15,48.884399,2.207238
66,"Avenue Georges Clemenceau",92000,92050,Nanterre,6,17,0,"Plutôt à droite","Quartier plus populaire",49,24.44,32.48,42,48.886546,2.205558
66,"Rue Daniel Becker",92000,92050,Nanterre,1,0,0,"Plutôt à droite","Quartier plus populaire",49,24.44,32.48,11,48.882498,2.208895
66,"Rue Philippe Triaire",92000,92050,Nanterre,1,0,0,"Plutôt à droite","Quartier plus populaire",49,24.44,32.48,15,48.884677,2.207655
66,"Rue Sadi Carnot",92000,92050,Nanterre,1,0,0,"Plutôt à droite","Quartier plus populaire",49,24.44,32.48,10,48.887851,2.206107
67,"Rue Philippe Triaire",92000,92050,Nanterre,1,0,0,"Plutôt à droite","Quartier plus populaire",49,24.44,32.48,15,48.88454,2.208309
68,"Avenue Georges Clemenceau",92000,92050,Nanterre,2,0,0,"Plutôt à droite","Quartier plus populaire",49,24.44,32.48,13,48.88653,2.205762
68,"Rue Sadi Carnot",92000,92050,Nanterre,1,0,0,"Plutôt à droite","Quartier plus populaire",49,24.44,32.48,10,48.887786,2.206138
69,"Rue Daniel Becker",92000,92050,Nanterre,1,0,0,"Plutôt à droite","Quartier plus populaire",49,24.44,32.48,11,48.882941,2.208727
69,"Rue Philippe Triaire",92000,92050,Nanterre,1,1,0,"Plutôt à droite","Quartier plus populaire",49,24.44,32.48,16,48.884448,2.20826
7,"Avenue de la Liberté",92000,92050,Nanterre,12,25,0,"Plutôt à droite","Quartier plus populaire",49,24.44,32.48,43,48.887846,2.207854
7,"Rue Branly",92000,92050,Nanterre,1,0,0,"Plutôt à droite","Revenu moyen",49,24.44,32.48,10,48.887611,2.204266
7,"Rue de la Source",92000,92050,Nanterre,1,0,0,"Plutôt à droite","Quartier plus populaire",49,24.44,32.48,13,48.886339,2.205629
70,"Avenue Georges Clemenceau",92000,92050,Nanterre,10,10,0,"Plutôt à droite","Quartier plus populaire",49,24.44,32.48,41,48.886533,2.20593
70,"Rue Daniel Becker",92000,92050,Nanterre,1,0,0,"Plutôt à droite","Quartier plus populaire",49,24.44,32.48,11,48.88281,2.20909
71,"Avenue Georges Clemenceau",92000,92050,Nanterre,4,0,0,"Plutôt à droite","Quartier plus populaire",49,24.44,32.48,13,48.886903,2.205709
71,"Rue Daniel Becker",92000,92050,Nanterre,1,0,0,"Plutôt à droite","Quartier plus populaire",49,24.44,32.48,11,48.883046,2.208655
71,"Rue de la Source",92000,92050,Nanterre,1,0,0,"Plutôt à droite","Quartier plus populaire",49,24.44,32.48,15,48.884189,2.207477
72,"Rue Philippe Triaire",92000,92050,Nanterre,1,0,0,"Plutôt à droite","Quartier plus populaire",49,24.44,32.48,15,48.884503,2.207755
74,"Rue de Suresnes",92000,92050,Nanterre,1,0,0,"Plutôt à droite","Quartier plus populaire",49,24.44,32.48,15,48.884769,2.212342
74,"Rue Yves Saudmont",92000,92050,Nanterre,8,0,0,"Plutôt à droite","Quartier plus populaire",49,24.44,32.48,15,48.884662,2.211609
75,"Rue Philippe Triaire",92000,92050,Nanterre,2,0,0,"Plutôt à droite","Quartier plus populaire",49,24.44,32.48,10,48.884403,2.208371
76,"Rue Philippe Triaire",92000,92050,Nanterre,1,0,0,"Plutôt à droite","Quartier plus populaire",49,24.44,32.48,15,48.884395,2.207934
76,"Rue Sadi Carnot",92000,92050,Nanterre,5,0,0,"Plutôt à droite","Quartier plus populaire",49,24.44,32.48,13,48.887166,2.207401
77,"Rue de la Source",92000,92050,Nanterre,1,0,0,"Plutôt à droite","Quartier plus populaire",49,24.44,32.48,15,48.883886,2.207674
78,"Rue de Suresnes",92000,92050,Nanterre,1,0,0,"Plutôt à droite","Quartier plus populaire",49,24.44,32.48,15,48.884757,2.21278
79,"Rue de la Source",92000,92050,Nanterre,1,0,0,"Plutôt à droite","Quartier plus populaire",49,24.44,32.48,15,48.883857,2.207861
79,"Rue Philippe Triaire",92000,92050,Nanterre,2,1,0,"Plutôt à droite","Quartier plus populaire",49,24.44,32.48,11,48.884227,2.208434
7bis,"Rue de la Source",92000,92050,Nanterre,1,0,0,"Plutôt à droite","Quartier plus populaire",49,24.44,32.48,13,48.886303,2.205682
8,"Avenue de la Fontaine de Rolle",92000,92050,Nanterre,1,0,0,"Plutôt à droite","Revenu moyen",49,24.44,32.48,10,48.887553,2.203726
8,"Rue Branly",92000,92050,Nanterre,1,0,0,"Plutôt à droite","Revenu moyen",49,24.44,32.48,10,48.887383,2.20427
8,"Rue Claude Chappe",92000,92050,Nanterre,1,0,0,"Plutôt à droite","Revenu moyen",49,24.44,32.48,10,48.887744,2.204035
8,"Rue Marcel Génin",92000,92050,Nanterre,1,0,0,"Plutôt à droite","Quartier plus populaire",49,24.44,32.48,11,48.882472,2.209715
80,"Avenue Georges Clemenceau",92000,92050,Nanterre,1,0,0,"Plutôt à droite","Quartier plus populaire",49,24.44,32.48,13,48.886412,2.206406
80,"Rue Philippe Triaire",92000,92050,Nanterre,1,0,0,"Plutôt à droite","Quartier plus populaire",49,24.44,32.48,15,48.884281,2.208009
80bis,"Avenue Georges Clemenceau",92000,92050,Nanterre,1,0,0,"Plutôt à droite","Quartier plus populaire",49,24.44,32.48,13,48.88632,2.206534
81,"Avenue Georges Clemenceau",92000,92050,Nanterre,1,0,0,"Plutôt à droite","Quartier plus populaire",49,24.44,32.48,13,48.886866,2.206166
81,"Rue Philippe Triaire",92000,92050,Nanterre,1,0,0,"Plutôt à droite","Quartier plus populaire",49,24.44,32.48,10,48.884179,2.208498
82,"Rue de Suresnes",92000,92050,Nanterre,1,0,0,"Plutôt à droite","Quartier plus populaire",49,24.44,32.48,15,48.884658,2.21297
82,"Rue Philippe Triaire",92000,92050,Nanterre,2,0,0,"Plutôt à droite","Quartier plus populaire",49,24.44,32.48,15,48.884222,2.208081
83,"Rue de la Source",92000,92050,Nanterre,1,0,0,"Plutôt à droite","Quartier plus populaire",49,24.44,32.48,13,48.883656,2.207902
83,"Rue Philippe Triaire",92000,92050,Nanterre,1,0,0,"Plutôt à droite","Quartier plus populaire",49,24.44,32.48,10,48.8841,2.20859
84,"Avenue Georges Clemenceau",92000,92050,Nanterre,1,0,0,"Plutôt à droite","Quartier plus populaire",49,24.44,32.48,13,48.886419,2.206594
84,"Rue de Suresnes",92000,92050,Nanterre,1,0,0,"Plutôt à droite","Quartier plus populaire",49,24.44,32.48,15,48.8846,2.213036
84,"Rue des Alouettes",92000,92050,Nanterre,1,0,0,"Plutôt à droite","Quartier plus populaire",49,24.44,32.48,11,48.8831,2.210802
84,"Rue Philippe Triaire",92000,92050,Nanterre,1,0,0,"Plutôt à droite","Quartier plus populaire",49,24.44,32.48,15,48.884155,2.20812
86,"Rue de Suresnes",92000,92050,Nanterre,2,0,0,"Plutôt à droite","Quartier plus populaire",49,24.44,32.48,15,48.884634,2.213204
86,"Rue Philippe Triaire",92000,92050,Nanterre,1,0,0,"Plutôt à droite","Quartier plus populaire",49,24.44,32.48,15,48.883961,2.207874
87,"Avenue Georges Clemenceau",92000,92050,Nanterre,1,0,0,"Plutôt à droite","Quartier plus populaire",49,24.44,32.48,13,48.886826,2.206519
87,"Rue de la Source",92000,92050,Nanterre,1,0,0,"Plutôt à droite","Quartier plus populaire",49,24.44,32.48,13,48.883524,2.208026
87,"Rue Philippe Triaire",92000,92050,Nanterre,1,1,0,"Plutôt à droite","Quartier plus populaire",49,24.44,32.48,11,48.884017,2.208608
87,"Rue Yves Saudmont",92000,92050,Nanterre,1,0,0,"Plutôt à droite","Quartier plus populaire",49,24.44,32.48,15,48.884624,2.211839
88,"Avenue Georges Clemenceau",92000,92050,Nanterre,1,0,0,"Plutôt à droite","Quartier plus populaire",49,24.44,32.48,13,48.886445,2.206723
88,"Rue Philippe Triaire",92000,92050,Nanterre,1,0,0,"Plutôt à droite","Quartier plus populaire",49,24.44,32.48,15,48.884061,2.208203
89,"Rue de la Source",92000,92050,Nanterre,1,0,0,"Plutôt à droite","Quartier plus populaire",49,24.44,32.48,13,48.88345,2.20809
89,"Rue Philippe Triaire",92000,92050,Nanterre,1,1,0,"Plutôt à droite","Quartier plus populaire",49,24.44,32.48,11,48.883928,2.208689
9,"Avenue de la Liberté",92000,92050,Nanterre,5,0,0,"Plutôt à droite","Quartier plus populaire",49,24.44,32.48,14,48.88835,2.207917
9,"Rue de la Source",92000,92050,Nanterre,1,0,0,"Plutôt à droite","Quartier plus populaire",49,24.44,32.48,13,48.886233,2.205688
90,"Rue de Suresnes",92000,92050,Nanterre,1,0,0,"Plutôt à droite","Quartier plus populaire",49,24.44,32.48,15,48.884525,2.213316
90,"Rue des Alouettes",92000,92050,Nanterre,1,0,0,"Plutôt à droite","Quartier plus populaire",49,24.44,32.48,11,48.882931,2.210708
90,"Rue Philippe Triaire",92000,92050,Nanterre,1,0,0,"Plutôt à droite","Quartier plus populaire",49,24.44,32.48,15,48.883977,2.208288
91,"Rue de la Source",92000,92050,Nanterre,1,0,0,"Plutôt à droite","Quartier plus populaire",49,24.44,32.48,13,48.883343,2.208188
91,"Rue Philippe Triaire",92000,92050,Nanterre,2,1,0,"Plutôt à droite","Quartier plus populaire",49,24.44,32.48,11,48.883874,2.208737
91,"Rue Yves Saudmont",92000,92050,Nanterre,1,0,0,"Plutôt à droite","Quartier plus populaire",49,24.44,32.48,15,48.884602,2.211869
93,"Avenue Georges Clemenceau",92000,92050,Nanterre,2,0,0,"Plutôt à droite","Quartier plus populaire",49,24.44,32.48,13,48.886875,2.206851
93,"Rue Philippe Triaire",92000,92050,Nanterre,2,1,0,"Plutôt à droite","Quartier plus populaire",49,24.44,32.48,11,48.883791,2.208798
94,"Rue de Suresnes",92000,92050,Nanterre,1,0,0,"Plutôt à droite","Quartier plus populaire",49,24.44,32.48,15,48.884504,2.213637
94,"Rue Philippe Triaire",92000,92050,Nanterre,1,0,0,"Plutôt à droite","Quartier plus populaire",49,24.44,32.48,15,48.883851,2.208382
95,"Rue de la Source",92000,92050,Nanterre,1,0,0,"Plutôt à droite","Quartier plus populaire",49,24.44,32.48,13,48.883165,2.208237
95,"Rue Philippe Triaire",92000,92050,Nanterre,2,1,0,"Plutôt à droite","Quartier plus populaire",49,24.44,32.48,11,48.883748,2.208834
96,"Rue de Suresnes",92000,92050,Nanterre,1,0,0,"Plutôt à droite","Quartier plus populaire",49,24.44,32.48,15,48.884478,2.213698
96,"Rue des Alouettes",92000,92050,Nanterre,1,0,0,"Plutôt à droite","Quartier plus populaire",49,24.44,32.48,11,48.882871,2.210591
97,"Rue Philippe Triaire",92000,92050,Nanterre,1,1,0,"Plutôt à droite","Quartier plus populaire",49,24.44,32.48,11,48.883653,2.208912
98,"Rue Philippe Triaire",92000,92050,Nanterre,2,0,0,"Plutôt à droite","Quartier plus populaire",49,24.44,32.48,13,48.883721,2.208429
99,"Rue de la Source",92000,92050,Nanterre,1,0,0,"Plutôt à droite","Quartier plus populaire",49,24.44,32.48,13,48.883051,2.208455
9bis,"Rue des Fleurs",92000,92050,Nanterre,1,0,0,"Plutôt à droite","Quartier plus populaire",49,24.44,32.48,17,48.885476,2.205405
1,"Rue des Plaideurs",92000,92050,Nanterre,1,0,0,"Plutôt à droite","Revenu moyen",39,11.54,18.95,10,48.87885,2.211004
1,"Rue du Bel Air",92000,92050,Nanterre,1,0,0,"Plutôt à droite","Revenu moyen",39,11.54,18.95,8,48.88051,2.211669
1,"Rue du Plateau",92000,92050,Nanterre,2,0,0,"Plutôt à droite","Revenu moyen",39,11.54,18.95,9,48.883161,2.214432
1,"Rue Marcel Génin",92000,92050,Nanterre,1,0,0,"Plutôt à droite","Quartier plus populaire",39,11.54,18.95,9,48.882382,2.209933
1,"Rue Paul Bertin",92000,92050,Nanterre,1,0,0,"Plutôt à droite","Revenu moyen",39,11.54,18.95,9,48.88141,2.213353
10,"Avenue de Belfort",92000,92050,Nanterre,1,0,0,"Plutôt à droite","Revenu moyen",39,11.54,18.95,9,48.88313,2.214972
10,"Rue de Belfort",92000,92050,Nanterre,1,0,0,"Plutôt à droite","Revenu moyen",39,11.54,18.95,9,48.883682,2.214483
10,"Rue des Louvetiers",92000,92050,Nanterre,1,0,0,"Plutôt à droite","Revenu moyen",39,11.54,18.95,9,48.881442,2.212079
10,"Rue du Bel Air",92000,92050,Nanterre,1,0,0,"Plutôt à droite","Revenu moyen",39,11.54,18.95,8,48.881089,2.210541
10,"Rue du Plateau",92000,92050,Nanterre,1,0,0,"Plutôt à droite","Revenu moyen",39,11.54,18.95,9,48.882925,2.21431
10,"Rue Georges-Gabriel Fabre",92000,92050,Nanterre,1,0,0,"Plutôt à droite","Quartier aisé",39,11.54,18.95,8,48.880085,2.212379
10,"Rue Paul Bertin",92000,92050,Nanterre,1,0,0,"Plutôt à droite","Revenu moyen",39,11.54,18.95,9,48.881508,2.214213
100,"Rue de Suresnes",92000,92050,Nanterre,1,0,0,"Plutôt à droite","Quartier plus populaire",39,11.54,18.95,13,48.884309,2.214032
102,"Rue de Suresnes",92000,92050,Nanterre,1,0,0,"Plutôt à droite","Revenu moyen",39,11.54,18.95,9,48.884198,2.214196
102bis,"Rue de Suresnes",92000,92050,Nanterre,1,0,0,"Plutôt à droite","Revenu moyen",39,11.54,18.95,9,48.88405,2.21419
104,"Rue de Suresnes",92000,92050,Nanterre,1,0,0,"Plutôt à droite","Revenu moyen",39,11.54,18.95,9,48.884112,2.214441
106,"Rue de Suresnes",92000,92050,Nanterre,1,0,0,"Plutôt à droite","Revenu moyen",39,11.54,18.95,9,48.884036,2.214594
108,"Rue des Plaideurs",92000,92050,Nanterre,1,0,0,"Plutôt à droite","Quartier aisé",39,11.54,18.95,9,48.879372,2.217711
11,"Impasse Philippe Triaire",92000,92050,Nanterre,1,0,0,"Plutôt à droite","Revenu moyen",39,11.54,18.95,9,48.88162,2.211756
11,"Rue André Sabatier",92000,92050,Nanterre,1,0,0,"Plutôt à droite","Quartier aisé",39,11.54,18.95,8,48.880933,2.215192
11,"Rue des Louvetiers",92000,92050,Nanterre,1,0,0,"Plutôt à droite","Revenu moyen",39,11.54,18.95,9,48.881208,2.21269
11,"Rue du Bel Air",92000,92050,Nanterre,1,0,0,"Plutôt à droite","Revenu moyen",39,11.54,18.95,8,48.880758,2.21086
11,"Rue du Tir",92000,92050,Nanterre,2,0,0,"Plutôt à droite","Quartier aisé",39,11.54,18.95,8,48.882864,2.21842
11,"Rue Georges-Gabriel Fabre",92000,92050,Nanterre,1,0,0,"Plutôt à droite","Quartier aisé",39,11.54,18.95,8,48.88025,2.212213
11,"Rue Marcel Génin",92000,92050,Nanterre,1,0,0,"Plutôt à droite","Quartier plus populaire",39,11.54,18.95,9,48.882219,2.209715
110,"Rue de Suresnes",92000,92050,Nanterre,1,0,0,"Plutôt à droite","Revenu moyen",39,11.54,18.95,9,48.883885,2.214591
112,"Route des Fusillés de la Résistance",92000,92050,Nanterre,1,0,0,"Plutôt à droite","Quartier aisé",39,11.54,18.95,9,48.87956,2.218457
112,"Rue de Suresnes",92000,92050,Nanterre,1,0,0,"Plutôt à droite","Revenu moyen",39,11.54,18.95,9,48.883897,2.214759
114,"Rue de Suresnes",92000,92050,Nanterre,1,0,0,"Plutôt à droite","Revenu moyen",39,11.54,18.95,9,48.883752,2.215106
116,"Rue de Suresnes",92000,92050,Nanterre,2,0,0,"Plutôt à droite","Revenu moyen",39,11.54,18.95,9,48.883688,2.215236
118,"Rue de Suresnes",92000,92050,Nanterre,1,0,0,"Plutôt à droite","Revenu moyen",39,11.54,18.95,9,48.883672,2.215338
12,"Avenue de Belfort",92000,92050,Nanterre,1,0,0,"Plutôt à droite","Revenu moyen",39,11.54,18.95,9,48.883071,2.215276
12,"Rue de Belfort",92000,92050,Nanterre,1,0,0,"Plutôt à droite","Revenu moyen",39,11.54,18.95,9,48.883612,2.214401
12,"Rue des Louvetiers",92000,92050,Nanterre,1,0,0,"Plutôt à droite","Revenu moyen",39,11.54,18.95,9,48.881394,2.212107
12,"Rue des Luaps Prolongée",92000,92050,Nanterre,1,0,0,"Plutôt à droite","Revenu moyen",39,11.54,18.95,8,48.881824,2.210161
12,"Rue du Plateau",92000,92050,Nanterre,1,0,0,"Plutôt à droite","Revenu moyen",39,11.54,18.95,9,48.882891,2.214395
12,"Rue Georges-Gabriel Fabre",92000,92050,Nanterre,1,0,0,"Plutôt à droite","Quartier aisé",39,11.54,18.95,8,48.88016,2.21254
12,"Rue Paul Bertin",92000,92050,Nanterre,1,0,0,"Plutôt à droite","Revenu moyen",39,11.54,18.95,9,48.881565,2.213956
120,"Rue de Suresnes",92000,92050,Nanterre,1,0,0,"Plutôt à droite","Revenu moyen",39,11.54,18.95,9,48.883608,2.215512
122,"Rue de Suresnes",92000,92050,Nanterre,1,0,0,"Plutôt à droite","Revenu moyen",39,11.54,18.95,9,48.883576,2.215565
124,"Rue de Suresnes",92000,92050,Nanterre,1,0,0,"Plutôt à droite","Revenu moyen",39,11.54,18.95,9,48.88349,2.215557
124bis,"Rue de Suresnes",92000,92050,Nanterre,2,0,0,"Plutôt à droite","Revenu moyen",39,11.54,18.95,9,48.883376,2.215589
127,"Rue de la Source",92000,92050,Nanterre,1,0,0,"Plutôt à droite","Revenu moyen",39,11.54,18.95,8,48.881963,2.209334
128,"Rue de Suresnes",92000,92050,Nanterre,1,0,0,"Plutôt à droite","Revenu moyen",39,11.54,18.95,9,48.88342,2.215731
12bis,"Rue du Plateau",92000,92050,Nanterre,2,0,0,"Plutôt à droite","Revenu moyen",39,11.54,18.95,9,48.88286,2.214503
12bis,"Rue Paul Bertin",92000,92050,Nanterre,1,0,0,"Plutôt à droite","Revenu moyen",39,11.54,18.95,9,48.881621,2.214022
13,"Impasse Philippe Triaire",92000,92050,Nanterre,1,0,0,"Plutôt à droite","Revenu moyen",39,11.54,18.95,9,48.881488,2.211883
13,"Rue de Belfort",92000,92050,Nanterre,1,0,0,"Plutôt à droite","Revenu moyen",39,11.54,18.95,9,48.883464,2.214596
13,"Rue des Alouettes",92000,92050,Nanterre,1,0,0,"Plutôt à droite","Quartier plus populaire",39,11.54,18.95,13,48.884318,2.21389
13,"Rue des Louvetiers",92000,92050,Nanterre,1,0,0,"Plutôt à droite","Revenu moyen",39,11.54,18.95,9,48.881099,2.212772
13,"Rue des Luaps Prolongée",92000,92050,Nanterre,1,0,0,"Plutôt à droite","Revenu moyen",39,11.54,18.95,8,48.881581,2.210742
13,"Rue du Tir",92000,92050,Nanterre,2,0,0,"Plutôt à droite","Quartier aisé",39,11.54,18.95,8,48.882843,2.218517
13,"Rue Georges-Gabriel Fabre",92000,92050,Nanterre,1,0,0,"Plutôt à droite","Quartier aisé",39,11.54,18.95,8,48.8804,2.212259
130,"Rue de Suresnes",92000,92050,Nanterre,1,0,0,"Plutôt à droite","Revenu moyen",39,11.54,18.95,9,48.883402,2.215854
132,"Rue de Suresnes",92000,92050,Nanterre,1,0,0,"Plutôt à droite","Revenu moyen",39,11.54,18.95,9,48.883358,2.215899
133,"Rue de la Source",92000,92050,Nanterre,1,0,0,"Plutôt à droite","Revenu moyen",39,11.54,18.95,8,48.881719,2.209624
134,"Rue de Suresnes",92000,92050,Nanterre,1,0,0,"Plutôt à droite","Revenu moyen",39,11.54,18.95,9,48.883309,2.215936
135,"Rue de la Source",92000,92050,Nanterre,1,0,0,"Plutôt à droite","Revenu moyen",39,11.54,18.95,8,48.881655,2.209737
136,"Rue de Suresnes",92000,92050,Nanterre,1,0,0,"Plutôt à droite","Revenu moyen",39,11.54,18.95,9,48.883239,2.216054
138,"Rue de Suresnes",92000,92050,Nanterre,1,0,0,"Plutôt à droite","Revenu moyen",39,11.54,18.95,9,48.883177,2.216299
14,"Avenue de Belfort",92000,92050,Nanterre,1,0,0,"Plutôt à droite","Revenu moyen",39,11.54,18.95,9,48.883045,2.215108
14,"Rue de Belfort",92000,92050,Nanterre,1,0,0,"Plutôt à droite","Revenu moyen",39,11.54,18.95,9,48.883571,2.214277
14,"Rue des Luaps Prolongée",92000,92050,Nanterre,1,0,0,"Plutôt à droite","Revenu moyen",39,11.54,18.95,8,48.88174,2.210212
14,"Rue du Plateau",92000,92050,Nanterre,1,0,0,"Plutôt à droite","Revenu moyen",39,11.54,18.95,9,48.882717,2.214838
14,"Rue Paul Bertin",92000,92050,Nanterre,1,0,0,"Plutôt à droite","Revenu moyen",39,11.54,18.95,9,48.881739,2.214177
141,"Rue de la Source",92000,92050,Nanterre,1,0,0,"Plutôt à droite","Revenu moyen",39,11.54,18.95,8,48.881454,2.20983
142,"Rue de Suresnes",92000,92050,Nanterre,1,0,0,"Plutôt à droite","Revenu moyen",39,11.54,18.95,9,48.883066,2.216454
144,"Rue de Suresnes",92000,92050,Nanterre,1,0,0,"Plutôt à droite","Revenu moyen",39,11.54,18.95,9,48.882984,2.216562
145,"Rue de la Source",92000,92050,Nanterre,1,0,0,"Plutôt à droite","Revenu moyen",39,11.54,18.95,8,48.881358,2.209962
145,"Rue Philippe Triaire",92000,92050,Nanterre,1,0,0,"Plutôt à droite","Quartier plus populaire",39,11.54,18.95,9,48.882671,2.21055
146,"Rue de Suresnes",92000,92050,Nanterre,1,0,0,"Plutôt à droite","Revenu moyen",39,11.54,18.95,9,48.882941,2.216622
147,"Rue Philippe Triaire",92000,92050,Nanterre,1,0,0,"Plutôt à droite","Quartier plus populaire",39,11.54,18.95,9,48.882634,2.210603
148,"Rue de Suresnes",92000,92050,Nanterre,1,0,0,"Plutôt à droite","Revenu moyen",39,11.54,18.95,9,48.882889,2.216722
148bis,"Rue de Suresnes",92000,92050,Nanterre,1,0,0,"Plutôt à droite","Revenu moyen",39,11.54,18.95,9,48.88275,2.216698
149,"Rue Philippe Triaire",92000,92050,Nanterre,1,0,0,"Plutôt à droite","Quartier plus populaire",39,11.54,18.95,9,48.882589,2.210649
15,"Impasse Philippe Triaire",92000,92050,Nanterre,1,0,0,"Plutôt à droite","Revenu moyen",39,11.54,18.95,9,48.881448,2.21184
15,"Rue André Sabatier",92000,92050,Nanterre,1,0,0,"Plutôt à droite","Quartier aisé",39,11.54,18.95,8,48.881102,2.215439
15,"Rue de Belfort",92000,92050,Nanterre,1,0,0,"Plutôt à droite","Revenu moyen",39,11.54,18.95,9,48.883381,2.21455
15,"Rue des Alouettes",92000,92050,Nanterre,1,0,0,"Plutôt à droite","Quartier plus populaire",39,11.54,18.95,13,48.884262,2.213862
15,"Rue des Molières",92000,92050,Nanterre,2,0,0,"Plutôt à droite","Quartier plus populaire",39,11.54,18.95,9,48.879117,2.20121
15,"Rue des Luaps",92000,92050,Nanterre,1,0,0,"Plutôt à droite","Revenu moyen",39,11.54,18.95,10,48.879816,2.210527
15,"Rue du Plateau",92000,92050,Nanterre,1,0,0,"Plutôt à droite","Revenu moyen",39,11.54,18.95,9,48.882948,2.214931
15,"Rue du Tir",92000,92050,Nanterre,1,0,0,"Plutôt à droite","Quartier aisé",39,11.54,18.95,8,48.882839,2.21858
15,"Rue Georges-Gabriel Fabre",92000,92050,Nanterre,1,0,0,"Plutôt à droite","Quartier aisé",39,11.54,18.95,8,48.880378,2.212471
15,"Rue Marcel Génin",92000,92050,Nanterre,1,0,0,"Plutôt à droite","Quartier plus populaire",39,11.54,18.95,9,48.882186,2.209566
15,"Rue Paul Bertin",92000,92050,Nanterre,1,0,0,"Plutôt à droite","Revenu moyen",39,11.54,18.95,9,48.881815,2.213831
150,"Rue de Suresnes",92000,92050,Nanterre,1,0,0,"Plutôt à droite","Quartier aisé",39,11.54,18.95,8,48.882784,2.216921
151,"Rue Philippe Triaire",92000,92050,Nanterre,1,0,0,"Plutôt à droite","Quartier plus populaire",39,11.54,18.95,9,48.882547,2.210688
152,"Rue de Suresnes",92000,92050,Nanterre,1,0,0,"Plutôt à droite","Quartier aisé",39,11.54,18.95,8,48.882738,2.217033
152,"Rue Philippe Triaire",92000,92050,Nanterre,1,0,0,"Plutôt à droite","Quartier plus populaire",39,11.54,18.95,9,48.882347,2.210489
153,"Rue Philippe Triaire",92000,92050,Nanterre,1,0,0,"Plutôt à droite","Quartier plus populaire",39,11.54,18.95,9,48.882526,2.210868
154bis,"Rue de Suresnes",92000,92050,Nanterre,1,0,0,"Plutôt à droite","Quartier aisé",39,11.54,18.95,8,48.882629,2.217199
155,"Rue de la Source",92000,92050,Nanterre,1,0,0,"Plutôt à droite","Revenu moyen",39,11.54,18.95,8,48.88093,2.210334
16,"Rue Georges-Gabriel Fabre",92000,92050,Nanterre,1,0,0,"Plutôt à droite","Quartier aisé",39,11.54,18.95,8,48.88033,2.212667
160,"Rue Philippe Triaire",92000,92050,Nanterre,1,0,0,"Plutôt à droite","Quartier plus populaire",39,11.54,18.95,9,48.882213,2.210746
161bis,"Rue de la Source",92000,92050,Nanterre,1,0,0,"Plutôt à droite","Revenu moyen",39,11.54,18.95,8,48.880692,2.2104
163,"Rue de la Source",92000,92050,Nanterre,1,0,0,"Plutôt à droite","Revenu moyen",39,11.54,18.95,8,48.880832,2.210491
163,"Rue Philippe Triaire",92000,92050,Nanterre,1,0,0,"Plutôt à droite","Quartier plus populaire",39,11.54,18.95,9,48.882343,2.211191
164,"Rue Philippe Triaire",92000,92050,Nanterre,1,0,0,"Plutôt à droite","Revenu moyen",39,11.54,18.95,8,48.882045,2.210941
165,"Rue de la Source",92000,92050,Nanterre,1,0,0,"Plutôt à droite","Revenu moyen",39,11.54,18.95,8,48.880657,2.210479
167,"Rue Philippe Triaire",92000,92050,Nanterre,1,0,0,"Plutôt à droite","Quartier plus populaire",39,11.54,18.95,9,48.882242,2.211336
168,"Rue Philippe Triaire",92000,92050,Nanterre,1,0,0,"Plutôt à droite","Revenu moyen",39,11.54,18.95,8,48.881945,2.211018
169,"Rue de la Source",92000,92050,Nanterre,1,0,0,"Plutôt à droite","Revenu moyen",39,11.54,18.95,8,48.880401,2.21076
169,"Rue Philippe Triaire",92000,92050,Nanterre,1,0,0,"Plutôt à droite","Quartier plus populaire",39,11.54,18.95,9,48.88221,2.211417
17,"Rue André Sabatier",92000,92050,Nanterre,1,0,0,"Plutôt à droite","Quartier aisé",39,11.54,18.95,8,48.881102,2.215556
17,"Rue de Belfort",92000,92050,Nanterre,1,0,0,"Plutôt à droite","Revenu moyen",39,11.54,18.95,9,48.88333,2.214497
17,"Rue des Louvetiers",92000,92050,Nanterre,1,0,0,"Plutôt à droite","Revenu moyen",39,11.54,18.95,9,48.881008,2.212587
17,"Rue des Luaps",92000,92050,Nanterre,1,0,0,"Plutôt à droite","Revenu moyen",39,11.54,18.95,10,48.879778,2.21064
17,"Rue du Plateau",92000,92050,Nanterre,1,0,0,"Plutôt à droite","Revenu moyen",39,11.54,18.95,9,48.882815,2.214991
17,"Rue Paul Bertin",92000,92050,Nanterre,2,0,0,"Plutôt à droite","Revenu moyen",39,11.54,18.95,9,48.881885,2.213889
17bis,"Rue des Alouettes",92000,92050,Nanterre,2,0,0,"Plutôt à droite","Quartier plus populaire",39,11.54,18.95,13,48.884192,2.213828
170,"Rue Philippe Triaire",92000,92050,Nanterre,1,0,0,"Plutôt à droite","Revenu moyen",39,11.54,18.95,8,48.88195,2.211242
171,"Rue Philippe Triaire",92000,92050,Nanterre,1,0,0,"Plutôt à droite","Revenu moyen",39,11.54,18.95,9,48.882154,2.211559
174,"Rue Philippe Triaire",92000,92050,Nanterre,1,0,0,"Plutôt à droite","Revenu moyen",39,11.54,18.95,8,48.881597,2.211111
175,"Rue Philippe Triaire",92000,92050,Nanterre,1,0,0,"Plutôt à droite","Revenu moyen",39,11.54,18.95,9,48.88213,2.211722
176,"Rue Philippe Triaire",92000,92050,Nanterre,1,0,0,"Plutôt à droite","Revenu moyen",39,11.54,18.95,8,48.881897,2.211404
179,"Rue de la Source",92000,92050,Nanterre,1,0,0,"Plutôt à droite","Revenu moyen",39,11.54,18.95,10,48.880305,2.211238
179,"Rue Philippe Triaire",92000,92050,Nanterre,1,0,0,"Plutôt à droite","Revenu moyen",39,11.54,18.95,9,48.882085,2.211832
18,"Rue de Belfort",92000,92050,Nanterre,1,0,0,"Plutôt à droite","Quartier aisé",39,11.54,18.95,8,48.88357,2.2138
18,"Rue des Louvetiers",92000,92050,Nanterre,1,0,0,"Plutôt à droite","Revenu moyen",39,11.54,18.95,9,48.881332,2.211729
18,"Rue des Plaideurs",92000,92050,Nanterre,1,0,0,"Plutôt à droite","Quartier aisé",39,11.54,18.95,8,48.878809,2.212057
18,"Rue du Bel Air",92000,92050,Nanterre,2,0,0,"Plutôt à droite","Revenu moyen",39,11.54,18.95,8,48.881244,2.210192
18,"Rue Paul Bertin",92000,92050,Nanterre,1,0,0,"Plutôt à droite","Quartier aisé",39,11.54,18.95,8,48.881532,2.214364
180,"Rue Philippe Triaire",92000,92050,Nanterre,1,0,0,"Plutôt à droite","Revenu moyen",39,11.54,18.95,9,48.881887,2.211562
181,"Rue de la Source",92000,92050,Nanterre,1,0,0,"Plutôt à droite","Revenu moyen",39,11.54,18.95,10,48.880143,2.211092
181,"Rue Philippe Triaire",92000,92050,Nanterre,1,0,0,"Plutôt à droite","Revenu moyen",39,11.54,18.95,9,48.881978,2.21204
182bis,"Rue Philippe Triaire",92000,92050,Nanterre,1,0,0,"Plutôt à droite","Revenu moyen",39,11.54,18.95,9,48.881755,2.211555
183,"Rue de la Source",92000,92050,Nanterre,1,0,0,"Plutôt à droite","Revenu moyen",39,11.54,18.95,10,48.880151,2.211316
185,"Rue de la Source",92000,92050,Nanterre,1,0,0,"Plutôt à droite","Revenu moyen",39,11.54,18.95,10,48.880077,2.211393
19,"Rue André Sabatier",92000,92050,Nanterre,1,0,0,"Plutôt à droite","Quartier aisé",39,11.54,18.95,8,48.881189,2.215624
19,"Rue de Belfort",92000,92050,Nanterre,1,0,0,"Plutôt à droite","Revenu moyen",39,11.54,18.95,9,48.883278,2.214463
19,"Rue des Alouettes",92000,92050,Nanterre,1,0,0,"Plutôt à droite","Quartier aisé",39,11.54,18.95,8,48.88413,2.213734
19,"Rue des Luaps",92000,92050,Nanterre,1,0,0,"Plutôt à droite","Revenu moyen",39,11.54,18.95,10,48.87965,2.210491
19,"Rue du Plateau",92000,92050,Nanterre,1,0,0,"Plutôt à droite","Revenu moyen",39,11.54,18.95,9,48.882743,2.215121
19,"Rue Paul Bertin",92000,92050,Nanterre,1,0,0,"Plutôt à droite","Revenu moyen",39,11.54,18.95,9,48.882028,2.213736
191,"Rue de la Source",92000,92050,Nanterre,1,0,0,"Plutôt à droite","Revenu moyen",39,11.54,18.95,10,48.879911,2.2118
191,"Rue Philippe Triaire",92000,92050,Nanterre,1,0,0,"Plutôt à droite","Revenu moyen",39,11.54,18.95,9,48.881836,2.212599
193,"Rue Philippe Triaire",92000,92050,Nanterre,1,0,0,"Plutôt à droite","Revenu moyen",39,11.54,18.95,9,48.881848,2.212744
194,"Rue Philippe Triaire",92000,92050,Nanterre,1,0,0,"Plutôt à droite","Revenu moyen",39,11.54,18.95,9,48.881717,2.212305
195,"Rue Philippe Triaire",92000,92050,Nanterre,1,0,0,"Plutôt à droite","Revenu moyen",39,11.54,18.95,9,48.881756,2.21283
196,"Rue de la Source",92000,92050,Nanterre,2,0,0,"Plutôt à droite","Revenu moyen",39,11.54,18.95,10,48.880189,2.210642
196,"Rue Philippe Triaire",92000,92050,Nanterre,1,0,0,"Plutôt à droite","Revenu moyen",39,11.54,18.95,9,48.881647,2.212352
197,"Rue de la Source",92000,92050,Nanterre,1,0,0,"Plutôt à droite","Quartier aisé",39,11.54,18.95,8,48.879781,2.212053
198,"Rue de la Source",92000,92050,Nanterre,1,0,0,"Plutôt à droite","Revenu moyen",39,11.54,18.95,10,48.880125,2.210703
198,"Rue Philippe Triaire",92000,92050,Nanterre,1,0,0,"Plutôt à droite","Revenu moyen",39,11.54,18.95,9,48.881634,2.212448
199,"Rue de la Source",92000,92050,Nanterre,1,0,0,"Plutôt à droite","Quartier aisé",39,11.54,18.95,8,48.879829,2.212271
199,"Rue Philippe Triaire",92000,92050,Nanterre,1,0,0,"Plutôt à droite","Revenu moyen",39,11.54,18.95,9,48.881641,2.21288
2,"Impasse André Sabatier",92000,92050,Nanterre,1,0,0,"Plutôt à droite","Quartier aisé",39,11.54,18.95,8,48.880302,2.214547
2,"Passage des Plaideurs",92000,92050,Nanterre,1,0,0,"Plutôt à droite","Quartier aisé",39,11.54,18.95,8,48.88001,2.213194
2,"Rue de Belfort",92000,92050,Nanterre,1,0,0,"Plutôt à droite","Revenu moyen",39,11.54,18.95,9,48.883883,2.214852
2,"Rue des Louvetiers",92000,92050,Nanterre,1,0,0,"Plutôt à droite","Revenu moyen",39,11.54,18.95,9,48.881524,2.212647
2,"Rue du Bel Air",92000,92050,Nanterre,1,0,0,"Plutôt à droite","Revenu moyen",39,11.54,18.95,8,48.88086,2.21138
2,"Rue du Plateau",92000,92050,Nanterre,1,0,0,"Plutôt à droite","Revenu moyen",39,11.54,18.95,9,48.883046,2.214177
2,"Rue Paul Bertin",92000,92050,Nanterre,1,0,0,"Plutôt à droite","Revenu moyen",39,11.54,18.95,9,48.881216,2.213787
20,"Rue de Belfort",92000,92050,Nanterre,1,0,0,"Plutôt à droite","Quartier aisé",39,11.54,18.95,8,48.883343,2.213993
20,"Rue des Louvetiers",92000,92050,Nanterre,1,0,0,"Plutôt à droite","Revenu moyen",39,11.54,18.95,9,48.881251,2.211655
20,"Rue des Luaps Prolongée",92000,92050,Nanterre,1,0,0,"Plutôt à droite","Revenu moyen",39,11.54,18.95,8,48.881243,2.210491
20,"Rue des Plaideurs",92000,92050,Nanterre,1,0,0,"Plutôt à droite","Quartier aisé",39,11.54,18.95,8,48.878841,2.212116
20,"Rue du Bel Air",92000,92050,Nanterre,1,0,0,"Plutôt à droite","Revenu moyen",39,11.54,18.95,8,48.881313,2.210077
20,"Rue Georges-Gabriel Fabre",92000,92050,Nanterre,1,0,0,"Plutôt à droite","Quartier aisé",39,11.54,18.95,8,48.880419,2.212811
20,"Rue Paul Bertin",92000,92050,Nanterre,1,0,0,"Plutôt à droite","Revenu moyen",39,11.54,18.95,9,48.881865,2.214206
201,"Rue de la Source",92000,92050,Nanterre,1,0,0,"Plutôt à droite","Quartier aisé",39,11.54,18.95,8,48.879736,2.212259
201,"Rue Philippe Triaire",92000,92050,Nanterre,1,0,0,"Plutôt à droite","Revenu moyen",39,11.54,18.95,9,48.881587,2.212954
202,"Rue de la Source",92000,92050,Nanterre,1,0,0,"Plutôt à droite","Revenu moyen",39,11.54,18.95,10,48.879904,2.210911
203,"Rue de la Source",92000,92050,Nanterre,1,0,0,"Plutôt à droite","Quartier aisé",39,11.54,18.95,8,48.879649,2.212285
203,"Rue Philippe Triaire",92000,92050,Nanterre,1,0,0,"Plutôt à droite","Revenu moyen",39,11.54,18.95,9,48.881532,2.213046
204,"Rue de la Source",92000,92050,Nanterre,1,0,0,"Plutôt à droite","Revenu moyen",39,11.54,18.95,10,48.879854,2.211013
205,"Rue de la Source",92000,92050,Nanterre,1,0,0,"Plutôt à droite","Quartier aisé",39,11.54,18.95,8,48.87961,2.212479
205,"Rue Philippe Triaire",92000,92050,Nanterre,3,0,0,"Plutôt à droite","Revenu moyen",39,11.54,18.95,9,48.881493,2.213135
206,"Rue de la Source",92000,92050,Nanterre,1,0,0,"Plutôt à droite","Revenu moyen",39,11.54,18.95,10,48.879783,2.211175
208,"Rue de la Source",92000,92050,Nanterre,1,0,0,"Plutôt à droite","Revenu moyen",39,11.54,18.95,10,48.879711,2.211286
208,"Rue Philippe Triaire",92000,92050,Nanterre,1,0,0,"Plutôt à droite","Revenu moyen",39,11.54,18.95,9,48.881366,2.213046
209,"Rue de la Source",92000,92050,Nanterre,1,0,0,"Plutôt à droite","Quartier aisé",39,11.54,18.95,8,48.87951,2.212583
21,"Rue André Sabatier",92000,92050,Nanterre,1,0,0,"Plutôt à droite","Quartier aisé",39,11.54,18.95,8,48.88134,2.215594
21,"Rue de Belfort",92000,92050,Nanterre,1,0,0,"Plutôt à droite","Revenu moyen",39,11.54,18.95,9,48.88325,2.214395
21,"Rue des Alouettes",92000,92050,Nanterre,1,0,0,"Plutôt à droite","Quartier aisé",39,11.54,18.95,8,48.884117,2.213562
21,"Rue des Luaps",92000,92050,Nanterre,1,0,0,"Plutôt à droite","Revenu moyen",39,11.54,18.95,10,48.879593,2.210485
21,"Rue des Plaideurs",92000,92050,Nanterre,1,0,0,"Plutôt à droite","Quartier aisé",39,11.54,18.95,8,48.879164,2.212082
210,"Rue de la Source",92000,92050,Nanterre,1,0,0,"Plutôt à droite","Revenu moyen",39,11.54,18.95,10,48.879665,2.211327
210,"Rue Philippe Triaire",92000,92050,Nanterre,1,0,0,"Plutôt à droite","Revenu moyen",39,11.54,18.95,9,48.881294,2.212913
211,"Rue de la Source",92000,92050,Nanterre,1,0,0,"Plutôt à droite","Quartier aisé",39,11.54,18.95,8,48.879533,2.212709
212,"Rue de la Source",92000,92050,Nanterre,2,0,0,"Plutôt à droite","Revenu moyen",39,11.54,18.95,10,48.87968,2.211553
212,"Rue Philippe Triaire",92000,92050,Nanterre,1,0,0,"Plutôt à droite","Revenu moyen",39,11.54,18.95,9,48.881316,2.213106
214,"Rue de la Source",92000,92050,Nanterre,1,0,0,"Plutôt à droite","Revenu moyen",39,11.54,18.95,10,48.879633,2.211697
216,"Rue de la Source",92000,92050,Nanterre,1,0,0,"Plutôt à droite","Revenu moyen",39,11.54,18.95,10,48.879559,2.211767
216,"Rue Philippe Triaire",92000,92050,Nanterre,1,0,0,"Plutôt à droite","Revenu moyen",39,11.54,18.95,9,48.881217,2.213236
218,"Rue de la Source",92000,92050,Nanterre,1,0,0,"Plutôt à droite","Quartier aisé",39,11.54,18.95,8,48.879528,2.211942
219,"Rue de la Source",92000,92050,Nanterre,1,0,0,"Plutôt à droite","Quartier aisé",39,11.54,18.95,8,48.87917,2.21319
22,"Rue de Belfort",92000,92050,Nanterre,1,0,0,"Plutôt à droite","Quartier aisé",39,11.54,18.95,8,48.883661,2.213409
22,"Rue des Louvetiers",92000,92050,Nanterre,1,0,0,"Plutôt à droite","Revenu moyen",39,11.54,18.95,9,48.881198,2.21162
22,"Rue des Plaideurs",92000,92050,Nanterre,1,0,0,"Plutôt à droite","Quartier aisé",39,11.54,18.95,8,48.87883,2.212308
22,"Rue Georges-Gabriel Fabre",92000,92050,Nanterre,1,0,0,"Plutôt à droite","Quartier aisé",39,11.54,18.95,8,48.880445,2.212872
22,"Rue Paul Bertin",92000,92050,Nanterre,1,0,0,"Plutôt à droite","Quartier aisé",39,11.54,18.95,8,48.881929,2.214354
220,"Rue de la Source",92000,92050,Nanterre,1,0,0,"Plutôt à droite","Revenu moyen",39,11.54,18.95,10,48.879231,2.211564
222,"Rue Philippe Triaire",92000,92050,Nanterre,1,0,0,"Plutôt à droite","Revenu moyen",39,11.54,18.95,9,48.881101,2.213462
223,"Rue Philippe Triaire",92000,92050,Nanterre,1,0,0,"Plutôt à droite","Revenu moyen",39,11.54,18.95,9,48.881037,2.214055
224,"Rue de la Source",92000,92050,Nanterre,1,0,0,"Plutôt à droite","Quartier aisé",39,11.54,18.95,8,48.879415,2.212245
224,"Rue Philippe Triaire",92000,92050,Nanterre,1,0,0,"Plutôt à droite","Revenu moyen",39,11.54,18.95,9,48.881072,2.213622
226,"Rue Philippe Triaire",92000,92050,Nanterre,1,0,0,"Plutôt à droite","Revenu moyen",39,11.54,18.95,9,48.881052,2.213664
227,"Rue Philippe Triaire",92000,92050,Nanterre,1,0,0,"Plutôt à droite","Revenu moyen",39,11.54,18.95,9,48.880962,2.214364
228,"Rue de la Source",92000,92050,Nanterre,1,0,0,"Plutôt à droite","Quartier aisé",39,11.54,18.95,8,48.879265,2.212443
229,"Rue Philippe Triaire",92000,92050,Nanterre,1,0,0,"Plutôt à droite","Quartier aisé",39,11.54,18.95,8,48.881077,2.21457
22bis,"Rue de Belfort",92000,92050,Nanterre,1,0,0,"Plutôt à droite","Quartier aisé",39,11.54,18.95,8,48.883511,2.213722
23,"Rue des Alouettes",92000,92050,Nanterre,2,0,0,"Plutôt à droite","Quartier aisé",39,11.54,18.95,8,48.884101,2.213459
23,"Rue des Louvetiers",92000,92050,Nanterre,1,0,0,"Plutôt à droite","Revenu moyen",39,11.54,18.95,9,48.880847,2.212489
23,"Rue des Luaps",92000,92050,Nanterre,1,0,0,"Plutôt à droite","Revenu moyen",39,11.54,18.95,10,48.879546,2.210568
23,"Rue des Plaideurs",92000,92050,Nanterre,1,0,0,"Plutôt à droite","Quartier aisé",39,11.54,18.95,8,48.879102,2.212266
23,"Rue Paul Bertin",92000,92050,Nanterre,1,0,0,"Plutôt à droite","Revenu moyen",39,11.54,18.95,9,48.882045,2.214042
231,"Rue Philippe Triaire",92000,92050,Nanterre,6,0,0,"Plutôt à droite","Revenu moyen",39,11.54,18.95,9,48.880808,2.21438
232,"Rue Philippe Triaire",92000,92050,Nanterre,1,0,0,"Plutôt à droite","Revenu moyen",39,11.54,18.95,9,48.880874,2.213856
233,"Rue Philippe Triaire",92000,92050,Nanterre,1,0,0,"Plutôt à droite","Quartier aisé",39,11.54,18.95,8,48.880889,2.214717
236,"Rue de la Source",92000,92050,Nanterre,1,0,0,"Plutôt à droite","Quartier aisé",39,11.54,18.95,8,48.878945,2.213074
236,"Rue Philippe Triaire",92000,92050,Nanterre,1,0,0,"Plutôt à droite","Revenu moyen",39,11.54,18.95,9,48.880833,2.213957
237,"Rue Philippe Triaire",92000,92050,Nanterre,1,0,0,"Plutôt à droite","Quartier aisé",39,11.54,18.95,8,48.880719,2.214615
24,"Rue des Louvetiers",92000,92050,Nanterre,2,0,0,"Plutôt à droite","Revenu moyen",39,11.54,18.95,9,48.880995,2.212113
24,"Rue Paul Bertin",92000,92050,Nanterre,1,0,0,"Plutôt à droite","Quartier aisé",39,11.54,18.95,8,48.881966,2.214417
240,"Rue Philippe Triaire",92000,92050,Nanterre,1,0,0,"Plutôt à droite","Revenu moyen",39,11.54,18.95,9,48.880582,2.213818
241,"Rue Philippe Triaire",92000,92050,Nanterre,1,0,0,"Plutôt à droite","Quartier aisé",39,11.54,18.95,8,48.880652,2.214858
242,"Rue de la Source",92000,92050,Nanterre,1,0,0,"Plutôt à droite","Quartier aisé",39,11.54,18.95,8,48.878798,2.21336
242,"Rue Philippe Triaire",92000,92050,Nanterre,1,0,0,"Plutôt à droite","Revenu moyen",39,11.54,18.95,9,48.880647,2.214199
246,"Rue de la Source",92000,92050,Nanterre,1,0,0,"Plutôt à droite","Quartier aisé",39,11.54,18.95,7,48.878608,2.213547
25,"Rue André Sabatier",92000,92050,Nanterre,1,0,0,"Plutôt à droite","Quartier aisé",39,11.54,18.95,8,48.881484,2.215508
25,"Rue des Alouettes",92000,92050,Nanterre,1,0,0,"Plutôt à droite","Quartier aisé",39,11.54,18.95,8,48.884008,2.213407
25,"Rue des Luaps",92000,92050,Nanterre,1,0,0,"Plutôt à droite","Revenu moyen",39,11.54,18.95,10,48.879506,2.210641
25,"Rue des Plaideurs",92000,92050,Nanterre,1,0,0,"Plutôt à droite","Quartier aisé",39,11.54,18.95,8,48.879134,2.212416
25,"Rue Marcel Génin",92000,92050,Nanterre,1,0,0,"Plutôt à droite","Quartier plus populaire",39,11.54,18.95,9,48.882115,2.209309
250,"Rue Philippe Triaire",92000,92050,Nanterre,1,0,0,"Plutôt à droite","Quartier aisé",39,11.54,18.95,8,48.880532,2.214541
252,"Rue Philippe Triaire",92000,92050,Nanterre,1,0,0,"Plutôt à droite","Quartier aisé",39,11.54,18.95,8,48.88053,2.214611
254,"Rue Paul Vaillant-Couturier",92000,92050,Nanterre,2,0,0,"Plutôt à droite","Quartier plus populaire",39,11.54,18.95,8,48.878303,2.211756
254,"Rue Philippe Triaire",92000,92050,Nanterre,2,0,0,"Plutôt à droite","Quartier aisé",39,11.54,18.95,8,48.880378,2.214231
258,"Rue Paul Vaillant-Couturier",92000,92050,Nanterre,1,0,0,"Plutôt à droite","Quartier plus populaire",39,11.54,18.95,8,48.878328,2.211996
26,"Rue de Belfort",92000,92050,Nanterre,1,0,0,"Plutôt à droite","Quartier aisé",39,11.54,18.95,8,48.883271,2.213491
26,"Rue des Plaideurs",92000,92050,Nanterre,1,0,0,"Plutôt à droite","Quartier aisé",39,11.54,18.95,8,48.87888,2.212424
26,"Rue Georges-Gabriel Fabre",92000,92050,Nanterre,1,0,0,"Plutôt à droite","Revenu moyen",39,11.54,18.95,9,48.88054,2.213007
260,"Rue Paul Vaillant-Couturier",92000,92050,Nanterre,1,0,0,"Plutôt à droite","Quartier plus populaire",39,11.54,18.95,8,48.878415,2.212036
262,"Rue Philippe Triaire",92000,92050,Nanterre,1,0,0,"Plutôt à droite","Quartier aisé",39,11.54,18.95,8,48.880221,2.214956
27,"Rue des Alouettes",92000,92050,Nanterre,1,0,0,"Plutôt à droite","Quartier aisé",39,11.54,18.95,8,48.883956,2.213325
27,"Rue des Louvetiers",92000,92050,Nanterre,1,0,0,"Plutôt à droite","Revenu moyen",39,11.54,18.95,9,48.880791,2.212401
27,"Rue des Plaideurs",92000,92050,Nanterre,1,0,0,"Plutôt à droite","Quartier aisé",39,11.54,18.95,8,48.879206,2.212517
27,"Rue Marcel Génin",92000,92050,Nanterre,1,0,0,"Plutôt à droite","Quartier plus populaire",39,11.54,18.95,9,48.882072,2.209228
27,"Rue Paul Bertin",92000,92050,Nanterre,1,0,0,"Plutôt à droite","Revenu moyen",39,11.54,18.95,9,48.882087,2.2142
272,"Rue Paul Vaillant-Couturier",92000,92050,Nanterre,1,0,0,"Plutôt à droite","Quartier aisé",39,11.54,18.95,7,48.878313,2.212734
277,"Rue Paul Vaillant-Couturier",92000,92050,Nanterre,1,0,0,"Plutôt à droite","Revenu moyen",39,11.54,18.95,10,48.878718,2.211321
28,"Rue de Belfort",92000,92050,Nanterre,1,0,0,"Plutôt à droite","Quartier aisé",39,11.54,18.95,8,48.883121,2.213721
28,"Rue des Louvetiers",92000,92050,Nanterre,1,0,0,"Plutôt à droite","Revenu moyen",39,11.54,18.95,9,48.880891,2.21199
28,"Rue des Plaideurs",92000,92050,Nanterre,1,0,0,"Plutôt à droite","Quartier aisé",39,11.54,18.95,8,48.87893,2.212559
28,"Rue Georges-Gabriel Fabre",92000,92050,Nanterre,1,0,0,"Plutôt à droite","Revenu moyen",39,11.54,18.95,9,48.880567,2.213095
28,"Rue Paul Bertin",92000,92050,Nanterre,1,0,0,"Plutôt à droite","Quartier aisé",39,11.54,18.95,8,48.882053,2.214557
283,"Rue Paul Vaillant-Couturier",92000,92050,Nanterre,1,0,0,"Plutôt à droite","Revenu moyen",39,11.54,18.95,10,48.878716,2.21167
287,"Rue Paul Vaillant-Couturier",92000,92050,Nanterre,1,0,0,"Plutôt à droite","Revenu moyen",39,11.54,18.95,10,48.878678,2.212
289,"Rue Paul Vaillant-Couturier",92000,92050,Nanterre,1,0,0,"Plutôt à droite","Quartier aisé",39,11.54,18.95,8,48.878651,2.212134
28ter,"Rue de Belfort",92000,92050,Nanterre,1,0,0,"Plutôt à droite","Quartier aisé",39,11.54,18.95,8,48.883295,2.213242
29,"Rue André Sabatier",92000,92050,Nanterre,1,0,0,"Plutôt à droite","Quartier aisé",39,11.54,18.95,8,48.881599,2.215756
29,"Rue de Belfort",92000,92050,Nanterre,1,0,0,"Plutôt à droite","Quartier aisé",39,11.54,18.95,8,48.88276,2.213865
29,"Rue des Alouettes",92000,92050,Nanterre,1,0,0,"Plutôt à droite","Quartier aisé",39,11.54,18.95,8,48.883901,2.213257
29,"Rue des Louvetiers",92000,92050,Nanterre,1,0,0,"Plutôt à droite","Revenu moyen",39,11.54,18.95,9,48.880742,2.212338
29,"Rue des Luaps",92000,92050,Nanterre,1,0,0,"Plutôt à droite","Revenu moyen",39,11.54,18.95,10,48.879325,2.210626
29,"Rue Georges-Gabriel Fabre",92000,92050,Nanterre,1,0,0,"Plutôt à droite","Revenu moyen",39,11.54,18.95,9,48.880701,2.212788
29,"Rue Paul Bertin",92000,92050,Nanterre,1,0,0,"Plutôt à droite","Revenu moyen",39,11.54,18.95,9,48.882151,2.214097
291,"Rue Paul Vaillant-Couturier",92000,92050,Nanterre,1,0,0,"Plutôt à droite","Quartier aisé",39,11.54,18.95,8,48.878679,2.212182
293,"Rue Paul Vaillant-Couturier",92000,92050,Nanterre,1,0,0,"Plutôt à droite","Quartier aisé",39,11.54,18.95,7,48.87862,2.212401
295,"Rue Paul Vaillant-Couturier",92000,92050,Nanterre,1,0,0,"Plutôt à droite","Quartier aisé",39,11.54,18.95,7,48.878644,2.212531
299,"Rue Paul Vaillant-Couturier",92000,92050,Nanterre,1,0,0,"Plutôt à droite","Quartier aisé",39,11.54,18.95,7,48.878676,2.212697
3,"Avenue de Belfort",92000,92050,Nanterre,1,0,0,"Plutôt à droite","Revenu moyen",39,11.54,18.95,9,48.883383,2.215106
3,"Impasse Philippe Triaire",92000,92050,Nanterre,1,0,0,"Plutôt à droite","Revenu moyen",39,11.54,18.95,9,48.881705,2.21205
3,"Rue André Sabatier",92000,92050,Nanterre,1,0,0,"Plutôt à droite","Quartier aisé",39,11.54,18.95,8,48.880761,2.214957
3,"Rue des Louvetiers",92000,92050,Nanterre,1,0,0,"Plutôt à droite","Revenu moyen",39,11.54,18.95,9,48.881344,2.212841
3,"Rue du Bel Air",92000,92050,Nanterre,1,0,0,"Plutôt à droite","Revenu moyen",39,11.54,18.95,8,48.88048,2.211297
3,"Rue du Tir",92000,92050,Nanterre,1,0,0,"Plutôt à droite","Quartier aisé",39,11.54,18.95,8,48.883079,2.218036
3,"Rue Paul Bertin",92000,92050,Nanterre,1,0,0,"Plutôt à droite","Revenu moyen",39,11.54,18.95,9,48.881515,2.213328
30,"Rue des Plaideurs",92000,92050,Nanterre,1,0,0,"Plutôt à droite","Quartier aisé",39,11.54,18.95,8,48.878974,2.212641
30,"Rue Paul Bertin",92000,92050,Nanterre,1,0,0,"Plutôt à droite","Quartier aisé",39,11.54,18.95,8,48.882058,2.214778
303,"Rue Paul Vaillant-Couturier",92000,92050,Nanterre,1,0,0,"Plutôt à droite","Quartier aisé",39,11.54,18.95,7,48.87859,2.212946
309,"Rue Paul Vaillant-Couturier",92000,92050,Nanterre,1,0,0,"Plutôt à droite","Quartier aisé",39,11.54,18.95,7,48.878535,2.213454
30bis,"Rue des Plaideurs",92000,92050,Nanterre,1,0,0,"Plutôt à droite","Quartier aisé",39,11.54,18.95,8,48.879019,2.212762
31,"Rue des Alouettes",92000,92050,Nanterre,1,0,0,"Plutôt à droite","Quartier aisé",39,11.54,18.95,8,48.883784,2.213102
31,"Rue des Louvetiers",92000,92050,Nanterre,1,0,0,"Plutôt à droite","Revenu moyen",39,11.54,18.95,9,48.880647,2.212248
31,"Rue Georges-Gabriel Fabre",92000,92050,Nanterre,1,0,0,"Plutôt à droite","Revenu moyen",39,11.54,18.95,9,48.880788,2.212839
31,"Rue Paul Bertin",92000,92050,Nanterre,1,0,0,"Plutôt à droite","Quartier aisé",39,11.54,18.95,8,48.882201,2.214307
31bis,"Rue de Belfort",92000,92050,Nanterre,1,0,0,"Plutôt à droite","Quartier aisé",39,11.54,18.95,8,48.882883,2.213806
32,"Rue de Belfort",92000,92050,Nanterre,1,0,0,"Plutôt à droite","Quartier aisé",39,11.54,18.95,8,48.883016,2.213536
32,"Rue des Louvetiers",92000,92050,Nanterre,1,0,0,"Plutôt à droite","Revenu moyen",39,11.54,18.95,9,48.880873,2.211813
32,"Rue Paul Bertin",92000,92050,Nanterre,1,0,0,"Plutôt à droite","Quartier aisé",39,11.54,18.95,8,48.882174,2.214665
33,"Rue André Sabatier",92000,92050,Nanterre,1,0,0,"Plutôt à droite","Quartier aisé",39,11.54,18.95,8,48.88175,2.21585
33,"Rue de Belfort",92000,92050,Nanterre,1,0,0,"Plutôt à droite","Quartier aisé",39,11.54,18.95,8,48.882797,2.213689
33,"Rue des Venêts",92000,92050,Nanterre,1,0,0,"Plutôt à droite","Quartier plus populaire",39,11.54,18.95,9,48.888942,2.20495
33,"Rue des Luaps",92000,92050,Nanterre,1,0,0,"Plutôt à droite","Revenu moyen",39,11.54,18.95,10,48.879191,2.210675
33,"Rue des Plaideurs",92000,92050,Nanterre,1,0,0,"Plutôt à droite","Quartier aisé",39,11.54,18.95,8,48.879394,2.212814
33,"Rue Georges-Gabriel Fabre",92000,92050,Nanterre,1,0,0,"Plutôt à droite","Revenu moyen",39,11.54,18.95,9,48.880863,2.213018
33,"Rue Paul Bertin",92000,92050,Nanterre,1,0,0,"Plutôt à droite","Quartier aisé",39,11.54,18.95,8,48.882306,2.214458
34,"Rue des Louvetiers",92000,92050,Nanterre,1,0,0,"Plutôt à droite","Revenu moyen",39,11.54,18.95,9,48.880815,2.211736
34,"Rue Georges-Gabriel Fabre",92000,92050,Nanterre,1,0,0,"Plutôt à droite","Quartier aisé",39,11.54,18.95,8,48.880539,2.213457
34,"Rue Paul Bertin",92000,92050,Nanterre,1,0,0,"Plutôt à droite","Quartier aisé",39,11.54,18.95,8,48.882219,2.214751
35,"Rue André Sabatier",92000,92050,Nanterre,1,0,0,"Plutôt à droite","Quartier aisé",39,11.54,18.95,8,48.881931,2.215709
35,"Rue des Alouettes",92000,92050,Nanterre,1,0,0,"Plutôt à droite","Quartier aisé",39,11.54,18.95,8,48.883723,2.213015
35,"Rue des Louvetiers",92000,92050,Nanterre,1,0,0,"Plutôt à droite","Revenu moyen",39,11.54,18.95,9,48.880591,2.212206
35,"Rue des Luaps",92000,92050,Nanterre,1,0,0,"Plutôt à droite","Revenu moyen",39,11.54,18.95,10,48.879247,2.210919
35,"Rue Georges-Gabriel Fabre",92000,92050,Nanterre,2,0,0,"Plutôt à droite","Revenu moyen",39,11.54,18.95,9,48.880986,2.213141
35,"Rue Paul Bertin",92000,92050,Nanterre,1,0,0,"Plutôt à droite","Revenu moyen",39,11.54,18.95,9,48.882477,2.21424
35bis,"Rue Paul Bertin",92000,92050,Nanterre,1,0,0,"Plutôt à droite","Quartier aisé",39,11.54,18.95,8,48.882373,2.214549
36,"Rue des Louvetiers",92000,92050,Nanterre,1,0,0,"Plutôt à droite","Revenu moyen",39,11.54,18.95,9,48.880708,2.211848
36,"Rue des Plaideurs",92000,92050,Nanterre,1,0,0,"Plutôt à droite","Quartier aisé",39,11.54,18.95,8,48.879209,2.213147
37,"Rue André Sabatier",92000,92050,Nanterre,1,0,0,"Plutôt à droite","Quartier aisé",39,11.54,18.95,8,48.881845,2.215919
37,"Rue de Belfort",92000,92050,Nanterre,1,0,0,"Plutôt à droite","Quartier aisé",39,11.54,18.95,8,48.882835,2.213463
37,"Rue des Alouettes",92000,92050,Nanterre,1,0,0,"Plutôt à droite","Quartier aisé",39,11.54,18.95,8,48.883716,2.212844
37,"Rue des Louvetiers",92000,92050,Nanterre,1,0,0,"Plutôt à droite","Revenu moyen",39,11.54,18.95,9,48.880526,2.212187
37,"Rue des Luaps",92000,92050,Nanterre,1,0,0,"Plutôt à droite","Revenu moyen",39,11.54,18.95,10,48.879118,2.210735
37,"Rue Georges-Gabriel Fabre",92000,92050,Nanterre,1,0,0,"Plutôt à droite","Revenu moyen",39,11.54,18.95,9,48.881145,2.213036
37,"Rue Paul Bertin",92000,92050,Nanterre,1,0,0,"Plutôt à droite","Revenu moyen",39,11.54,18.95,9,48.882686,2.214123
37bis,"Rue de Belfort",92000,92050,Nanterre,1,0,0,"Plutôt à droite","Quartier aisé",39,11.54,18.95,8,48.882869,2.213389
38,"Rue de Belfort",92000,92050,Nanterre,1,0,0,"Plutôt à droite","Quartier aisé",39,11.54,18.95,8,48.883091,2.213316
38,"Rue des Louvetiers",92000,92050,Nanterre,2,0,0,"Plutôt à droite","Revenu moyen",39,11.54,18.95,9,48.880636,2.211901
39,"Rue André Sabatier",92000,92050,Nanterre,1,0,0,"Plutôt à droite","Quartier aisé",39,11.54,18.95,8,48.881928,2.216037
39,"Rue de Belfort",92000,92050,Nanterre,1,0,0,"Plutôt à droite","Quartier aisé",39,11.54,18.95,8,48.882686,2.213549
39,"Rue des Alouettes",92000,92050,Nanterre,1,0,0,"Plutôt à droite","Quartier aisé",39,11.54,18.95,8,48.883663,2.2128
39,"Rue des Louvetiers",92000,92050,Nanterre,1,0,0,"Plutôt à droite","Quartier aisé",39,11.54,18.95,8,48.880432,2.212177
39,"Rue Paul Bertin",92000,92050,Nanterre,1,0,0,"Plutôt à droite","Revenu moyen",39,11.54,18.95,9,48.882534,2.214722
4,"Impasse André Sabatier",92000,92050,Nanterre,1,0,0,"Plutôt à droite","Quartier aisé",39,11.54,18.95,8,48.880246,2.214461
4,"Rue des Louvetiers",92000,92050,Nanterre,1,0,0,"Plutôt à droite","Revenu moyen",39,11.54,18.95,9,48.881483,2.21257
4,"Rue du Bel Air",92000,92050,Nanterre,1,0,0,"Plutôt à droite","Revenu moyen",39,11.54,18.95,8,48.880867,2.211273
4,"Rue Paul Bertin",92000,92050,Nanterre,1,0,0,"Plutôt à droite","Revenu moyen",39,11.54,18.95,9,48.881369,2.213768
40,"Rue Georges-Gabriel Fabre",92000,92050,Nanterre,1,0,0,"Plutôt à droite","Revenu moyen",39,11.54,18.95,9,48.880818,2.213383
40,"Rue Paul Bertin",92000,92050,Nanterre,1,0,0,"Plutôt à droite","Quartier aisé",39,11.54,18.95,8,48.882212,2.215207
41,"Rue de Belfort",92000,92050,Nanterre,1,0,0,"Plutôt à droite","Quartier aisé",39,11.54,18.95,8,48.882452,2.213802
41,"Rue des Luaps",92000,92050,Nanterre,1,0,0,"Plutôt à droite","Revenu moyen",39,11.54,18.95,10,48.878983,2.210799
41,"Rue des Plaideurs",92000,92050,Nanterre,1,0,0,"Plutôt à droite","Quartier aisé",39,11.54,18.95,8,48.879549,2.213194
42,"Rue de Belfort",92000,92050,Nanterre,1,0,0,"Plutôt à droite","Quartier aisé",39,11.54,18.95,8,48.882927,2.213089
42,"Rue des Plaideurs",92000,92050,Nanterre,1,0,0,"Plutôt à droite","Quartier aisé",39,11.54,18.95,8,48.878999,2.213603
42,"Rue Paul Bertin",92000,92050,Nanterre,1,0,0,"Plutôt à droite","Quartier aisé",39,11.54,18.95,8,48.882343,2.214992
42bis,"Rue des Plaideurs",92000,92050,Nanterre,1,0,0,"Plutôt à droite","Quartier aisé",39,11.54,18.95,8,48.87921,2.213352
43,"Rue de Belfort",92000,92050,Nanterre,1,0,0,"Plutôt à droite","Quartier aisé",39,11.54,18.95,8,48.88265,2.21323
43,"Rue des Alouettes",92000,92050,Nanterre,1,0,0,"Plutôt à droite","Quartier aisé",39,11.54,18.95,8,48.883569,2.212576
43,"Rue des Luaps",92000,92050,Nanterre,1,0,0,"Plutôt à droite","Revenu moyen",39,11.54,18.95,10,48.878924,2.210816
43,"Rue des Plaideurs",92000,92050,Nanterre,1,0,0,"Plutôt à droite","Quartier aisé",39,11.54,18.95,8,48.879587,2.2133
43,"Rue Paul Bertin",92000,92050,Nanterre,1,0,0,"Plutôt à droite","Revenu moyen",39,11.54,18.95,9,48.882653,2.214919
44,"Rue Paul Bertin",92000,92050,Nanterre,2,0,0,"Plutôt à droite","Quartier aisé",39,11.54,18.95,8,48.882339,2.215141
45,"Rue de Belfort",92000,92050,Nanterre,1,0,0,"Plutôt à droite","Quartier aisé",39,11.54,18.95,8,48.882589,2.21314
45,"Rue des Alouettes",92000,92050,Nanterre,1,0,0,"Plutôt à droite","Quartier aisé",39,11.54,18.95,8,48.883473,2.212538
45,"Rue des Louvetiers",92000,92050,Nanterre,1,0,0,"Plutôt à droite","Quartier aisé",39,11.54,18.95,8,48.880351,2.211996
45bis,"Rue de Belfort",92000,92050,Nanterre,1,0,0,"Plutôt à droite","Quartier aisé",39,11.54,18.95,8,48.882516,2.213163
46,"Rue de Belfort",92000,92050,Nanterre,1,0,0,"Plutôt à droite","Quartier aisé",39,11.54,18.95,8,48.882771,2.212868
46,"Rue des Louvetiers",92000,92050,Nanterre,1,0,0,"Plutôt à droite","Revenu moyen",39,11.54,18.95,10,48.880356,2.211639
46,"Rue des Plaideurs",92000,92050,Nanterre,2,0,0,"Plutôt à droite","Quartier aisé",39,11.54,18.95,8,48.879405,2.213557
46,"Rue Paul Bertin",92000,92050,Nanterre,1,0,0,"Plutôt à droite","Revenu moyen",39,11.54,18.95,9,48.882499,2.215066
46bis,"Rue des Plaideurs",92000,92050,Nanterre,1,0,0,"Plutôt à droite","Quartier aisé",39,11.54,18.95,8,48.879452,2.213594
47,"Rue André Sabatier",92000,92050,Nanterre,1,0,0,"Plutôt à droite","Quartier aisé",39,11.54,18.95,8,48.882071,2.216137
47,"Rue de Belfort",92000,92050,Nanterre,1,0,0,"Plutôt à droite","Quartier aisé",39,11.54,18.95,8,48.882427,2.213197
48,"Rue de Belfort",92000,92050,Nanterre,1,0,0,"Plutôt à droite","Quartier aisé",39,11.54,18.95,8,48.882697,2.212806
48,"Rue des Plaideurs",92000,92050,Nanterre,1,0,0,"Plutôt à droite","Quartier aisé",39,11.54,18.95,8,48.879339,2.213935
48,"Rue Paul Bertin",92000,92050,Nanterre,1,0,0,"Plutôt à droite","Revenu moyen",39,11.54,18.95,9,48.882496,2.215218
49,"Rue des Alouettes",92000,92050,Nanterre,1,0,0,"Plutôt à droite","Quartier aisé",39,11.54,18.95,8,48.883218,2.21271
49,"Rue des Louvetiers",92000,92050,Nanterre,1,0,0,"Plutôt à droite","Quartier aisé",39,11.54,18.95,8,48.880191,2.21188
49,"Rue Paul Bertin",92000,92050,Nanterre,1,0,0,"Plutôt à droite","Revenu moyen",39,11.54,18.95,9,48.882781,2.215348
4bis,"Avenue de Belfort",92000,92050,Nanterre,1,0,0,"Plutôt à droite","Revenu moyen",39,11.54,18.95,9,48.88333,2.21472
5,"Impasse Philippe Triaire",92000,92050,Nanterre,1,0,0,"Plutôt à droite","Revenu moyen",39,11.54,18.95,9,48.881626,2.211965
5,"Passage des Plaideurs",92000,92050,Nanterre,1,0,0,"Plutôt à droite","Quartier aisé",39,11.54,18.95,8,48.880106,2.212967
5,"Rue des Molières",92000,92050,Nanterre,1,0,0,"Plutôt à droite","Quartier aisé",39,11.54,18.95,8,48.879322,2.200801
5,"Rue des Louvetiers",92000,92050,Nanterre,1,0,0,"Plutôt à droite","Revenu moyen",39,11.54,18.95,9,48.881298,2.212766
5,"Rue des Luaps",92000,92050,Nanterre,1,0,0,"Plutôt à droite","Revenu moyen",39,11.54,18.95,10,48.88011,2.210526
5,"Rue du Bel Air",92000,92050,Nanterre,1,0,0,"Plutôt à droite","Revenu moyen",39,11.54,18.95,8,48.880624,2.211183
5,"Rue du Tir",92000,92050,Nanterre,1,0,0,"Plutôt à droite","Quartier aisé",39,11.54,18.95,8,48.882998,2.218084
5,"Rue Marcel Génin",92000,92050,Nanterre,1,0,0,"Plutôt à droite","Quartier plus populaire",39,11.54,18.95,9,48.882302,2.209872
5,"Rue Paul Bertin",92000,92050,Nanterre,1,0,0,"Plutôt à droite","Revenu moyen",39,11.54,18.95,9,48.88155,2.213353
50,"Rue de Belfort",92000,92050,Nanterre,1,0,0,"Plutôt à droite","Quartier aisé",39,11.54,18.95,8,48.882624,2.212679
50,"Rue Paul Bertin",92000,92050,Nanterre,1,0,0,"Plutôt à droite","Quartier aisé",39,11.54,18.95,8,48.882454,2.215418
50bis,"Rue Paul Bertin",92000,92050,Nanterre,1,0,0,"Plutôt à droite","Quartier aisé",39,11.54,18.95,8,48.882333,2.215622
51,"Rue André Sabatier",92000,92050,Nanterre,1,0,0,"Plutôt à droite","Quartier aisé",39,11.54,18.95,8,48.88206,2.216366
51,"Rue de Belfort",92000,92050,Nanterre,1,0,0,"Plutôt à droite","Quartier aisé",39,11.54,18.95,8,48.882398,2.213054
51,"Rue des Alouettes",92000,92050,Nanterre,1,0,0,"Plutôt à droite","Quartier aisé",39,11.54,18.95,8,48.883399,2.212283
51bis,"Rue Paul Bertin",92000,92050,Nanterre,1,0,0,"Plutôt à droite","Revenu moyen",39,11.54,18.95,9,48.883065,2.215413
52,"Rue de Belfort",92000,92050,Nanterre,1,0,0,"Plutôt à droite","Quartier aisé",39,11.54,18.95,8,48.882548,2.212615
52,"Rue des Louvetiers",92000,92050,Nanterre,1,0,0,"Plutôt à droite","Revenu moyen",39,11.54,18.95,10,48.880309,2.211581
52,"Rue des Plaideurs",92000,92050,Nanterre,1,0,0,"Plutôt à droite","Quartier aisé",39,11.54,18.95,8,48.879494,2.214001
52,"Rue Paul Bertin",92000,92050,Nanterre,1,0,0,"Plutôt à droite","Revenu moyen",39,11.54,18.95,9,48.882537,2.215546
53,"Rue des Alouettes",92000,92050,Nanterre,1,0,0,"Plutôt à droite","Quartier aisé",39,11.54,18.95,8,48.883315,2.212304
53,"Rue Paul Bertin",92000,92050,Nanterre,1,0,0,"Plutôt à droite","Revenu moyen",39,11.54,18.95,9,48.882995,2.215594
53bis,"Rue des Alouettes",92000,92050,Nanterre,1,0,0,"Plutôt à droite","Quartier aisé",39,11.54,18.95,8,48.883132,2.212602
54,"Rue des Louvetiers",92000,92050,Nanterre,1,0,0,"Plutôt à droite","Revenu moyen",39,11.54,18.95,8,48.880406,2.211285
54,"Rue des Plaideurs",92000,92050,Nanterre,1,0,0,"Plutôt à droite","Quartier aisé",39,11.54,18.95,8,48.879418,2.214243
55,"Rue André Sabatier",92000,92050,Nanterre,1,0,0,"Plutôt à droite","Quartier aisé",39,11.54,18.95,8,48.882137,2.216471
55,"Rue de Belfort",92000,92050,Nanterre,1,0,0,"Plutôt à droite","Revenu moyen",39,11.54,18.95,9,48.882129,2.213206
55,"Rue des Alouettes",92000,92050,Nanterre,1,0,0,"Plutôt à droite","Quartier aisé",39,11.54,18.95,8,48.883035,2.212579
55,"Rue des Plaideurs",92000,92050,Nanterre,2,0,0,"Plutôt à droite","Quartier aisé",39,11.54,18.95,8,48.879752,2.213662
55,"Rue Paul Bertin",92000,92050,Nanterre,1,0,0,"Plutôt à droite","Revenu moyen",39,11.54,18.95,9,48.883071,2.215646
56,"Rue de Belfort",92000,92050,Nanterre,1,0,0,"Plutôt à droite","Quartier aisé",39,11.54,18.95,8,48.882451,2.212645
56,"Rue Paul Bertin",92000,92050,Nanterre,1,0,0,"Plutôt à droite","Revenu moyen",39,11.54,18.95,9,48.882673,2.215681
56bis,"Rue de Belfort",92000,92050,Nanterre,1,0,0,"Plutôt à droite","Quartier aisé",39,11.54,18.95,8,48.882476,2.212189
56ter,"Rue de Belfort",92000,92050,Nanterre,2,0,0,"Plutôt à droite","Quartier aisé",39,11.54,18.95,8,48.882456,2.212301
57,"Rue André Sabatier",92000,92050,Nanterre,1,0,0,"Plutôt à droite","Quartier aisé",39,11.54,18.95,8,48.882183,2.216587
57,"Rue de Belfort",92000,92050,Nanterre,2,0,0,"Plutôt à droite","Revenu moyen",39,11.54,18.95,9,48.88229,2.212937
57,"Rue Paul Bertin",92000,92050,Nanterre,1,0,0,"Plutôt à droite","Revenu moyen",39,11.54,18.95,9,48.883168,2.215608
58,"Rue de Belfort",92000,92050,Nanterre,1,0,0,"Plutôt à droite","Quartier aisé",39,11.54,18.95,8,48.882334,2.212492
58,"Rue Paul Bertin",92000,92050,Nanterre,1,0,0,"Plutôt à droite","Revenu moyen",39,11.54,18.95,9,48.882737,2.215757
59,"Rue André Sabatier",92000,92050,Nanterre,1,0,0,"Plutôt à droite","Quartier aisé",39,11.54,18.95,8,48.882228,2.216712
59,"Rue de Belfort",92000,92050,Nanterre,1,0,0,"Plutôt à droite","Revenu moyen",39,11.54,18.95,9,48.882234,2.212838
59,"Rue des Alouettes",92000,92050,Nanterre,1,0,0,"Plutôt à droite","Quartier aisé",39,11.54,18.95,8,48.883094,2.212249
59,"Rue des Louvetiers",92000,92050,Nanterre,1,0,0,"Plutôt à droite","Revenu moyen",39,11.54,18.95,10,48.879975,2.211713
59,"Rue des Plaideurs",92000,92050,Nanterre,1,0,0,"Plutôt à droite","Quartier aisé",39,11.54,18.95,8,48.879719,2.213861
59bis,"Rue des Alouettes",92000,92050,Nanterre,1,0,0,"Plutôt à droite","Quartier aisé",39,11.54,18.95,8,48.882937,2.212417
6,"Avenue de Belfort",92000,92050,Nanterre,2,0,0,"Plutôt à droite","Revenu moyen",39,11.54,18.95,9,48.883287,2.214768
6,"Impasse André Sabatier",92000,92050,Nanterre,1,0,0,"Plutôt à droite","Quartier aisé",39,11.54,18.95,8,48.880202,2.214389
6,"Impasse Philippe Triaire",92000,92050,Nanterre,1,0,0,"Plutôt à droite","Revenu moyen",39,11.54,18.95,8,48.88169,2.211506
6,"Rue de Belfort",92000,92050,Nanterre,1,0,0,"Plutôt à droite","Revenu moyen",39,11.54,18.95,9,48.883756,2.21468
6,"Rue des Louvetiers",92000,92050,Nanterre,1,0,0,"Plutôt à droite","Revenu moyen",39,11.54,18.95,9,48.881447,2.212425
6,"Rue des Luaps Prolongée",92000,92050,Nanterre,1,0,0,"Plutôt à droite","Quartier plus populaire",39,11.54,18.95,9,48.882202,2.210116
6,"Rue du Bel Air",92000,92050,Nanterre,1,0,0,"Plutôt à droite","Revenu moyen",39,11.54,18.95,8,48.880939,2.21105
6,"Rue du Plateau",92000,92050,Nanterre,1,0,0,"Plutôt à droite","Revenu moyen",39,11.54,18.95,9,48.882959,2.214237
6,"Rue Georges-Gabriel Fabre",92000,92050,Nanterre,1,0,0,"Plutôt à droite","Quartier aisé",39,11.54,18.95,8,48.879964,2.212301
6,"Rue Paul Bertin",92000,92050,Nanterre,1,0,0,"Plutôt à droite","Revenu moyen",39,11.54,18.95,9,48.881473,2.213732
60,"Rue Paul Bertin",92000,92050,Nanterre,1,0,0,"Plutôt à droite","Revenu moyen",39,11.54,18.95,9,48.88277,2.215813
61,"Rue André Sabatier",92000,92050,Nanterre,1,0,0,"Plutôt à droite","Quartier aisé",39,11.54,18.95,8,48.882462,2.216451
61,"Rue de Belfort",92000,92050,Nanterre,1,0,0,"Plutôt à droite","Revenu moyen",39,11.54,18.95,9,48.882162,2.212782
61,"Rue des Alouettes",92000,92050,Nanterre,1,0,0,"Plutôt à droite","Quartier aisé",39,11.54,18.95,8,48.882987,2.212203
61,"Rue des Plaideurs",92000,92050,Nanterre,1,0,0,"Plutôt à droite","Quartier aisé",39,11.54,18.95,8,48.879809,2.213799
62,"Rue de Belfort",92000,92050,Nanterre,1,0,0,"Plutôt à droite","Revenu moyen",39,11.54,18.95,9,48.882257,2.212439
63,"Rue André Sabatier",92000,92050,Nanterre,1,0,0,"Plutôt à droite","Quartier aisé",39,11.54,18.95,8,48.882296,2.216824
63,"Rue des Alouettes",92000,92050,Nanterre,1,0,0,"Plutôt à droite","Quartier aisé",39,11.54,18.95,8,48.883088,2.211839
64,"Rue des Plaideurs",92000,92050,Nanterre,2,0,0,"Plutôt à droite","Quartier aisé",39,11.54,18.95,8,48.87966,2.215028
65,"Rue André Sabatier",92000,92050,Nanterre,1,0,0,"Plutôt à droite","Quartier aisé",39,11.54,18.95,8,48.882366,2.216874
65,"Rue des Plaideurs",92000,92050,Nanterre,1,0,0,"Plutôt à droite","Quartier aisé",39,11.54,18.95,8,48.879874,2.213953
66,"Rue de Belfort",92000,92050,Nanterre,1,0,0,"Plutôt à droite","Revenu moyen",39,11.54,18.95,9,48.882206,2.212246
66,"Rue Paul Bertin",92000,92050,Nanterre,1,0,0,"Plutôt à droite","Revenu moyen",39,11.54,18.95,9,48.882917,2.216077
67,"Rue des Alouettes",92000,92050,Nanterre,1,0,0,"Plutôt à droite","Quartier aisé",39,11.54,18.95,8,48.883057,2.211706
67,"Rue des Plaideurs",92000,92050,Nanterre,1,0,0,"Plutôt à droite","Quartier aisé",39,11.54,18.95,8,48.879907,2.214116
68,"Rue de Belfort",92000,92050,Nanterre,1,0,0,"Plutôt à droite","Revenu moyen",39,11.54,18.95,9,48.882088,2.212307
69,"Rue André Sabatier",92000,92050,Nanterre,1,0,0,"Plutôt à droite","Quartier aisé",39,11.54,18.95,8,48.882437,2.217031
69,"Rue des Alouettes",92000,92050,Nanterre,1,0,0,"Plutôt à droite","Quartier aisé",39,11.54,18.95,8,48.882684,2.212178
69,"Rue des Plaideurs",92000,92050,Nanterre,1,0,0,"Plutôt à droite","Quartier aisé",39,11.54,18.95,8,48.879935,2.214158
7,"Avenue de Belfort",92000,92050,Nanterre,1,0,0,"Plutôt à droite","Revenu moyen",39,11.54,18.95,9,48.883338,2.215177
7,"Rue André Sabatier",92000,92050,Nanterre,1,0,0,"Plutôt à droite","Quartier aisé",39,11.54,18.95,8,48.880817,2.215107
7,"Rue des Molières",92000,92050,Nanterre,1,0,0,"Plutôt à droite","Quartier aisé",39,11.54,18.95,8,48.879286,2.200859
7,"Rue des Louvetiers",92000,92050,Nanterre,1,0,0,"Plutôt à droite","Revenu moyen",39,11.54,18.95,9,48.881251,2.212872
7,"Rue des Plaideurs",92000,92050,Nanterre,2,0,0,"Plutôt à droite","Revenu moyen",39,11.54,18.95,10,48.878971,2.211294
7,"Rue du Bel Air",92000,92050,Nanterre,1,0,0,"Plutôt à droite","Revenu moyen",39,11.54,18.95,8,48.880612,2.210964
7,"Rue du Tir",92000,92050,Nanterre,1,0,0,"Plutôt à droite","Quartier aisé",39,11.54,18.95,8,48.882991,2.218194
7,"Rue Marcel Génin",92000,92050,Nanterre,1,0,0,"Plutôt à droite","Quartier plus populaire",39,11.54,18.95,9,48.882187,2.209887
70,"Rue de Belfort",92000,92050,Nanterre,1,0,0,"Plutôt à droite","Revenu moyen",39,11.54,18.95,9,48.882044,2.212104
71,"Rue André Sabatier",92000,92050,Nanterre,1,0,0,"Plutôt à droite","Quartier aisé",39,11.54,18.95,8,48.882449,2.217204
71,"Rue des Plaideurs",92000,92050,Nanterre,2,0,0,"Plutôt à droite","Quartier aisé",39,11.54,18.95,8,48.879972,2.214285
72,"Rue des Plaideurs",92000,92050,Nanterre,1,0,0,"Plutôt à droite","Quartier aisé",39,11.54,18.95,8,48.879889,2.215143
73,"Rue des Alouettes",92000,92050,Nanterre,1,0,0,"Plutôt à droite","Quartier aisé",39,11.54,18.95,8,48.883012,2.211521
73,"Rue des Plaideurs",92000,92050,Nanterre,1,0,0,"Plutôt à droite","Quartier aisé",39,11.54,18.95,8,48.880128,2.214268
75,"Rue des Alouettes",92000,92050,Nanterre,1,0,0,"Plutôt à droite","Quartier aisé",39,11.54,18.95,8,48.882985,2.211484
75,"Rue des Plaideurs",92000,92050,Nanterre,1,0,0,"Plutôt à droite","Quartier aisé",39,11.54,18.95,8,48.879992,2.214482
77,"Rue des Plaideurs",92000,92050,Nanterre,1,0,0,"Plutôt à droite","Quartier aisé",39,11.54,18.95,8,48.880186,2.214308
78,"Rue des Plaideurs",92000,92050,Nanterre,1,0,0,"Plutôt à droite","Quartier aisé",39,11.54,18.95,8,48.879893,2.21544
7bis,"Rue du Bel Air",92000,92050,Nanterre,1,0,0,"Plutôt à droite","Revenu moyen",39,11.54,18.95,8,48.880511,2.210951
8,"Avenue de Belfort",92000,92050,Nanterre,1,0,0,"Plutôt à droite","Revenu moyen",39,11.54,18.95,9,48.88322,2.214907
8,"Rue de Belfort",92000,92050,Nanterre,1,0,0,"Plutôt à droite","Revenu moyen",39,11.54,18.95,9,48.883719,2.214539
8,"Rue des Louvetiers",92000,92050,Nanterre,1,0,0,"Plutôt à droite","Revenu moyen",39,11.54,18.95,9,48.881386,2.212399
8,"Rue du Bel Air",92000,92050,Nanterre,1,0,0,"Plutôt à droite","Revenu moyen",39,11.54,18.95,8,48.881058,2.210911
8,"Rue du Plateau",92000,92050,Nanterre,1,0,0,"Plutôt à droite","Quartier aisé",39,11.54,18.95,8,48.882649,2.213914
8,"Rue Paul Bertin",92000,92050,Nanterre,1,0,0,"Plutôt à droite","Revenu moyen",39,11.54,18.95,9,48.881512,2.213884
80,"Rue des Plaideurs",92000,92050,Nanterre,1,0,0,"Plutôt à droite","Quartier aisé",39,11.54,18.95,8,48.879842,2.215582
81,"Rue des Alouettes",92000,92050,Nanterre,2,0,0,"Plutôt à droite","Quartier aisé",39,11.54,18.95,8,48.882775,2.211603
81,"Rue des Plaideurs",92000,92050,Nanterre,1,0,0,"Plutôt à droite","Quartier aisé",39,11.54,18.95,8,48.880093,2.214746
83,"Rue des Alouettes",92000,92050,Nanterre,2,0,0,"Plutôt à droite","Quartier aisé",39,11.54,18.95,8,48.882908,2.211345
83,"Rue des Plaideurs",92000,92050,Nanterre,1,0,0,"Plutôt à droite","Quartier aisé",39,11.54,18.95,8,48.880154,2.214857
85,"Rue des Alouettes",92000,92050,Nanterre,1,0,0,"Plutôt à droite","Quartier plus populaire",39,11.54,18.95,9,48.882835,2.21126
87,"Rue des Alouettes",92000,92050,Nanterre,1,0,0,"Plutôt à droite","Quartier plus populaire",39,11.54,18.95,9,48.882808,2.211121
89,"Rue des Alouettes",92000,92050,Nanterre,3,0,0,"Plutôt à droite","Quartier aisé",39,11.54,18.95,8,48.8825,2.21142
9,"Passage des Plaideurs",92000,92050,Nanterre,1,0,0,"Plutôt à droite","Quartier aisé",39,11.54,18.95,8,48.880038,2.213036
9,"Rue André Sabatier",92000,92050,Nanterre,1,0,0,"Plutôt à droite","Quartier aisé",39,11.54,18.95,8,48.881031,2.214875
9,"Rue de Belfort",92000,92050,Nanterre,1,0,0,"Plutôt à droite","Revenu moyen",39,11.54,18.95,9,48.883538,2.214856
9,"Rue des Molières",92000,92050,Nanterre,1,0,0,"Plutôt à droite","Quartier plus populaire",39,11.54,18.95,9,48.879211,2.201044
9,"Rue du Bel Air",92000,92050,Nanterre,1,0,0,"Plutôt à droite","Revenu moyen",39,11.54,18.95,8,48.880724,2.210937
9,"Rue du Plateau",92000,92050,Nanterre,1,0,0,"Plutôt à droite","Revenu moyen",39,11.54,18.95,9,48.883053,2.214688
9,"Rue du Tir",92000,92050,Nanterre,2,0,0,"Plutôt à droite","Quartier aisé",39,11.54,18.95,8,48.8829,2.218374
9,"Rue Marcel Génin",92000,92050,Nanterre,1,0,0,"Plutôt à droite","Revenu moyen",39,11.54,18.95,8,48.881952,2.210109
9,"Rue Paul Bertin",92000,92050,Nanterre,1,0,0,"Plutôt à droite","Revenu moyen",39,11.54,18.95,9,48.881876,2.213156
91,"Rue des Alouettes",92000,92050,Nanterre,1,0,0,"Plutôt à droite","Quartier plus populaire",39,11.54,18.95,9,48.882735,2.21094
95,"Rue des Alouettes",92000,92050,Nanterre,1,0,0,"Plutôt à droite","Quartier plus populaire",39,11.54,18.95,9,48.882704,2.210781
98,"Rue de Suresnes",92000,92050,Nanterre,1,0,0,"Plutôt à droite","Quartier plus populaire",39,11.54,18.95,13,48.884344,2.213975
1,"Boulevard François-Vincent Raspail",92000,92050,Nanterre,1,0,0,"Plutôt à droite","Revenu moyen",39,14.41,24.25,7,48.896198,2.207653
1,"Rue Claude Debussy",92000,92050,Nanterre,1,0,0,"Plutôt à droite","Quartier aisé",39,14.41,24.25,8,48.895308,2.205911
1,"Rue Maurice Ravel",92000,92050,Nanterre,1,0,0,"Plutôt à droite","Revenu moyen",39,14.41,24.25,9,48.897362,2.204326
1,"Rue Paul Bert",92000,92050,Nanterre,1,0,0,"Plutôt à droite","Quartier aisé",39,14.41,24.25,8,48.896775,2.201588
1,"Rue Rigault",92000,92050,Nanterre,1,0,0,"Plutôt à droite","Revenu moyen",39,14.41,24.25,13,48.89318,2.197886
1,"Rue Victor Hugo",92000,92050,Nanterre,1,0,0,"Plutôt à droite","Quartier plus populaire",39,14.41,24.25,9,48.895029,2.198131
1bis,"Rue Maurice Ravel",92000,92050,Nanterre,2,0,0,"Plutôt à droite","Revenu moyen",39,14.41,24.25,9,48.897392,2.204379
10,"Rue Alexandre Dumas",92000,92050,Nanterre,1,0,0,"Plutôt à droite","Revenu moyen",39,14.41,24.25,9,48.896596,2.205905
10,"Rue Charles Gounod",92000,92050,Nanterre,1,0,0,"Plutôt à droite","Revenu moyen",39,14.41,24.25,9,48.897112,2.204673
10,"Rue Claude Debussy",92000,92050,Nanterre,1,0,0,"Plutôt à droite","Quartier aisé",39,14.41,24.25,8,48.895839,2.205756
10,"Rue du Sergent Bobillot",92000,92050,Nanterre,1,0,0,"Plutôt à droite","Quartier aisé",39,14.41,24.25,8,48.894762,2.200905
10,"Rue Maurice Ravel",92000,92050,Nanterre,2,0,0,"Plutôt à droite","Revenu moyen",39,14.41,24.25,9,48.897525,2.205327
10,"Rue Mozart",92000,92050,Nanterre,1,0,0,"Plutôt à droite","Revenu moyen",39,14.41,24.25,9,48.896662,2.203968
10,"Rue Pascal",92000,92050,Nanterre,1,0,0,"Plutôt à droite","Quartier aisé",39,14.41,24.25,8,48.895243,2.199007
10,"Rue Paul Bert",92000,92050,Nanterre,1,0,0,"Plutôt à droite","Quartier aisé",39,14.41,24.25,8,48.896412,2.201665
10,"Rue Victor Hugo",92000,92050,Nanterre,1,0,0,"Plutôt à droite","Quartier aisé",39,14.41,24.25,8,48.894639,2.19934
100,"Rue Pascal",92000,92050,Nanterre,1,0,0,"Plutôt à droite","Revenu moyen",39,14.41,24.25,9,48.897907,2.204888
102,"Rue Pascal",92000,92050,Nanterre,2,0,0,"Plutôt à droite","Revenu moyen",39,14.41,24.25,9,48.897961,2.204974
102,"Rue Raymond Barbet",92000,92050,Nanterre,1,0,0,"Plutôt à droite","Quartier aisé",39,14.41,24.25,7,48.894893,2.20315
104,"Rue Pascal",92000,92050,Nanterre,1,0,0,"Plutôt à droite","Revenu moyen",39,14.41,24.25,9,48.897987,2.205214
104,"Rue Raymond Barbet",92000,92050,Nanterre,1,0,0,"Plutôt à droite","Quartier aisé",39,14.41,24.25,7,48.895017,2.203191
107,"Rue Raymond Barbet",92000,92050,Nanterre,1,0,0,"Plutôt à droite","Quartier aisé",39,14.41,24.25,7,48.895334,2.202983
108,"Rue Pascal",92000,92050,Nanterre,1,0,0,"Plutôt à droite","Quartier plus populaire",39,14.41,24.25,7,48.898108,2.205427
108,"Rue Raymond Barbet",92000,92050,Nanterre,1,0,0,"Plutôt à droite","Quartier aisé",39,14.41,24.25,7,48.894838,2.203795
10bis,"Rue Rigault",92000,92050,Nanterre,1,0,0,"Plutôt à droite","Revenu moyen",39,14.41,24.25,13,48.89381,2.197981
10bis,"Rue Victor Hugo",92000,92050,Nanterre,1,0,0,"Plutôt à droite","Quartier aisé",39,14.41,24.25,8,48.894527,2.199656
11,"Rue Charles Gounod",92000,92050,Nanterre,1,0,0,"Plutôt à droite","Revenu moyen",39,14.41,24.25,9,48.896922,2.204461
11,"Rue Claude Debussy",92000,92050,Nanterre,1,0,0,"Plutôt à droite","Quartier aisé",39,14.41,24.25,8,48.895675,2.205474
11,"Rue de Pongerville",92000,92050,Nanterre,1,0,0,"Plutôt à droite","Quartier plus populaire",39,14.41,24.25,9,48.894342,2.196971
11,"Rue Maurice Ravel",92000,92050,Nanterre,1,0,0,"Plutôt à droite","Revenu moyen",39,14.41,24.25,9,48.897825,2.205391
11,"Rue Mozart",92000,92050,Nanterre,1,0,0,"Plutôt à droite","Quartier aisé",39,14.41,24.25,8,48.896317,2.203533
11,"Rue Pascal",92000,92050,Nanterre,1,0,0,"Plutôt à droite","Quartier aisé",39,14.41,24.25,8,48.895451,2.198794
11,"Rue Paul Bert",92000,92050,Nanterre,1,0,0,"Plutôt à droite","Quartier aisé",39,14.41,24.25,8,48.896628,2.202028
11,"Rue Rigault",92000,92050,Nanterre,1,0,0,"Plutôt à droite","Revenu moyen",39,14.41,24.25,13,48.893876,2.197585
11,"Rue Victor Hugo",92000,92050,Nanterre,1,0,0,"Plutôt à droite","Quartier aisé",39,14.41,24.25,8,48.894375,2.200907
110,"Rue Pascal",92000,92050,Nanterre,1,0,0,"Plutôt à droite","Quartier plus populaire",39,14.41,24.25,7,48.898125,2.205615
110,"Rue Raymond Barbet",92000,92050,Nanterre,1,0,0,"Plutôt à droite","Quartier aisé",39,14.41,24.25,7,48.895074,2.203392
112,"Rue Pascal",92000,92050,Nanterre,1,0,0,"Plutôt à droite","Quartier plus populaire",39,14.41,24.25,7,48.898192,2.205846
112,"Rue Raymond Barbet",92000,92050,Nanterre,1,0,0,"Plutôt à droite","Quartier aisé",39,14.41,24.25,7,48.895192,2.203362
114,"Rue Raymond Barbet",92000,92050,Nanterre,1,0,0,"Plutôt à droite","Quartier aisé",39,14.41,24.25,7,48.89526,2.203421
116,"Rue Raymond Barbet",92000,92050,Nanterre,1,0,0,"Plutôt à droite","Quartier aisé",39,14.41,24.25,7,48.895296,2.20347
118,"Rue Raymond Barbet",92000,92050,Nanterre,1,0,0,"Plutôt à droite","Quartier aisé",39,14.41,24.25,7,48.895334,2.203572
11bis,"Rue de Pongerville",92000,92050,Nanterre,1,0,0,"Plutôt à droite","Quartier plus populaire",39,14.41,24.25,9,48.894463,2.197054
11bis,"Rue Rigault",92000,92050,Nanterre,1,0,0,"Plutôt à droite","Quartier plus populaire",39,14.41,24.25,9,48.894042,2.197431
12,"Rue Alexandre Dumas",92000,92050,Nanterre,1,0,0,"Plutôt à droite","Revenu moyen",39,14.41,24.25,9,48.896535,2.20599
12,"Rue Claude Debussy",92000,92050,Nanterre,1,0,0,"Plutôt à droite","Quartier aisé",39,14.41,24.25,8,48.895897,2.205682
12,"Rue du Sergent Bobillot",92000,92050,Nanterre,1,0,0,"Plutôt à droite","Quartier aisé",39,14.41,24.25,8,48.894896,2.200914
12,"Rue Maurice Ravel",92000,92050,Nanterre,1,0,0,"Plutôt à droite","Revenu moyen",39,14.41,24.25,9,48.897487,2.205427
12,"Rue Mozart",92000,92050,Nanterre,1,0,0,"Plutôt à droite","Revenu moyen",39,14.41,24.25,9,48.896466,2.203792
12,"Rue Pascal",92000,92050,Nanterre,1,0,0,"Plutôt à droite","Quartier aisé",39,14.41,24.25,8,48.895274,2.199365
12,"Rue Paul Bert",92000,92050,Nanterre,1,0,0,"Plutôt à droite","Quartier aisé",39,14.41,24.25,8,48.896382,2.201752
12,"Rue Rigault",92000,92050,Nanterre,1,0,0,"Plutôt à droite","Quartier plus populaire",39,14.41,24.25,9,48.89399,2.198058
12,"Rue Victor Hugo",92000,92050,Nanterre,3,0,0,"Plutôt à droite","Quartier aisé",39,14.41,24.25,8,48.894477,2.199782
120,"Rue Raymond Barbet",92000,92050,Nanterre,1,0,0,"Plutôt à droite","Quartier aisé",39,14.41,24.25,7,48.8954,2.203632
121,"Rue Raymond Barbet",92000,92050,Nanterre,1,0,0,"Plutôt à droite","Quartier aisé",39,14.41,24.25,8,48.895941,2.203802
123,"Rue Raymond Barbet",92000,92050,Nanterre,1,0,0,"Plutôt à droite","Quartier aisé",39,14.41,24.25,8,48.896028,2.203836
124,"Rue Raymond Barbet",92000,92050,Nanterre,1,0,0,"Plutôt à droite","Quartier aisé",39,14.41,24.25,7,48.895471,2.203658
125,"Rue Raymond Barbet",92000,92050,Nanterre,1,0,0,"Plutôt à droite","Quartier aisé",39,14.41,24.25,8,48.89609,2.203919
128,"Rue Raymond Barbet",92000,92050,Nanterre,1,0,0,"Plutôt à droite","Quartier aisé",39,14.41,24.25,7,48.895589,2.203782
13,"Rue Alexandre Dumas",92000,92050,Nanterre,1,0,0,"Plutôt à droite","Quartier plus populaire",39,14.41,24.25,14,48.896545,2.206495
13,"Rue Claude Debussy",92000,92050,Nanterre,1,0,0,"Plutôt à droite","Quartier aisé",39,14.41,24.25,8,48.895505,2.205326
13,"Rue Mozart",92000,92050,Nanterre,1,0,0,"Plutôt à droite","Quartier aisé",39,14.41,24.25,8,48.896384,2.203413
130,"Rue Raymond Barbet",92000,92050,Nanterre,11,0,0,"Plutôt à droite","Quartier aisé",39,14.41,24.25,8,48.895602,2.204004
131,"Rue Raymond Barbet",92000,92050,Nanterre,1,0,0,"Plutôt à droite","Revenu moyen",39,14.41,24.25,9,48.896369,2.204344
136,"Rue Raymond Barbet",92000,92050,Nanterre,2,0,0,"Plutôt à droite","Quartier aisé",39,14.41,24.25,8,48.89577,2.204234
139,"Rue Raymond Barbet",92000,92050,Nanterre,1,0,0,"Plutôt à droite","Revenu moyen",39,14.41,24.25,9,48.896721,2.204719
13bis,"Rue Paul Bert",92000,92050,Nanterre,1,0,0,"Plutôt à droite","Quartier aisé",39,14.41,24.25,8,48.8966,2.202144
14,"Rue Alexandre Dumas",92000,92050,Nanterre,1,0,0,"Plutôt à droite","Revenu moyen",39,14.41,24.25,9,48.896423,2.20602
14,"Rue Charles Gounod",92000,92050,Nanterre,1,0,0,"Plutôt à droite","Revenu moyen",39,14.41,24.25,9,48.897197,2.20459
14,"Rue Claude Debussy",92000,92050,Nanterre,1,0,0,"Plutôt à droite","Quartier aisé",39,14.41,24.25,8,48.896025,2.205525
14,"Rue du Sergent Bobillot",92000,92050,Nanterre,1,0,0,"Plutôt à droite","Quartier aisé",39,14.41,24.25,8,48.894952,2.200966
14,"Rue Mozart",92000,92050,Nanterre,1,0,0,"Plutôt à droite","Revenu moyen",39,14.41,24.25,9,48.896526,2.20373
14,"Rue Paul Bert",92000,92050,Nanterre,1,0,0,"Plutôt à droite","Quartier aisé",39,14.41,24.25,8,48.896336,2.201834
14,"Rue Rigault",92000,92050,Nanterre,1,0,0,"Plutôt à droite","Quartier plus populaire",39,14.41,24.25,9,48.894036,2.197952
14,"Rue Victor Hugo",92000,92050,Nanterre,1,0,0,"Plutôt à droite","Quartier aisé",39,14.41,24.25,8,48.894368,2.199873
140,"Rue Raymond Barbet",92000,92050,Nanterre,1,0,0,"Plutôt à droite","Quartier aisé",39,14.41,24.25,8,48.895893,2.204235
144,"Rue Raymond Barbet",92000,92050,Nanterre,1,0,0,"Plutôt à droite","Quartier aisé",39,14.41,24.25,8,48.895981,2.20436
145,"Rue Raymond Barbet",92000,92050,Nanterre,1,0,0,"Plutôt à droite","Revenu moyen",39,14.41,24.25,9,48.897006,2.205177
146,"Rue Raymond Barbet",92000,92050,Nanterre,1,0,0,"Plutôt à droite","Quartier aisé",39,14.41,24.25,8,48.896026,2.204493
147,"Rue Raymond Barbet",92000,92050,Nanterre,1,0,0,"Plutôt à droite","Revenu moyen",39,14.41,24.25,9,48.897122,2.205275
148,"Rue Raymond Barbet",92000,92050,Nanterre,1,0,0,"Plutôt à droite","Quartier aisé",39,14.41,24.25,8,48.896095,2.204564
149,"Rue Raymond Barbet",92000,92050,Nanterre,1,0,0,"Plutôt à droite","Revenu moyen",39,14.41,24.25,9,48.897195,2.205524
15,"Rue Charles Gounod",92000,92050,Nanterre,1,0,0,"Plutôt à droite","Revenu moyen",39,14.41,24.25,9,48.896887,2.204298
15,"Rue Claude Debussy",92000,92050,Nanterre,1,0,0,"Plutôt à droite","Quartier aisé",39,14.41,24.25,8,48.895464,2.205255
15,"Rue de Pongerville",92000,92050,Nanterre,1,0,0,"Plutôt à droite","Quartier plus populaire",39,14.41,24.25,9,48.894557,2.197107
15,"Rue Maurice Ravel",92000,92050,Nanterre,2,1,0,"Plutôt à droite","Revenu moyen",39,14.41,24.25,9,48.897728,2.205645
15,"Rue Mozart",92000,92050,Nanterre,1,0,0,"Plutôt à droite","Quartier aisé",39,14.41,24.25,8,48.896428,2.203362
15,"Rue Pascal",92000,92050,Nanterre,1,0,0,"Plutôt à droite","Quartier aisé",39,14.41,24.25,8,48.895512,2.198853
15,"Rue Paul Bert",92000,92050,Nanterre,2,0,0,"Plutôt à droite","Quartier aisé",39,14.41,24.25,8,48.896479,2.202267
15,"Rue Victor Hugo",92000,92050,Nanterre,1,0,0,"Plutôt à droite","Quartier aisé",39,14.41,24.25,8,48.894307,2.201147
152,"Rue Raymond Barbet",92000,92050,Nanterre,1,0,0,"Plutôt à droite","Revenu moyen",39,14.41,24.25,9,48.896203,2.204685
153,"Rue Raymond Barbet",92000,92050,Nanterre,2,0,0,"Plutôt à droite","Revenu moyen",39,14.41,24.25,9,48.897272,2.205666
155,"Rue Raymond Barbet",92000,92050,Nanterre,1,0,0,"Plutôt à droite","Revenu moyen",39,14.41,24.25,9,48.897418,2.205951
157,"Rue Raymond Barbet",92000,92050,Nanterre,1,0,0,"Plutôt à droite","Revenu moyen",39,14.41,24.25,9,48.897483,2.20604
159bis,"Rue Raymond Barbet",92000,92050,Nanterre,2,0,0,"Plutôt à droite","Revenu moyen",39,14.41,24.25,9,48.897622,2.20624
15bis,"Boulevard François-Vincent Raspail",92000,92050,Nanterre,1,0,0,"Plutôt à droite","Quartier plus populaire",39,14.41,24.25,14,48.897212,2.206404
15bis,"Rue Claude Debussy",92000,92050,Nanterre,1,0,0,"Plutôt à droite","Quartier aisé",39,14.41,24.25,8,48.895489,2.20494
15bis,"Rue Paul Bert",92000,92050,Nanterre,1,0,0,"Plutôt à droite","Quartier aisé",39,14.41,24.25,8,48.896333,2.202252
16,"Rue Alexandre Dumas",92000,92050,Nanterre,1,0,0,"Plutôt à droite","Revenu moyen",39,14.41,24.25,9,48.896438,2.206182
16,"Rue Claude Debussy",92000,92050,Nanterre,1,0,0,"Plutôt à droite","Quartier aisé",39,14.41,24.25,8,48.896084,2.205449
16,"Rue Mozart",92000,92050,Nanterre,1,0,0,"Plutôt à droite","Quartier aisé",39,14.41,24.25,8,48.8966,2.203687
16,"Rue Pascal",92000,92050,Nanterre,1,0,0,"Plutôt à droite","Quartier aisé",39,14.41,24.25,8,48.895353,2.199697
16,"Rue Paul Bert",92000,92050,Nanterre,1,0,0,"Plutôt à droite","Quartier aisé",39,14.41,24.25,8,48.89628,2.201876
16,"Rue Rigault",92000,92050,Nanterre,1,0,0,"Plutôt à droite","Quartier plus populaire",39,14.41,24.25,9,48.894285,2.197942
16,"Rue Victor Hugo",92000,92050,Nanterre,1,0,0,"Plutôt à droite","Quartier aisé",39,14.41,24.25,8,48.894315,2.200233
164,"Rue Raymond Barbet",92000,92050,Nanterre,1,0,0,"Plutôt à droite","Revenu moyen",39,14.41,24.25,9,48.89646,2.205072
17,"Rue Alexandre Dumas",92000,92050,Nanterre,1,0,0,"Plutôt à droite","Quartier plus populaire",39,14.41,24.25,14,48.896389,2.206617
17,"Rue Charles Gounod",92000,92050,Nanterre,1,0,0,"Plutôt à droite","Revenu moyen",39,14.41,24.25,9,48.897019,2.20434
17,"Rue Claude Debussy",92000,92050,Nanterre,1,0,0,"Plutôt à droite","Quartier aisé",39,14.41,24.25,8,48.895718,2.204911
17,"Rue de Pongerville",92000,92050,Nanterre,1,0,0,"Plutôt à droite","Quartier plus populaire",39,14.41,24.25,9,48.89463,2.197313
17,"Rue du Sergent Bobillot",92000,92050,Nanterre,1,0,0,"Plutôt à droite","Quartier aisé",39,14.41,24.25,8,48.895287,2.200967
17,"Rue Maurice Ravel",92000,92050,Nanterre,1,1,0,"Plutôt à droite","Revenu moyen",39,14.41,24.25,9,48.897691,2.205703
17,"Rue Pascal",92000,92050,Nanterre,1,0,0,"Plutôt à droite","Quartier aisé",39,14.41,24.25,8,48.895564,2.198904
17,"Rue Paul Bert",92000,92050,Nanterre,1,0,0,"Plutôt à droite","Quartier aisé",39,14.41,24.25,8,48.89626,2.202312
172,"Rue Raymond Barbet",92000,92050,Nanterre,1,0,0,"Plutôt à droite","Revenu moyen",39,14.41,24.25,9,48.896423,2.205337
174,"Rue Raymond Barbet",92000,92050,Nanterre,1,0,0,"Plutôt à droite","Revenu moyen",39,14.41,24.25,9,48.896679,2.205281
176,"Rue Raymond Barbet",92000,92050,Nanterre,1,0,0,"Plutôt à droite","Quartier aisé",39,14.41,24.25,8,48.89589,2.206261
178,"Rue Raymond Barbet",92000,92050,Nanterre,1,0,0,"Plutôt à droite","Quartier aisé",39,14.41,24.25,8,48.896191,2.205998
17bis,"Rue Alexandre Dumas",92000,92050,Nanterre,1,0,0,"Plutôt à droite","Quartier plus populaire",39,14.41,24.25,14,48.896387,2.206757
17bis,"Rue du Sergent Bobillot",92000,92050,Nanterre,1,0,0,"Plutôt à droite","Quartier aisé",39,14.41,24.25,8,48.895351,2.200908
17bis,"Rue Paul Bert",92000,92050,Nanterre,1,0,0,"Plutôt à droite","Quartier aisé",39,14.41,24.25,8,48.89624,2.202477
17ter,"Rue du Sergent Bobillot",92000,92050,Nanterre,1,0,0,"Plutôt à droite","Quartier aisé",39,14.41,24.25,8,48.895384,2.200955
18,"Rue Alexandre Dumas",92000,92050,Nanterre,1,0,0,"Plutôt à droite","Revenu moyen",39,14.41,24.25,9,48.896348,2.206237
18,"Rue Claude Debussy",92000,92050,Nanterre,1,0,0,"Plutôt à droite","Quartier aisé",39,14.41,24.25,8,48.896195,2.205304
18,"Rue Pascal",92000,92050,Nanterre,1,0,0,"Plutôt à droite","Quartier aisé",39,14.41,24.25,8,48.895506,2.199197
18,"Rue Rigault",92000,92050,Nanterre,1,0,0,"Plutôt à droite","Quartier plus populaire",39,14.41,24.25,9,48.894332,2.19788
18,"Rue Victor Hugo",92000,92050,Nanterre,1,0,0,"Plutôt à droite","Quartier aisé",39,14.41,24.25,8,48.894284,2.200333
180,"Rue Raymond Barbet",92000,92050,Nanterre,1,0,0,"Plutôt à droite","Revenu moyen",39,14.41,24.25,9,48.896715,2.205527
184,"Rue Raymond Barbet",92000,92050,Nanterre,1,0,0,"Plutôt à droite","Revenu moyen",39,14.41,24.25,9,48.896854,2.205566
188,"Rue Raymond Barbet",92000,92050,Nanterre,1,0,0,"Plutôt à droite","Revenu moyen",39,14.41,24.25,9,48.897069,2.205917
19,"Rue Alexandre Dumas",92000,92050,Nanterre,1,0,0,"Plutôt à droite","Revenu moyen",39,14.41,24.25,7,48.896319,2.206802
19,"Rue Charles Gounod",92000,92050,Nanterre,1,0,0,"Plutôt à droite","Revenu moyen",39,14.41,24.25,9,48.896989,2.204134
19,"Rue Claude Debussy",92000,92050,Nanterre,1,0,0,"Plutôt à droite","Quartier aisé",39,14.41,24.25,8,48.895769,2.204993
19,"Rue de Pongerville",92000,92050,Nanterre,1,0,0,"Plutôt à droite","Quartier plus populaire",39,14.41,24.25,9,48.894706,2.197342
19,"Rue Maurice Ravel",92000,92050,Nanterre,3,1,0,"Plutôt à droite","Revenu moyen",39,14.41,24.25,9,48.897654,2.205748
19,"Rue Mozart",92000,92050,Nanterre,1,0,0,"Plutôt à droite","Quartier aisé",39,14.41,24.25,8,48.896512,2.203214
19,"Rue Paul Bert",92000,92050,Nanterre,1,0,0,"Plutôt à droite","Quartier aisé",39,14.41,24.25,8,48.89617,2.202564
19,"Rue Victor Hugo",92000,92050,Nanterre,1,0,0,"Plutôt à droite","Quartier aisé",39,14.41,24.25,7,48.894208,2.201476
190,"Rue Raymond Barbet",92000,92050,Nanterre,1,0,0,"Plutôt à droite","Revenu moyen",39,14.41,24.25,9,48.897113,2.206064
192,"Rue Raymond Barbet",92000,92050,Nanterre,1,0,0,"Plutôt à droite","Revenu moyen",39,14.41,24.25,9,48.897151,2.206133
194,"Rue Raymond Barbet",92000,92050,Nanterre,1,0,0,"Plutôt à droite","Revenu moyen",39,14.41,24.25,9,48.897224,2.206167
19bis,"Rue du Sergent Bobillot",92000,92050,Nanterre,1,0,0,"Plutôt à droite","Quartier aisé",39,14.41,24.25,8,48.895558,2.200963
1bis,"Rue de Pongerville",92000,92050,Nanterre,3,0,0,"Plutôt à droite","Quartier plus populaire",39,14.41,24.25,9,48.89397,2.196692
1bis,"Rue Rigault",92000,92050,Nanterre,1,0,0,"Plutôt à droite","Revenu moyen",39,14.41,24.25,13,48.893379,2.197872
2,"Rue Charles Gounod",92000,92050,Nanterre,1,0,0,"Plutôt à droite","Revenu moyen",39,14.41,24.25,9,48.896883,2.204958
2,"Rue de Pongerville",92000,92050,Nanterre,1,0,0,"Plutôt à droite","Quartier plus populaire",39,14.41,24.25,9,48.893856,2.196982
2,"Rue du Sergent Bobillot",92000,92050,Nanterre,2,0,0,"Plutôt à droite","Quartier aisé",39,14.41,24.25,8,48.89454,2.20042
2,"Rue Maurice Ravel",92000,92050,Nanterre,1,0,0,"Plutôt à droite","Revenu moyen",39,14.41,24.25,9,48.897236,2.20454
2,"Rue Mozart",92000,92050,Nanterre,2,0,0,"Plutôt à droite","Revenu moyen",39,14.41,24.25,9,48.896287,2.204275
2,"Rue Victor Hugo",92000,92050,Nanterre,1,0,0,"Plutôt à droite","Quartier plus populaire",39,14.41,24.25,9,48.894697,2.197898
20,"Rue Alexandre Dumas",92000,92050,Nanterre,1,0,0,"Plutôt à droite","Quartier aisé",39,14.41,24.25,8,48.896305,2.206318
20,"Rue Claude Debussy",92000,92050,Nanterre,1,0,0,"Plutôt à droite","Revenu moyen",39,14.41,24.25,9,48.896283,2.205216
20,"Rue du Sergent Bobillot",92000,92050,Nanterre,1,0,0,"Plutôt à droite","Quartier aisé",39,14.41,24.25,8,48.895106,2.201147
20,"Rue Pascal",92000,92050,Nanterre,1,0,0,"Plutôt à droite","Quartier aisé",39,14.41,24.25,8,48.895559,2.199273
20,"Rue Paul Bert",92000,92050,Nanterre,1,0,0,"Plutôt à droite","Quartier aisé",39,14.41,24.25,8,48.896036,2.202216
20,"Rue Victor Hugo",92000,92050,Nanterre,1,0,0,"Plutôt à droite","Quartier aisé",39,14.41,24.25,8,48.894216,2.200586
21,"Rue Alexandre Dumas",92000,92050,Nanterre,1,0,0,"Plutôt à droite","Revenu moyen",39,14.41,24.25,7,48.89624,2.206817
21,"Rue du Sergent Bobillot",92000,92050,Nanterre,1,0,0,"Plutôt à droite","Quartier aisé",39,14.41,24.25,7,48.895617,2.201142
21,"Rue Paul Bert",92000,92050,Nanterre,1,0,0,"Plutôt à droite","Quartier aisé",39,14.41,24.25,8,48.89613,2.202613
21,"Rue Rigault",92000,92050,Nanterre,1,0,0,"Plutôt à droite","Quartier plus populaire",39,14.41,24.25,9,48.894882,2.197377
21,"Rue Victor Hugo",92000,92050,Nanterre,1,0,0,"Plutôt à droite","Revenu moyen",39,14.41,24.25,10,48.894158,2.201633
21bis,"Rue du Sergent Bobillot",92000,92050,Nanterre,2,0,0,"Plutôt à droite","Quartier aisé",39,14.41,24.25,8,48.895749,2.200762
21ter,"Rue du Sergent Bobillot",92000,92050,Nanterre,4,0,0,"Plutôt à droite","Quartier aisé",39,14.41,24.25,8,48.895815,2.200855
21bis,"Rue Rigault",92000,92050,Nanterre,1,0,0,"Plutôt à droite","Quartier plus populaire",39,14.41,24.25,9,48.894865,2.197203
22,"Rue Alexandre Dumas",92000,92050,Nanterre,1,0,0,"Plutôt à droite","Quartier aisé",39,14.41,24.25,8,48.896268,2.206385
22,"Rue Charles Gounod",92000,92050,Nanterre,1,0,0,"Plutôt à droite","Revenu moyen",39,14.41,24.25,9,48.897599,2.204035
22,"Rue du Sergent Bobillot",92000,92050,Nanterre,1,0,0,"Plutôt à droite","Quartier aisé",39,14.41,24.25,7,48.895166,2.201225
22,"Rue Mozart",92000,92050,Nanterre,1,0,0,"Plutôt à droite","Quartier aisé",39,14.41,24.25,8,48.896667,2.203491
22,"Rue Pascal",92000,92050,Nanterre,1,0,0,"Plutôt à droite","Quartier aisé",39,14.41,24.25,8,48.895619,2.199394
22,"Rue Paul Bert",92000,92050,Nanterre,1,0,0,"Plutôt à droite","Quartier aisé",39,14.41,24.25,7,48.89597,2.20234
22,"Rue Rigault",92000,92050,Nanterre,1,0,0,"Plutôt à droite","Quartier plus populaire",39,14.41,24.25,9,48.894978,2.197608
22,"Rue Victor Hugo",92000,92050,Nanterre,1,0,0,"Plutôt à droite","Quartier aisé",39,14.41,24.25,8,48.894176,2.200697
22bis,"Rue du Sergent Bobillot",92000,92050,Nanterre,1,0,0,"Plutôt à droite","Quartier aisé",39,14.41,24.25,7,48.895214,2.201305
23,"Boulevard François-Vincent Raspail",92000,92050,Nanterre,1,0,0,"Plutôt à droite","Revenu moyen",39,14.41,24.25,9,48.897791,2.206176
23,"Rue Alexandre Dumas",92000,92050,Nanterre,1,0,0,"Plutôt à droite","Revenu moyen",39,14.41,24.25,7,48.896191,2.206873
23,"Rue Charles Gounod",92000,92050,Nanterre,1,0,0,"Plutôt à droite","Revenu moyen",39,14.41,24.25,9,48.897137,2.204191
23,"Rue du Sergent Bobillot",92000,92050,Nanterre,1,0,0,"Plutôt à droite","Quartier aisé",39,14.41,24.25,7,48.895663,2.201226
23,"Rue Mozart",92000,92050,Nanterre,1,0,0,"Plutôt à droite","Quartier aisé",39,14.41,24.25,8,48.896595,2.203101
23,"Rue Paul Bert",92000,92050,Nanterre,1,0,0,"Plutôt à droite","Quartier aisé",39,14.41,24.25,7,48.896054,2.202727
23,"Rue Rigault",92000,92050,Nanterre,1,0,0,"Plutôt à droite","Quartier plus populaire",39,14.41,24.25,9,48.894944,2.197151
23,"Rue Victor Hugo",92000,92050,Nanterre,1,0,0,"Plutôt à droite","Revenu moyen",39,14.41,24.25,10,48.89404,2.201914
24,"Rue Alexandre Dumas",92000,92050,Nanterre,1,0,0,"Plutôt à droite","Quartier aisé",39,14.41,24.25,8,48.896221,2.206486
24,"Rue du Sergent Bobillot",92000,92050,Nanterre,1,0,0,"Plutôt à droite","Quartier aisé",39,14.41,24.25,7,48.895276,2.201352
24,"Rue Mozart",92000,92050,Nanterre,1,0,0,"Plutôt à droite","Quartier aisé",39,14.41,24.25,8,48.896723,2.203424
24,"Rue Pascal",92000,92050,Nanterre,1,0,0,"Plutôt à droite","Quartier aisé",39,14.41,24.25,8,48.895699,2.199499
24,"Rue Paul Bert",92000,92050,Nanterre,1,0,0,"Plutôt à droite","Quartier aisé",39,14.41,24.25,7,48.895905,2.202432
24,"Rue Victor Hugo",92000,92050,Nanterre,1,0,0,"Plutôt à droite","Quartier aisé",39,14.41,24.25,8,48.894145,2.200845
24bis,"Rue Rigault",92000,92050,Nanterre,1,0,0,"Plutôt à droite","Quartier plus populaire",39,14.41,24.25,9,48.895276,2.197715
25,"Boulevard François-Vincent Raspail",92000,92050,Nanterre,1,0,0,"Plutôt à droite","Revenu moyen",39,14.41,24.25,9,48.897913,2.206208
25,"Rue Alexandre Dumas",92000,92050,Nanterre,1,0,0,"Plutôt à droite","Revenu moyen",39,14.41,24.25,7,48.896137,2.206945
25,"Rue Charles Gounod",92000,92050,Nanterre,1,0,0,"Plutôt à droite","Revenu moyen",39,14.41,24.25,9,48.897182,2.204143
25,"Rue Claude Debussy",92000,92050,Nanterre,1,0,0,"Plutôt à droite","Quartier aisé",39,14.41,24.25,8,48.895938,2.205188
25,"Rue du Sergent Bobillot",92000,92050,Nanterre,1,0,0,"Plutôt à droite","Quartier aisé",39,14.41,24.25,7,48.895699,2.201279
25,"Rue Mozart",92000,92050,Nanterre,1,0,0,"Plutôt à droite","Quartier aisé",39,14.41,24.25,8,48.896659,2.20299
25,"Rue Paul Bert",92000,92050,Nanterre,1,0,0,"Plutôt à droite","Quartier aisé",39,14.41,24.25,7,48.895965,2.202837
26,"Rue Alexandre Dumas",92000,92050,Nanterre,1,0,0,"Plutôt à droite","Revenu moyen",39,14.41,24.25,7,48.896108,2.206557
26,"Rue du Sergent Bobillot",92000,92050,Nanterre,1,0,0,"Plutôt à droite","Quartier aisé",39,14.41,24.25,7,48.895314,2.201446
26,"Rue Pascal",92000,92050,Nanterre,1,0,0,"Plutôt à droite","Quartier aisé",39,14.41,24.25,8,48.895795,2.199578
26,"Rue Paul Bert",92000,92050,Nanterre,1,0,0,"Plutôt à droite","Quartier aisé",39,14.41,24.25,7,48.895834,2.202523
26,"Rue Rigault",92000,92050,Nanterre,1,0,0,"Plutôt à droite","Quartier plus populaire",39,14.41,24.25,9,48.895372,2.197616
26,"Rue Victor Hugo",92000,92050,Nanterre,1,0,0,"Plutôt à droite","Revenu moyen",39,14.41,24.25,9,48.894098,2.200956
27,"Boulevard François-Vincent Raspail",92000,92050,Nanterre,1,0,0,"Plutôt à droite","Quartier plus populaire",39,14.41,24.25,14,48.898032,2.206235
27,"Rue Alexandre Dumas",92000,92050,Nanterre,1,0,0,"Plutôt à droite","Revenu moyen",39,14.41,24.25,7,48.896071,2.207013
27,"Rue Claude Debussy",92000,92050,Nanterre,1,0,0,"Plutôt à droite","Quartier aisé",39,14.41,24.25,8,48.89603,2.20506
27,"Rue du Sergent Bobillot",92000,92050,Nanterre,1,0,0,"Plutôt à droite","Quartier aisé",39,14.41,24.25,7,48.895758,2.201374
27bis,"Rue Mozart",92000,92050,Nanterre,1,0,0,"Plutôt à droite","Quartier aisé",39,14.41,24.25,8,48.896706,2.202911
27bis,"Rue Paul Bert",92000,92050,Nanterre,1,0,0,"Plutôt à droite","Quartier aisé",39,14.41,24.25,7,48.895848,2.202984
28,"Rue du Sergent Bobillot",92000,92050,Nanterre,1,0,0,"Plutôt à droite","Quartier aisé",39,14.41,24.25,7,48.895377,2.201541
28,"Rue Mozart",92000,92050,Nanterre,1,0,0,"Plutôt à droite","Quartier aisé",39,14.41,24.25,8,48.896813,2.20331
28,"Rue Pascal",92000,92050,Nanterre,1,0,0,"Plutôt à droite","Revenu moyen",39,14.41,24.25,8,48.895881,2.199639
28,"Rue Paul Bert",92000,92050,Nanterre,1,0,0,"Plutôt à droite","Quartier aisé",39,14.41,24.25,7,48.895765,2.202643
28,"Rue Victor Hugo",92000,92050,Nanterre,1,0,0,"Plutôt à droite","Revenu moyen",39,14.41,24.25,9,48.893913,2.201033
28bis,"Rue Victor Hugo",92000,92050,Nanterre,1,0,0,"Plutôt à droite","Revenu moyen",39,14.41,24.25,9,48.89404,2.201136
29,"Boulevard François-Vincent Raspail",92000,92050,Nanterre,1,0,0,"Plutôt à droite","Quartier plus populaire",39,14.41,24.25,11,48.898161,2.206319
29,"Rue Alexandre Dumas",92000,92050,Nanterre,1,0,0,"Plutôt à droite","Revenu moyen",39,14.41,24.25,7,48.896009,2.207144
29,"Rue Claude Debussy",92000,92050,Nanterre,1,0,0,"Plutôt à droite","Revenu moyen",39,14.41,24.25,9,48.896245,2.204791
29,"Rue du Sergent Bobillot",92000,92050,Nanterre,1,0,0,"Plutôt à droite","Quartier aisé",39,14.41,24.25,7,48.89585,2.201487
29,"Rue Pascal",92000,92050,Nanterre,1,0,0,"Plutôt à droite","Revenu moyen",39,14.41,24.25,8,48.896048,2.199364
29,"Rue Paul Bert",92000,92050,Nanterre,1,0,0,"Plutôt à droite","Quartier aisé",39,14.41,24.25,7,48.895804,2.203062
29,"Rue Rigault",92000,92050,Nanterre,1,0,0,"Plutôt à droite","Quartier plus populaire",39,14.41,24.25,9,48.89496,2.197042
2bis,"Rue Victor Hugo",92000,92050,Nanterre,1,0,0,"Plutôt à droite","Quartier plus populaire",39,14.41,24.25,9,48.894686,2.198108
2ter,"Rue Victor Hugo",92000,92050,Nanterre,1,0,0,"Plutôt à droite","Quartier plus populaire",39,14.41,24.25,9,48.894677,2.198287
3,"Rue Alexandre Dumas",92000,92050,Nanterre,1,0,0,"Plutôt à droite","Revenu moyen",39,14.41,24.25,9,48.896962,2.205912
3,"Rue Claude Debussy",92000,92050,Nanterre,1,0,0,"Plutôt à droite","Quartier aisé",39,14.41,24.25,8,48.895383,2.20581
3,"Rue de Pongerville",92000,92050,Nanterre,1,0,0,"Plutôt à droite","Quartier plus populaire",39,14.41,24.25,9,48.894115,2.196734
3,"Rue du Sergent Bobillot",92000,92050,Nanterre,1,0,0,"Plutôt à droite","Quartier aisé",39,14.41,24.25,8,48.895053,2.199994
3,"Rue Maurice Ravel",92000,92050,Nanterre,1,1,0,"Plutôt à droite","Revenu moyen",39,14.41,24.25,9,48.897535,2.204542
3,"Rue Mozart",92000,92050,Nanterre,1,0,0,"Plutôt à droite","Quartier aisé",39,14.41,24.25,7,48.895989,2.203638
3,"Rue Paul Bert",92000,92050,Nanterre,1,0,0,"Plutôt à droite","Quartier aisé",39,14.41,24.25,8,48.896739,2.201707
3,"Rue Rigault",92000,92050,Nanterre,1,0,0,"Plutôt à droite","Revenu moyen",39,14.41,24.25,13,48.893471,2.197789
3,"Rue Victor Hugo",92000,92050,Nanterre,1,0,0,"Plutôt à droite","Quartier aisé",39,14.41,24.25,8,48.895001,2.198699
30,"Rue du Sergent Bobillot",92000,92050,Nanterre,1,0,0,"Plutôt à droite","Quartier aisé",39,14.41,24.25,7,48.895523,2.20163
30,"Rue Mozart",92000,92050,Nanterre,1,0,0,"Plutôt à droite","Quartier aisé",39,14.41,24.25,8,48.896853,2.203227
30,"Rue Paul Bert",92000,92050,Nanterre,1,0,0,"Plutôt à droite","Quartier aisé",39,14.41,24.25,7,48.895697,2.20272
30,"Rue Victor Hugo",92000,92050,Nanterre,1,0,0,"Plutôt à droite","Revenu moyen",39,14.41,24.25,9,48.894009,2.201224
31,"Boulevard François-Vincent Raspail",92000,92050,Nanterre,1,0,0,"Plutôt à droite","Quartier plus populaire",39,14.41,24.25,11,48.898232,2.206336
31,"Rue Charles Gounod",92000,92050,Nanterre,1,0,0,"Plutôt à droite","Revenu moyen",39,14.41,24.25,9,48.897325,2.203932
31,"Rue du Sergent Bobillot",92000,92050,Nanterre,3,0,0,"Plutôt à droite","Quartier aisé",39,14.41,24.25,7,48.895973,2.20156
31,"Rue Paul Bert",92000,92050,Nanterre,1,0,0,"Plutôt à droite","Quartier aisé",39,14.41,24.25,7,48.895767,2.203128
31,"Rue Rigault",92000,92050,Nanterre,1,0,0,"Plutôt à droite","Quartier plus populaire",39,14.41,24.25,9,48.894993,2.196945
32,"Rue Mozart",92000,92050,Nanterre,1,0,0,"Plutôt à droite","Quartier aisé",39,14.41,24.25,8,48.896918,2.203192
32,"Rue Pascal",92000,92050,Nanterre,1,0,0,"Plutôt à droite","Revenu moyen",39,14.41,24.25,8,48.8961,2.199825
32,"Rue Paul Bert",92000,92050,Nanterre,1,0,0,"Plutôt à droite","Quartier aisé",39,14.41,24.25,7,48.895514,2.202722
32,"Rue Victor Hugo",92000,92050,Nanterre,1,0,0,"Plutôt à droite","Revenu moyen",39,14.41,24.25,9,48.893981,2.201297
33,"Rue Charles Gounod",92000,92050,Nanterre,1,0,0,"Plutôt à droite","Revenu moyen",39,14.41,24.25,9,48.897344,2.203803
33,"Rue du Sergent Bobillot",92000,92050,Nanterre,1,0,0,"Plutôt à droite","Quartier aisé",39,14.41,24.25,8,48.896128,2.201303
33,"Rue Mozart",92000,92050,Nanterre,1,0,0,"Plutôt à droite","Quartier aisé",39,14.41,24.25,8,48.896859,2.202632
33,"Rue Pascal",92000,92050,Nanterre,1,0,0,"Plutôt à droite","Revenu moyen",39,14.41,24.25,8,48.89621,2.199568
33,"Rue Paul Bert",92000,92050,Nanterre,1,0,0,"Plutôt à droite","Quartier aisé",39,14.41,24.25,7,48.895716,2.203209
33,"Rue Rigault",92000,92050,Nanterre,2,0,0,"Plutôt à droite","Quartier plus populaire",39,14.41,24.25,9,48.895086,2.196897
34,"Rue Alexandre Dumas",92000,92050,Nanterre,1,0,0,"Plutôt à droite","Revenu moyen",39,14.41,24.25,7,48.895975,2.206771
34,"Rue du Sergent Bobillot",92000,92050,Nanterre,1,0,0,"Plutôt à droite","Quartier aisé",39,14.41,24.25,7,48.895682,2.201643
34,"Rue Paul Bert",92000,92050,Nanterre,1,0,0,"Plutôt à droite","Quartier aisé",39,14.41,24.25,7,48.895572,2.202908
35,"Rue Mozart",92000,92050,Nanterre,1,0,0,"Plutôt à droite","Quartier aisé",39,14.41,24.25,8,48.896993,2.202592
35,"Rue Paul Bert",92000,92050,Nanterre,1,0,0,"Plutôt à droite","Quartier aisé",39,14.41,24.25,7,48.895714,2.20343
35,"Rue Rigault",92000,92050,Nanterre,2,0,0,"Plutôt à droite","Quartier plus populaire",39,14.41,24.25,9,48.895131,2.196727
36,"Rue Alexandre Dumas",92000,92050,Nanterre,1,0,0,"Plutôt à droite","Revenu moyen",39,14.41,24.25,7,48.895869,2.206825
36,"Rue Pascal",92000,92050,Nanterre,1,0,0,"Plutôt à droite","Revenu moyen",39,14.41,24.25,8,48.896172,2.199974
36,"Rue Paul Bert",92000,92050,Nanterre,1,0,0,"Plutôt à droite","Quartier aisé",39,14.41,24.25,7,48.895505,2.203015
36bis,"Rue du Sergent Bobillot",92000,92050,Nanterre,1,0,0,"Plutôt à droite","Quartier aisé",39,14.41,24.25,7,48.895778,2.20183
37,"Rue du Sergent Bobillot",92000,92050,Nanterre,1,0,0,"Plutôt à droite","Quartier aisé",39,14.41,24.25,8,48.896083,2.20175
37,"Rue Mozart",92000,92050,Nanterre,1,0,0,"Plutôt à droite","Quartier aisé",39,14.41,24.25,8,48.896998,2.202492
38,"Rue du Sergent Bobillot",92000,92050,Nanterre,1,0,0,"Plutôt à droite","Quartier aisé",39,14.41,24.25,7,48.89581,2.201885
38,"Rue Pascal",92000,92050,Nanterre,1,0,0,"Plutôt à droite","Revenu moyen",39,14.41,24.25,8,48.896221,2.200051
38,"Rue Paul Bert",92000,92050,Nanterre,1,0,0,"Plutôt à droite","Quartier aisé",39,14.41,24.25,7,48.895418,2.203125
38,"Rue Alexandre Dumas",92000,92050,Nanterre,1,0,0,"Plutôt à droite","Revenu moyen",39,14.41,24.25,7,48.895792,2.206863
39,"Rue Charles Gounod",92000,92050,Nanterre,1,0,0,"Plutôt à droite","Revenu moyen",39,14.41,24.25,9,48.897434,2.203789
39,"Rue du Sergent Bobillot",92000,92050,Nanterre,1,0,0,"Plutôt à droite","Quartier aisé",39,14.41,24.25,8,48.896154,2.201794
3bis,"Rue du Sergent Bobillot",92000,92050,Nanterre,1,0,0,"Plutôt à droite","Quartier aisé",39,14.41,24.25,8,48.894924,2.200335
3bis,"Rue Maurice Ravel",92000,92050,Nanterre,1,1,0,"Plutôt à droite","Revenu moyen",39,14.41,24.25,9,48.89756,2.204589
3bis,"Rue Mozart",92000,92050,Nanterre,1,0,0,"Plutôt à droite","Quartier aisé",39,14.41,24.25,8,48.896125,2.203802
3bis,"Rue Victor Hugo",92000,92050,Nanterre,1,0,0,"Plutôt à droite","Quartier aisé",39,14.41,24.25,8,48.894986,2.199075
3ter,"Rue Victor Hugo",92000,92050,Nanterre,1,0,0,"Plutôt à droite","Quartier aisé",39,14.41,24.25,8,48.894992,2.199275
4,"Rue Charles Gounod",92000,92050,Nanterre,1,0,0,"Plutôt à droite","Revenu moyen",39,14.41,24.25,9,48.896939,2.204872
4,"Rue Claude Debussy",92000,92050,Nanterre,2,0,0,"Plutôt à droite","Quartier aisé",39,14.41,24.25,8,48.89552,2.206148
4,"Rue Maurice Ravel",92000,92050,Nanterre,1,0,0,"Plutôt à droite","Revenu moyen",39,14.41,24.25,9,48.897397,2.204851
4,"Rue Mozart",92000,92050,Nanterre,1,0,0,"Plutôt à droite","Revenu moyen",39,14.41,24.25,9,48.896305,2.204064
4,"Rue Paul Bert",92000,92050,Nanterre,1,0,0,"Plutôt à droite","Quartier aisé",39,14.41,24.25,8,48.896539,2.201383
4,"Rue Victor Hugo",92000,92050,Nanterre,1,0,0,"Plutôt à droite","Quartier aisé",39,14.41,24.25,8,48.894588,2.198531
40,"Rue Alexandre Dumas",92000,92050,Nanterre,1,0,0,"Plutôt à droite","Revenu moyen",39,14.41,24.25,7,48.895758,2.206943
40,"Rue du Sergent Bobillot",92000,92050,Nanterre,1,0,0,"Plutôt à droite","Quartier aisé",39,14.41,24.25,7,48.895825,2.201985
40,"Rue Mozart",92000,92050,Nanterre,2,0,0,"Plutôt à droite","Quartier aisé",39,14.41,24.25,8,48.897128,2.203028
40,"Rue Pascal",92000,92050,Nanterre,1,0,0,"Plutôt à droite","Revenu moyen",39,14.41,24.25,8,48.896245,2.200245
41,"Rue Charles Gounod",92000,92050,Nanterre,1,0,0,"Plutôt à droite","Quartier aisé",39,14.41,24.25,8,48.897341,2.203493
41,"Rue du Sergent Bobillot",92000,92050,Nanterre,1,0,0,"Plutôt à droite","Quartier aisé",39,14.41,24.25,8,48.89624,2.202
42,"Rue du Sergent Bobillot",92000,92050,Nanterre,1,0,0,"Plutôt à droite","Quartier aisé",39,14.41,24.25,7,48.895901,2.202007
42,"Rue Mozart",92000,92050,Nanterre,1,0,0,"Plutôt à droite","Quartier aisé",39,14.41,24.25,8,48.897141,2.20284
42,"Rue Pascal",92000,92050,Nanterre,1,0,0,"Plutôt à droite","Revenu moyen",39,14.41,24.25,8,48.896315,2.200358
43,"Rue Charles Gounod",92000,92050,Nanterre,1,0,0,"Plutôt à droite","Revenu moyen",39,14.41,24.25,9,48.897535,2.203668
44,"Rue Mozart",92000,92050,Nanterre,1,0,0,"Plutôt à droite","Quartier aisé",39,14.41,24.25,8,48.897179,2.202786
44,"Rue Pascal",92000,92050,Nanterre,2,0,0,"Plutôt à droite","Revenu moyen",39,14.41,24.25,8,48.896358,2.200518
46,"Rue du Sergent Bobillot",92000,92050,Nanterre,1,0,0,"Plutôt à droite","Quartier aisé",39,14.41,24.25,7,48.895976,2.202107
48,"Rue du Sergent Bobillot",92000,92050,Nanterre,1,0,0,"Plutôt à droite","Quartier aisé",39,14.41,24.25,8,48.896127,2.202165
5,"Rue Charles Gounod",92000,92050,Nanterre,1,0,0,"Plutôt à droite","Revenu moyen",39,14.41,24.25,9,48.896792,2.204649
5,"Rue Claude Debussy",92000,92050,Nanterre,1,0,0,"Plutôt à droite","Quartier aisé",39,14.41,24.25,8,48.895489,2.205708
5,"Rue de Pongerville",92000,92050,Nanterre,1,0,0,"Plutôt à droite","Quartier plus populaire",39,14.41,24.25,9,48.894163,2.196811
5,"Rue Maurice Ravel",92000,92050,Nanterre,1,1,0,"Plutôt à droite","Revenu moyen",39,14.41,24.25,9,48.897636,2.204759
5,"Rue Mozart",92000,92050,Nanterre,1,0,0,"Plutôt à droite","Quartier aisé",39,14.41,24.25,7,48.896107,2.20362
5,"Rue Paul Bert",92000,92050,Nanterre,1,0,0,"Plutôt à droite","Quartier aisé",39,14.41,24.25,8,48.896709,2.201757
5,"Rue Rigault",92000,92050,Nanterre,5,0,0,"Plutôt à droite","Revenu moyen",39,14.41,24.25,13,48.893614,2.197771
54,"Rue Pascal",92000,92050,Nanterre,1,0,0,"Plutôt à droite","Quartier aisé",39,14.41,24.25,8,48.896611,2.201083
56,"Rue Pascal",92000,92050,Nanterre,1,0,0,"Plutôt à droite","Quartier aisé",39,14.41,24.25,8,48.896636,2.20124
58,"Rue Pascal",92000,92050,Nanterre,1,0,0,"Plutôt à droite","Quartier aisé",39,14.41,24.25,8,48.896672,2.201303
5ter,"Rue Victor Hugo",92000,92050,Nanterre,1,0,0,"Plutôt à droite","Quartier aisé",39,14.41,24.25,8,48.894858,2.199596
6,"Rue Charles Gounod",92000,92050,Nanterre,3,0,0,"Plutôt à droite","Revenu moyen",39,14.41,24.25,9,48.896986,2.204793
6,"Rue Maurice Ravel",92000,92050,Nanterre,1,0,0,"Plutôt à droite","Revenu moyen",39,14.41,24.25,9,48.897512,2.205009
6,"Rue Mozart",92000,92050,Nanterre,1,0,0,"Plutôt à droite","Revenu moyen",39,14.41,24.25,9,48.89655,2.20414
6,"Rue Paul Bert",92000,92050,Nanterre,1,0,0,"Plutôt à droite","Quartier aisé",39,14.41,24.25,8,48.896503,2.201436
6,"Rue Victor Hugo",92000,92050,Nanterre,1,0,0,"Plutôt à droite","Quartier aisé",39,14.41,24.25,8,48.894741,2.198974
69,"Rue Raymond Barbet",92000,92050,Nanterre,1,0,0,"Plutôt à droite","Revenu moyen",39,14.41,24.25,10,48.894163,2.201908
7,"Boulevard François-Vincent Raspail",92000,92050,Nanterre,1,0,0,"Plutôt à droite","Quartier plus populaire",39,14.41,24.25,14,48.896432,2.207175
7,"Rue Claude Debussy",92000,92050,Nanterre,1,0,0,"Plutôt à droite","Quartier aisé",39,14.41,24.25,8,48.895591,2.205563
7,"Rue de Pongerville",92000,92050,Nanterre,1,0,0,"Plutôt à droite","Quartier plus populaire",39,14.41,24.25,9,48.894213,2.196911
7,"Rue du Sergent Bobillot",92000,92050,Nanterre,1,0,0,"Plutôt à droite","Quartier aisé",39,14.41,24.25,8,48.895012,2.200532
7,"Rue Maurice Ravel",92000,92050,Nanterre,1,0,0,"Plutôt à droite","Revenu moyen",39,14.41,24.25,9,48.897739,2.204872
7,"Rue Pascal",92000,92050,Nanterre,1,0,0,"Plutôt à droite","Quartier aisé",39,14.41,24.25,8,48.895251,2.198534
7,"Rue Paul Bert",92000,92050,Nanterre,1,0,0,"Plutôt à droite","Quartier aisé",39,14.41,24.25,8,48.896667,2.201808
7,"Rue Victor Hugo",92000,92050,Nanterre,4,0,0,"Plutôt à droite","Quartier aisé",39,14.41,24.25,8,48.894724,2.20027
71,"Rue Raymond Barbet",92000,92050,Nanterre,1,0,0,"Plutôt à droite","Quartier aisé",39,14.41,24.25,7,48.894358,2.201836
76,"Rue Raymond Barbet",92000,92050,Nanterre,1,0,0,"Plutôt à droite","Revenu moyen",39,14.41,24.25,10,48.893986,2.202158
79,"Rue Raymond Barbet",92000,92050,Nanterre,1,0,0,"Plutôt à droite","Quartier aisé",39,14.41,24.25,7,48.894558,2.202158
7bis,"Rue Paul Bert",92000,92050,Nanterre,1,0,0,"Plutôt à droite","Quartier aisé",39,14.41,24.25,8,48.896629,2.201861
8,"Rue Alexandre Dumas",92000,92050,Nanterre,1,0,0,"Plutôt à droite","Revenu moyen",39,14.41,24.25,9,48.896731,2.205748
8,"Rue Claude Debussy",92000,92050,Nanterre,1,0,0,"Plutôt à droite","Quartier aisé",39,14.41,24.25,8,48.895702,2.205898
8,"Rue du Sergent Bobillot",92000,92050,Nanterre,1,0,0,"Plutôt à droite","Quartier aisé",39,14.41,24.25,8,48.894628,2.200742
8,"Rue Maurice Ravel",92000,92050,Nanterre,1,0,0,"Plutôt à droite","Revenu moyen",39,14.41,24.25,9,48.897559,2.205111
8,"Rue Mozart",92000,92050,Nanterre,1,0,0,"Plutôt à droite","Revenu moyen",39,14.41,24.25,9,48.896384,2.20394
8,"Rue Rigault",92000,92050,Nanterre,10,0,0,"Plutôt à droite","Quartier aisé",39,14.41,24.25,8,48.894189,2.198751
81,"Rue Raymond Barbet",92000,92050,Nanterre,1,0,0,"Plutôt à droite","Quartier aisé",39,14.41,24.25,7,48.894684,2.202141
82,"Rue Raymond Barbet",92000,92050,Nanterre,8,0,0,"Plutôt à droite","Quartier aisé",39,14.41,24.25,8,48.89426,2.202502
83,"Rue Raymond Barbet",92000,92050,Nanterre,1,0,0,"Plutôt à droite","Quartier aisé",39,14.41,24.25,7,48.894719,2.202315
85,"Rue Raymond Barbet",92000,92050,Nanterre,2,1,0,"Plutôt à droite","Quartier aisé",39,14.41,24.25,8,48.894837,2.202425
88,"Rue Raymond Barbet",92000,92050,Nanterre,1,0,0,"Plutôt à droite","Quartier aisé",39,14.41,24.25,7,48.89442,2.202598
89,"Rue Raymond Barbet",92000,92050,Nanterre,1,0,0,"Plutôt à droite","Quartier aisé",39,14.41,24.25,7,48.894899,2.202543
8bis,"Rue Victor Hugo",92000,92050,Nanterre,1,0,0,"Plutôt à droite","Quartier aisé",39,14.41,24.25,8,48.894724,2.199208
8ter,"Rue Victor Hugo",92000,92050,Nanterre,1,0,0,"Plutôt à droite","Quartier aisé",39,14.41,24.25,8,48.894703,2.199292
9,"Boulevard François-Vincent Raspail",92000,92050,Nanterre,1,0,0,"Plutôt à droite","Quartier plus populaire",39,14.41,24.25,14,48.896553,2.207027
9,"Rue Alexandre Dumas",92000,92050,Nanterre,1,0,0,"Plutôt à droite","Revenu moyen",39,14.41,24.25,9,48.896775,2.206326
9,"Rue de Pongerville",92000,92050,Nanterre,1,0,0,"Plutôt à droite","Quartier plus populaire",39,14.41,24.25,9,48.894267,2.196935
9,"Rue du Sergent Bobillot",92000,92050,Nanterre,1,0,0,"Plutôt à droite","Quartier aisé",39,14.41,24.25,8,48.895069,2.2006
9,"Rue Maurice Ravel",92000,92050,Nanterre,1,0,0,"Plutôt à droite","Revenu moyen",39,14.41,24.25,9,48.897836,2.205081
9,"Rue Mozart",92000,92050,Nanterre,1,0,0,"Plutôt à droite","Quartier aisé",39,14.41,24.25,8,48.896259,2.203598
9,"Rue Paul Bert",92000,92050,Nanterre,1,0,0,"Plutôt à droite","Quartier aisé",39,14.41,24.25,8,48.896587,2.201885
9,"Rue Rigault",92000,92050,Nanterre,1,0,0,"Plutôt à droite","Quartier plus populaire",39,14.41,24.25,9,48.893902,2.197725
9,"Rue Victor Hugo",92000,92050,Nanterre,1,0,0,"Plutôt à droite","Quartier aisé",39,14.41,24.25,8,48.89446,2.200551
90,"Rue Pascal",92000,92050,Nanterre,1,0,0,"Plutôt à droite","Revenu moyen",39,14.41,24.25,9,48.897641,2.204098
90,"Rue Raymond Barbet",92000,92050,Nanterre,1,0,0,"Plutôt à droite","Quartier aisé",39,14.41,24.25,7,48.894494,2.202656
91,"Rue Raymond Barbet",92000,92050,Nanterre,1,0,0,"Plutôt à droite","Quartier aisé",39,14.41,24.25,7,48.894947,2.202594
92,"Rue Raymond Barbet",92000,92050,Nanterre,1,0,0,"Plutôt à droite","Quartier aisé",39,14.41,24.25,7,48.894561,2.202736
93,"Rue Raymond Barbet",92000,92050,Nanterre,1,0,0,"Plutôt à droite","Quartier aisé",39,14.41,24.25,7,48.894987,2.202656
94,"Rue Pascal",92000,92050,Nanterre,2,0,0,"Plutôt à droite","Revenu moyen",39,14.41,24.25,9,48.897757,2.204403
94,"Rue Raymond Barbet",92000,92050,Nanterre,1,0,0,"Plutôt à droite","Quartier aisé",39,14.41,24.25,7,48.894631,2.202809
95,"Rue Raymond Barbet",92000,92050,Nanterre,1,0,0,"Plutôt à droite","Quartier aisé",39,14.41,24.25,7,48.895115,2.202622
96,"Rue Pascal",92000,92050,Nanterre,1,0,0,"Plutôt à droite","Revenu moyen",39,14.41,24.25,9,48.897822,2.204597
96,"Rue Raymond Barbet",92000,92050,Nanterre,1,0,0,"Plutôt à droite","Quartier aisé",39,14.41,24.25,7,48.89469,2.202892
96bis,"Rue Raymond Barbet",92000,92050,Nanterre,1,0,0,"Plutôt à droite","Quartier aisé",39,14.41,24.25,7,48.894476,2.203265
98,"Rue Pascal",92000,92050,Nanterre,1,0,0,"Plutôt à droite","Revenu moyen",39,14.41,24.25,9,48.897861,2.204702
98,"Rue Raymond Barbet",92000,92050,Nanterre,1,0,0,"Plutôt à droite","Quartier aisé",39,14.41,24.25,7,48.894737,2.203167
1,"Rue du Tir",92000,92050,Nanterre,1,0,0,"Plutôt à droite","Quartier aisé",38,12.25,21.47,8,48.883104,2.217895
1,"Villa des Marronniers",92000,92050,Nanterre,1,0,0,"Plutôt à droite","Revenu moyen",38,12.25,21.47,10,48.883281,2.220885
10,"Avenue de Rueil",92000,92050,Nanterre,1,0,0,"Plutôt à droite","Revenu moyen",38,12.25,21.47,9,48.887708,2.193056
10,"Rue André Sabatier",92000,92050,Nanterre,5,5,0,"Plutôt à droite","Quartier aisé",38,12.25,21.47,17,48.880682,2.215354
10,"Rue des Pavillons",92000,92050,Nanterre,1,0,0,"Plutôt à droite","Quartier aisé",38,12.25,21.47,8,48.881241,2.219606
101,"Rue de Suresnes",92000,92050,Nanterre,1,0,0,"Plutôt à droite","Quartier aisé",38,12.25,21.47,8,48.88331,2.216838
103,"Rue de Suresnes",92000,92050,Nanterre,1,0,0,"Plutôt à droite","Quartier aisé",38,12.25,21.47,8,48.883105,2.21686
104,"Route des Fusillés de la Résistance",92000,92050,Nanterre,15,16,0,"Plutôt à droite","Quartier aisé",38,12.25,21.47,38,48.880217,2.219294
105,"Rue de Suresnes",92000,92050,Nanterre,1,0,0,"Plutôt à droite","Quartier aisé",38,12.25,21.47,8,48.883176,2.216971
107,"Rue de Suresnes",92000,92050,Nanterre,1,0,0,"Plutôt à droite","Quartier aisé",38,12.25,21.47,8,48.883075,2.216966
107,"Rue des Plaideurs",92000,92050,Nanterre,1,0,0,"Plutôt à droite","Quartier aisé",38,12.25,21.47,7,48.880078,2.216113
108,"Avenue Félix Faure",92000,92050,Nanterre,1,0,0,"Plutôt à droite","Revenu moyen",38,12.25,21.47,10,48.88332,2.221473
109,"Rue de Suresnes",92000,92050,Nanterre,1,0,0,"Plutôt à droite","Quartier aisé",38,12.25,21.47,8,48.883415,2.217249
11,"Rue des Pavillons",92000,92050,Nanterre,1,0,0,"Plutôt à droite","Quartier aisé",38,12.25,21.47,8,48.880987,2.219262
110,"Avenue Félix Faure",92000,92050,Nanterre,1,0,0,"Plutôt à droite","Revenu moyen",38,12.25,21.47,10,48.883302,2.221596
111,"Rue de Suresnes",92000,92050,Nanterre,1,0,0,"Plutôt à droite","Quartier aisé",38,12.25,21.47,8,48.883033,2.217104
112,"Avenue Félix Faure",92000,92050,Nanterre,5,0,0,"Plutôt à droite","Revenu moyen",38,12.25,21.47,10,48.883267,2.221682
113,"Rue de Suresnes",92000,92050,Nanterre,2,0,0,"Plutôt à droite","Quartier aisé",38,12.25,21.47,8,48.883009,2.217273
115,"Rue de Suresnes",92000,92050,Nanterre,1,0,0,"Plutôt à droite","Quartier aisé",38,12.25,21.47,8,48.88289,2.217309
115,"Rue des Plaideurs",92000,92050,Nanterre,1,0,0,"Plutôt à droite","Quartier aisé",38,12.25,21.47,7,48.879921,2.216854
116,"Avenue Félix Faure",92000,92050,Nanterre,1,0,0,"Plutôt à droite","Revenu moyen",38,12.25,21.47,10,48.883142,2.221913
118,"Avenue Félix Faure",92000,92050,Nanterre,1,0,0,"Plutôt à droite","Revenu moyen",38,12.25,21.47,10,48.883126,2.221997
12,"Avenue Alexandre",92000,92050,Nanterre,1,0,0,"Plutôt à droite","Quartier plus populaire",38,12.25,21.47,13,48.885672,2.211746
12,"Rue André Sabatier",92000,92050,Nanterre,1,0,0,"Plutôt à droite","Quartier aisé",38,12.25,21.47,8,48.880761,2.215402
12,"Rue Clarin Bonaventure Baixas",92000,92050,Nanterre,1,0,0,"Plutôt à droite","Quartier aisé",38,12.25,21.47,8,48.882824,2.219031
12,"Rue du Tir",92000,92050,Nanterre,1,0,0,"Plutôt à droite","Quartier aisé",38,12.25,21.47,8,48.882501,2.218324
12,"Rue Gustave Flourens",92000,92050,Nanterre,1,0,0,"Plutôt à droite","Quartier aisé",38,12.25,21.47,8,48.881459,2.216625
12,"Villa des Marronniers",92000,92050,Nanterre,1,0,0,"Plutôt à droite","Revenu moyen",38,12.25,21.47,9,48.882678,2.219958
121,"Rue des Plaideurs",92000,92050,Nanterre,1,0,0,"Plutôt à droite","Quartier aisé",38,12.25,21.47,7,48.879911,2.217178
122,"Avenue Félix Faure",92000,92050,Nanterre,3,0,0,"Plutôt à droite","Revenu moyen",38,12.25,21.47,10,48.88301,2.222283
125,"Rue de Suresnes",92000,92050,Nanterre,1,0,0,"Plutôt à droite","Quartier aisé",38,12.25,21.47,8,48.88247,2.217559
127,"Rue de Suresnes",92000,92050,Nanterre,2,0,0,"Plutôt à droite","Quartier aisé",38,12.25,21.47,8,48.882605,2.217619
129,"Rue de Suresnes",92000,92050,Nanterre,1,0,0,"Plutôt à droite","Quartier aisé",38,12.25,21.47,8,48.882384,2.217663
13,"Rue du Tir",92000,92050,Nanterre,1,0,0,"Plutôt à droite","Quartier aisé",38,12.25,21.47,8,48.882843,2.218517
13,"Villa des Marronniers",92000,92050,Nanterre,1,0,0,"Plutôt à droite","Revenu moyen",38,12.25,21.47,9,48.882577,2.220141
130,"Avenue Félix Faure",92000,92050,Nanterre,5,0,0,"Plutôt à droite","Quartier aisé",38,12.25,21.47,9,48.882888,2.222772
131,"Rue de Suresnes",92000,92050,Nanterre,1,0,0,"Plutôt à droite","Quartier aisé",38,12.25,21.47,8,48.882376,2.217777
131,"Rue des Plaideurs",92000,92050,Nanterre,1,0,0,"Plutôt à droite","Quartier aisé",38,12.25,21.47,9,48.879751,2.217492
133,"Rue de Suresnes",92000,92050,Nanterre,1,0,0,"Plutôt à droite","Quartier aisé",38,12.25,21.47,8,48.882368,2.217859
135,"Rue de Suresnes",92000,92050,Nanterre,1,0,0,"Plutôt à droite","Quartier aisé",38,12.25,21.47,8,48.882251,2.217796
136,"Avenue Félix Faure",92000,92050,Nanterre,1,0,0,"Plutôt à droite","Quartier aisé",38,12.25,21.47,8,48.882771,2.223243
137,"Rue des Plaideurs",92000,92050,Nanterre,1,0,0,"Plutôt à droite","Quartier aisé",38,12.25,21.47,9,48.879662,2.217608
139,"Rue de Suresnes",92000,92050,Nanterre,1,0,0,"Plutôt à droite","Quartier aisé",38,12.25,21.47,8,48.882262,2.218083
139,"Rue des Plaideurs",92000,92050,Nanterre,1,0,0,"Plutôt à droite","Quartier aisé",38,12.25,21.47,9,48.879684,2.217696
14,"Avenue Alexandre",92000,92050,Nanterre,1,0,0,"Plutôt à droite","Quartier plus populaire",38,12.25,21.47,13,48.885572,2.211844
14,"Rue des Pavillons",92000,92050,Nanterre,1,0,0,"Plutôt à droite","Quartier aisé",38,12.25,21.47,8,48.88158,2.219748
14,"Rue du Tir",92000,92050,Nanterre,2,0,0,"Plutôt à droite","Quartier aisé",38,12.25,21.47,8,48.882566,2.218511
14,"Rue Gustave Flourens",92000,92050,Nanterre,1,0,0,"Plutôt à droite","Quartier aisé",38,12.25,21.47,8,48.881601,2.216545
141,"Rue des Plaideurs",92000,92050,Nanterre,1,0,0,"Plutôt à droite","Quartier aisé",38,12.25,21.47,9,48.87974,2.217808
143,"Rue de Suresnes",92000,92050,Nanterre,1,0,0,"Plutôt à droite","Quartier aisé",38,12.25,21.47,8,48.882117,2.218053
145,"Rue de Suresnes",92000,92050,Nanterre,1,0,0,"Plutôt à droite","Quartier aisé",38,12.25,21.47,8,48.882116,2.21817
145,"Rue des Plaideurs",92000,92050,Nanterre,1,0,0,"Plutôt à droite","Quartier aisé",38,12.25,21.47,9,48.879698,2.218073
147,"Rue des Plaideurs",92000,92050,Nanterre,1,0,0,"Plutôt à droite","Quartier aisé",38,12.25,21.47,9,48.879754,2.218269
149,"Rue des Plaideurs",92000,92050,Nanterre,1,0,0,"Plutôt à droite","Quartier aisé",38,12.25,21.47,9,48.879801,2.218454
149bis,"Rue de Suresnes",92000,92050,Nanterre,1,0,0,"Plutôt à droite","Quartier aisé",38,12.25,21.47,8,48.881893,2.2182
15,"Rue des Pavillons",92000,92050,Nanterre,1,0,0,"Plutôt à droite","Quartier aisé",38,12.25,21.47,8,48.881003,2.218992
15,"Rue du Tir",92000,92050,Nanterre,1,0,0,"Plutôt à droite","Quartier aisé",38,12.25,21.47,8,48.882839,2.21858
153,"Rue de Suresnes",92000,92050,Nanterre,1,0,0,"Plutôt à droite","Quartier aisé",38,12.25,21.47,8,48.881628,2.21816
157,"Rue de Suresnes",92000,92050,Nanterre,1,0,0,"Plutôt à droite","Quartier aisé",38,12.25,21.47,8,48.881552,2.218414
157bis,"Rue de Suresnes",92000,92050,Nanterre,1,0,0,"Plutôt à droite","Quartier aisé",38,12.25,21.47,8,48.88151,2.218289
16,"Rue André Sabatier",92000,92050,Nanterre,1,0,0,"Plutôt à droite","Quartier aisé",38,12.25,21.47,8,48.880836,2.215615
16,"Rue des Pavillons",92000,92050,Nanterre,1,0,0,"Plutôt à droite","Quartier aisé",38,12.25,21.47,8,48.881613,2.219624
16,"Rue du Tir",92000,92050,Nanterre,1,0,0,"Plutôt à droite","Quartier aisé",38,12.25,21.47,8,48.882428,2.218393
161,"Rue de Suresnes",92000,92050,Nanterre,1,0,0,"Plutôt à droite","Quartier aisé",38,12.25,21.47,8,48.881374,2.218329
162,"Rue de Suresnes",92000,92050,Nanterre,1,0,0,"Plutôt à droite","Quartier aisé",38,12.25,21.47,8,48.88214,2.217468
163,"Rue de Suresnes",92000,92050,Nanterre,1,0,0,"Plutôt à droite","Quartier aisé",38,12.25,21.47,8,48.881292,2.218341
165,"Rue de Suresnes",92000,92050,Nanterre,1,0,0,"Plutôt à droite","Quartier aisé",38,12.25,21.47,8,48.881252,2.218368
168,"Rue de Suresnes",92000,92050,Nanterre,1,0,0,"Plutôt à droite","Quartier aisé",38,12.25,21.47,8,48.881879,2.217609
17,"Rue des Pavillons",92000,92050,Nanterre,1,0,0,"Plutôt à droite","Quartier aisé",38,12.25,21.47,8,48.881179,2.219231
170,"Rue de Suresnes",92000,92050,Nanterre,1,0,0,"Plutôt à droite","Quartier aisé",38,12.25,21.47,8,48.881755,2.217507
171,"Rue de Suresnes",92000,92050,Nanterre,1,0,0,"Plutôt à droite","Quartier aisé",38,12.25,21.47,8,48.881109,2.218528
172bis,"Rue de Suresnes",92000,92050,Nanterre,1,0,0,"Plutôt à droite","Quartier aisé",38,12.25,21.47,8,48.881639,2.217337
173,"Rue de Suresnes",92000,92050,Nanterre,1,0,0,"Plutôt à droite","Quartier aisé",38,12.25,21.47,8,48.881054,2.218549
175,"Rue de Suresnes",92000,92050,Nanterre,1,0,0,"Plutôt à droite","Quartier aisé",38,12.25,21.47,8,48.881036,2.218615
176,"Rue de Suresnes",92000,92050,Nanterre,1,0,0,"Plutôt à droite","Quartier aisé",38,12.25,21.47,8,48.881617,2.217747
179,"Rue de Suresnes",92000,92050,Nanterre,1,0,0,"Plutôt à droite","Quartier aisé",38,12.25,21.47,9,48.880802,2.218546
17bis,"Rue des Pavillons",92000,92050,Nanterre,1,0,0,"Plutôt à droite","Quartier aisé",38,12.25,21.47,8,48.881221,2.219205
17ter,"Rue du Tir",92000,92050,Nanterre,1,0,0,"Plutôt à droite","Quartier aisé",38,12.25,21.47,8,48.882689,2.218504
18,"Avenue Alexandre",92000,92050,Nanterre,1,0,0,"Plutôt à droite","Quartier plus populaire",38,12.25,21.47,13,48.885572,2.21202
18,"Rue André Sabatier",92000,92050,Nanterre,1,0,0,"Plutôt à droite","Quartier aisé",38,12.25,21.47,8,48.880964,2.215725
183,"Rue de Suresnes",92000,92050,Nanterre,1,0,0,"Plutôt à droite","Quartier aisé",38,12.25,21.47,9,48.880659,2.218694
19,"Rue de Verdun",92000,92050,Nanterre,1,0,0,"Plutôt à droite","Quartier aisé",38,12.25,21.47,8,48.883426,2.218181
19,"Rue du Tir",92000,92050,Nanterre,1,0,0,"Plutôt à droite","Quartier aisé",38,12.25,21.47,8,48.882764,2.218693
191,"Rue de Suresnes",92000,92050,Nanterre,1,0,0,"Plutôt à droite","Quartier aisé",38,12.25,21.47,9,48.880482,2.218789
194bis,"Rue de Suresnes",92000,92050,Nanterre,1,0,0,"Plutôt à droite","Quartier aisé",38,12.25,21.47,9,48.880576,2.217739
196,"Rue de Suresnes",92000,92050,Nanterre,1,0,0,"Plutôt à droite","Quartier aisé",38,12.25,21.47,9,48.880808,2.218189
198,"Rue de Suresnes",92000,92050,Nanterre,1,0,0,"Plutôt à droite","Quartier aisé",38,12.25,21.47,9,48.88043,2.217432
19bis,"Rue des Pavillons",92000,92050,Nanterre,1,0,0,"Plutôt à droite","Quartier aisé",38,12.25,21.47,8,48.881245,2.219138
1bis,"Villa des Marronniers",92000,92050,Nanterre,2,0,0,"Plutôt à droite","Revenu moyen",38,12.25,21.47,10,48.883151,2.220768
2,"Rue Clarin Bonaventure Baixas",92000,92050,Nanterre,1,0,0,"Plutôt à droite","Revenu moyen",38,12.25,21.47,9,48.882618,2.219736
2,"Rue des Pavillons",92000,92050,Nanterre,1,0,0,"Plutôt à droite","Quartier aisé",38,12.25,21.47,8,48.88098,2.22004
2,"Villa des Marronniers",92000,92050,Nanterre,1,0,0,"Plutôt à droite","Revenu moyen",38,12.25,21.47,10,48.883237,2.220544
2bis,"Villa des Marronniers",92000,92050,Nanterre,2,0,0,"Plutôt à droite","Revenu moyen",38,12.25,21.47,10,48.883354,2.220744
20,"Avenue Alexandre",92000,92050,Nanterre,1,0,0,"Plutôt à droite","Quartier plus populaire",38,12.25,21.47,13,48.88544,2.21241
20,"Rue André Sabatier",92000,92050,Nanterre,1,0,0,"Plutôt à droite","Quartier aisé",38,12.25,21.47,8,48.881016,2.215792
20,"Rue Clarin Bonaventure Baixas",92000,92050,Nanterre,6,0,0,"Plutôt à droite","Revenu moyen",38,12.25,21.47,10,48.882856,2.219727
20,"Rue des Pavillons",92000,92050,Nanterre,1,0,0,"Plutôt à droite","Quartier aisé",38,12.25,21.47,8,48.88149,2.219362
20,"Rue du Tir",92000,92050,Nanterre,1,0,0,"Plutôt à droite","Quartier aisé",38,12.25,21.47,8,48.882366,2.218541
202,"Rue de Suresnes",92000,92050,Nanterre,1,0,0,"Plutôt à droite","Quartier aisé",38,12.25,21.47,9,48.880621,2.218233
206,"Rue de Suresnes",92000,92050,Nanterre,1,0,0,"Plutôt à droite","Quartier aisé",38,12.25,21.47,9,48.88029,2.217837
21,"Rue des Pavillons",92000,92050,Nanterre,1,0,0,"Plutôt à droite","Quartier aisé",38,12.25,21.47,8,48.881314,2.219086
210,"Rue de Suresnes",92000,92050,Nanterre,1,0,0,"Plutôt à droite","Quartier aisé",38,12.25,21.47,9,48.880262,2.218075
212ter,"Rue de Suresnes",92000,92050,Nanterre,2,0,0,"Plutôt à droite","Quartier aisé",38,12.25,21.47,9,48.880173,2.218005
212bis,"Rue de Suresnes",92000,92050,Nanterre,1,0,0,"Plutôt à droite","Quartier aisé",38,12.25,21.47,9,48.880285,2.218156
216,"Rue de Suresnes",92000,92050,Nanterre,1,0,0,"Plutôt à droite","Quartier aisé",38,12.25,21.47,9,48.880053,2.218388
22,"Rue André Sabatier",92000,92050,Nanterre,1,0,0,"Plutôt à droite","Quartier aisé",38,12.25,21.47,8,48.881053,2.215876
22,"Rue de Verdun",92000,92050,Nanterre,1,0,0,"Plutôt à droite","Quartier aisé",38,12.25,21.47,8,48.883422,2.217743
22,"Rue des Pavillons",92000,92050,Nanterre,1,0,0,"Plutôt à droite","Quartier aisé",38,12.25,21.47,8,48.881508,2.219265
22bis,"Rue des Pavillons",92000,92050,Nanterre,2,0,0,"Plutôt à droite","Quartier aisé",38,12.25,21.47,8,48.881518,2.219146
222,"Rue de Suresnes",92000,92050,Nanterre,1,0,0,"Plutôt à droite","Quartier aisé",38,12.25,21.47,9,48.880052,2.218568
224,"Rue de Suresnes",92000,92050,Nanterre,1,0,0,"Plutôt à droite","Quartier aisé",38,12.25,21.47,9,48.879978,2.218613
226,"Rue de Suresnes",92000,92050,Nanterre,1,0,0,"Plutôt à droite","Quartier aisé",38,12.25,21.47,9,48.879908,2.21871
23,"Rue des Pavillons",92000,92050,Nanterre,1,0,0,"Plutôt à droite","Quartier aisé",38,12.25,21.47,8,48.881258,2.218759
23,"Rue du Tir",92000,92050,Nanterre,1,0,0,"Plutôt à droite","Quartier aisé",38,12.25,21.47,8,48.882632,2.218754
24,"Rue André Sabatier",92000,92050,Nanterre,1,0,0,"Plutôt à droite","Quartier aisé",38,12.25,21.47,8,48.881127,2.215953
24,"Rue du Tir",92000,92050,Nanterre,1,0,0,"Plutôt à droite","Quartier aisé",38,12.25,21.47,8,48.882273,2.21867
245,"Rue Philippe Triaire",92000,92050,Nanterre,1,0,0,"Plutôt à droite","Quartier aisé",38,12.25,21.47,7,48.880475,2.215028
247,"Rue Philippe Triaire",92000,92050,Nanterre,1,0,0,"Plutôt à droite","Quartier aisé",38,12.25,21.47,7,48.880379,2.215151
25,"Rue des Pavillons",92000,92050,Nanterre,1,0,0,"Plutôt à droite","Quartier aisé",38,12.25,21.47,8,48.88138,2.21894
25,"Rue du Tir",92000,92050,Nanterre,1,0,0,"Plutôt à droite","Quartier aisé",38,12.25,21.47,8,48.882578,2.218821
251,"Rue Philippe Triaire",92000,92050,Nanterre,1,0,0,"Plutôt à droite","Quartier aisé",38,12.25,21.47,7,48.880268,2.215305
251bis,"Rue Philippe Triaire",92000,92050,Nanterre,2,0,0,"Plutôt à droite","Quartier aisé",38,12.25,21.47,7,48.880441,2.215564
253,"Rue Philippe Triaire",92000,92050,Nanterre,1,0,0,"Plutôt à droite","Quartier aisé",38,12.25,21.47,7,48.880281,2.215506
25bis,"Rue des Pavillons",92000,92050,Nanterre,1,0,0,"Plutôt à droite","Quartier aisé",38,12.25,21.47,8,48.881449,2.218905
26,"Route des Fusillés de la Résistance",92000,92050,Nanterre,1,0,0,"Plutôt à droite","Quartier aisé",38,12.25,21.47,8,48.882604,2.223018
26,"Rue de Verdun",92000,92050,Nanterre,1,0,0,"Plutôt à droite","Quartier aisé",38,12.25,21.47,8,48.88324,2.217647
26,"Rue du Tir",92000,92050,Nanterre,1,0,0,"Plutôt à droite","Quartier aisé",38,12.25,21.47,8,48.882201,2.218679
27,"Rue des Pavillons",92000,92050,Nanterre,1,0,0,"Plutôt à droite","Quartier aisé",38,12.25,21.47,8,48.8815,2.21867
27bis,"Rue des Pavillons",92000,92050,Nanterre,1,0,0,"Plutôt à droite","Quartier aisé",38,12.25,21.47,8,48.881588,2.218647
28,"Route des Fusillés de la Résistance",92000,92050,Nanterre,1,0,0,"Plutôt à droite","Quartier aisé",38,12.25,21.47,8,48.882559,2.22295
28,"Rue André Sabatier",92000,92050,Nanterre,1,0,0,"Plutôt à droite","Quartier aisé",38,12.25,21.47,8,48.881298,2.216002
28,"Rue de Verdun",92000,92050,Nanterre,1,0,0,"Plutôt à droite","Quartier aisé",38,12.25,21.47,8,48.883166,2.217569
28,"Rue du Tir",92000,92050,Nanterre,1,0,0,"Plutôt à droite","Quartier aisé",38,12.25,21.47,8,48.882206,2.218873
29,"Rue de Verdun",92000,92050,Nanterre,1,0,0,"Plutôt à droite","Quartier aisé",38,12.25,21.47,8,48.882928,2.21778
29,"Rue des Pavillons",92000,92050,Nanterre,1,0,0,"Plutôt à droite","Quartier aisé",38,12.25,21.47,8,48.881581,2.218469
2ter,"Villa des Marronniers",92000,92050,Nanterre,2,0,0,"Plutôt à droite","Revenu moyen",38,12.25,21.47,10,48.88341,2.220799
3,"Rue Clarin Bonaventure Baixas",92000,92050,Nanterre,1,0,0,"Plutôt à droite","Quartier aisé",38,12.25,21.47,8,48.882625,2.219565
3,"Rue du Tir",92000,92050,Nanterre,1,0,0,"Plutôt à droite","Quartier aisé",38,12.25,21.47,8,48.883079,2.218036
3,"Villa des Marronniers",92000,92050,Nanterre,2,0,0,"Plutôt à droite","Revenu moyen",38,12.25,21.47,10,48.883071,2.220638
30,"Avenue Félix Faure",92000,92050,Nanterre,1,0,0,"Plutôt à droite","Quartier plus populaire",38,12.25,21.47,13,48.884827,2.216297
30,"Rue des Pavillons",92000,92050,Nanterre,1,0,0,"Plutôt à droite","Quartier aisé",38,12.25,21.47,8,48.881714,2.219025
30,"Rue du Tir",92000,92050,Nanterre,1,0,0,"Plutôt à droite","Quartier aisé",38,12.25,21.47,8,48.88211,2.218762
30,"Rue Romain Rolland",92000,92050,Nanterre,1,0,0,"Plutôt à droite","Quartier aisé",38,12.25,21.47,7,48.880209,2.215722
31,"Rue du Tir",92000,92050,Nanterre,1,0,0,"Plutôt à droite","Quartier aisé",38,12.25,21.47,8,48.882518,2.218969
32,"Route des Fusillés de la Résistance",92000,92050,Nanterre,1,0,0,"Plutôt à droite","Quartier aisé",38,12.25,21.47,8,48.882489,2.222672
33,"Rue de Verdun",92000,92050,Nanterre,1,0,0,"Plutôt à droite","Quartier aisé",38,12.25,21.47,8,48.882784,2.217547
33,"Rue du Tir",92000,92050,Nanterre,1,0,0,"Plutôt à droite","Quartier aisé",38,12.25,21.47,8,48.882489,2.219088
34,"Route des Fusillés de la Résistance",92000,92050,Nanterre,1,0,0,"Plutôt à droite","Quartier aisé",38,12.25,21.47,8,48.882365,2.222637
34,"Rue André Sabatier",92000,92050,Nanterre,1,0,0,"Plutôt à droite","Quartier aisé",38,12.25,21.47,8,48.881546,2.216095
34,"Rue de Verdun",92000,92050,Nanterre,1,0,0,"Plutôt à droite","Quartier aisé",38,12.25,21.47,8,48.882959,2.217419
34,"Rue du Tir",92000,92050,Nanterre,1,0,0,"Plutôt à droite","Quartier aisé",38,12.25,21.47,8,48.882023,2.219028
35,"Rue de Verdun",92000,92050,Nanterre,1,0,0,"Plutôt à droite","Quartier aisé",38,12.25,21.47,8,48.882633,2.217459
35,"Rue du Tir",92000,92050,Nanterre,1,0,0,"Plutôt à droite","Quartier aisé",38,12.25,21.47,8,48.88239,2.219111
36,"Rue André Sabatier",92000,92050,Nanterre,1,0,0,"Plutôt à droite","Quartier aisé",38,12.25,21.47,8,48.881622,2.21613
36,"Rue des Pavillons",92000,92050,Nanterre,1,0,0,"Plutôt à droite","Quartier aisé",38,12.25,21.47,8,48.88186,2.218891
36,"Rue du Tir",92000,92050,Nanterre,1,0,0,"Plutôt à droite","Quartier aisé",38,12.25,21.47,8,48.882,2.219149
37,"Rue des Pavillons",92000,92050,Nanterre,1,0,0,"Plutôt à droite","Quartier aisé",38,12.25,21.47,8,48.881711,2.218452
38,"Rue André Sabatier",92000,92050,Nanterre,1,0,0,"Plutôt à droite","Quartier aisé",38,12.25,21.47,8,48.88164,2.216182
38,"Rue du Tir",92000,92050,Nanterre,1,0,0,"Plutôt à droite","Quartier aisé",38,12.25,21.47,8,48.88193,2.219143
39,"Rue des Pavillons",92000,92050,Nanterre,1,0,0,"Plutôt à droite","Quartier aisé",38,12.25,21.47,8,48.88176,2.218413
39bis,"Rue des Pavillons",92000,92050,Nanterre,1,0,0,"Plutôt à droite","Quartier aisé",38,12.25,21.47,8,48.881837,2.218294
4,"Avenue Alexandre",92000,92050,Nanterre,1,0,0,"Plutôt à droite","Quartier plus populaire",38,12.25,21.47,13,48.885741,2.211374
4,"Rue Clarin Bonaventure Baixas",92000,92050,Nanterre,1,0,0,"Plutôt à droite","Revenu moyen",38,12.25,21.47,9,48.882525,2.219699
4,"Rue de Verdun",92000,92050,Nanterre,3,0,0,"Plutôt à droite","Quartier aisé",38,12.25,21.47,8,48.883965,2.218267
4,"Rue des Pavillons",92000,92050,Nanterre,1,0,0,"Plutôt à droite","Quartier aisé",38,12.25,21.47,8,48.881117,2.219788
4,"Rue du Tir",92000,92050,Nanterre,1,0,0,"Plutôt à droite","Quartier aisé",38,12.25,21.47,8,48.882885,2.217844
4,"Rue Gustave Flourens",92000,92050,Nanterre,1,0,0,"Plutôt à droite","Quartier aisé",38,12.25,21.47,8,48.881228,2.216178
4,"Villa des Marronniers",92000,92050,Nanterre,1,0,0,"Plutôt à droite","Revenu moyen",38,12.25,21.47,10,48.883181,2.220482
40,"Avenue Félix Faure",92000,92050,Nanterre,1,0,0,"Plutôt à droite","Quartier plus populaire",38,12.25,21.47,10,48.884601,2.217031
40,"Rue du Tir",92000,92050,Nanterre,1,0,0,"Plutôt à droite","Quartier aisé",38,12.25,21.47,8,48.881986,2.219303
41,"Rue des Pavillons",92000,92050,Nanterre,1,0,0,"Plutôt à droite","Quartier aisé",38,12.25,21.47,8,48.882025,2.218525
41,"Rue du Tir",92000,92050,Nanterre,1,0,0,"Plutôt à droite","Quartier aisé",38,12.25,21.47,8,48.882236,2.219316
41bis,"Rue des Pavillons",92000,92050,Nanterre,2,0,0,"Plutôt à droite","Quartier aisé",38,12.25,21.47,8,48.88199,2.218688
42,"Avenue Félix Faure",92000,92050,Nanterre,2,0,0,"Plutôt à droite","Quartier plus populaire",38,12.25,21.47,10,48.884546,2.217208
42,"Rue du Tir",92000,92050,Nanterre,1,0,0,"Plutôt à droite","Quartier aisé",38,12.25,21.47,8,48.881974,2.219419
43,"Rue des Pavillons",92000,92050,Nanterre,1,0,0,"Plutôt à droite","Quartier aisé",38,12.25,21.47,8,48.882078,2.218853
43,"Rue du Tir",92000,92050,Nanterre,2,0,0,"Plutôt à droite","Quartier aisé",38,12.25,21.47,8,48.88223,2.219408
44,"Avenue Félix Faure",92000,92050,Nanterre,1,0,0,"Plutôt à droite","Quartier aisé",38,12.25,21.47,8,48.884271,2.217328
44,"Rue André Sabatier",92000,92050,Nanterre,1,0,0,"Plutôt à droite","Quartier aisé",38,12.25,21.47,8,48.881752,2.216388
44,"Rue du Tir",92000,92050,Nanterre,1,0,0,"Plutôt à droite","Quartier aisé",38,12.25,21.47,8,48.88182,2.219397
45,"Rue du Tir",92000,92050,Nanterre,1,0,0,"Plutôt à droite","Revenu moyen",38,12.25,21.47,9,48.882472,2.219784
46,"Avenue Félix Faure",92000,92050,Nanterre,1,0,0,"Plutôt à droite","Quartier plus populaire",38,12.25,21.47,10,48.88448,2.217528
46,"Rue André Sabatier",92000,92050,Nanterre,1,0,0,"Plutôt à droite","Quartier aisé",38,12.25,21.47,8,48.881797,2.216467
47,"Rue du Tir",92000,92050,Nanterre,1,0,0,"Plutôt à droite","Quartier aisé",38,12.25,21.47,8,48.88217,2.219564
48,"Avenue Félix Faure",92000,92050,Nanterre,1,0,0,"Plutôt à droite","Quartier aisé",38,12.25,21.47,8,48.884421,2.217613
48,"Route des Fusillés de la Résistance",92000,92050,Nanterre,2,0,0,"Plutôt à droite","Revenu moyen",38,12.25,21.47,9,48.882033,2.222193
48,"Rue André Sabatier",92000,92050,Nanterre,1,0,0,"Plutôt à droite","Quartier aisé",38,12.25,21.47,8,48.881854,2.216586
48,"Rue du Tir",92000,92050,Nanterre,1,0,0,"Plutôt à droite","Revenu moyen",38,12.25,21.47,9,48.881776,2.219912
4bis,"Rue du Tir",92000,92050,Nanterre,1,0,0,"Plutôt à droite","Quartier aisé",38,12.25,21.47,8,48.882657,2.217707
4bis,"Rue Romain Rolland",92000,92050,Nanterre,1,0,0,"Plutôt à droite","Quartier aisé",38,12.25,21.47,8,48.88144,2.217061
4ter,"Rue Romain Rolland",92000,92050,Nanterre,1,0,0,"Plutôt à droite","Quartier aisé",38,12.25,21.47,8,48.881417,2.216977
5,"Rue Clarin Bonaventure Baixas",92000,92050,Nanterre,1,0,0,"Plutôt à droite","Quartier aisé",38,12.25,21.47,8,48.882737,2.219142
5,"Rue du Tir",92000,92050,Nanterre,1,0,0,"Plutôt à droite","Quartier aisé",38,12.25,21.47,8,48.882998,2.218084
5,"Rue Romain Rolland",92000,92050,Nanterre,1,0,0,"Plutôt à droite","Quartier aisé",38,12.25,21.47,8,48.88082,2.216781
5,"Villa des Marronniers",92000,92050,Nanterre,1,0,0,"Plutôt à droite","Revenu moyen",38,12.25,21.47,10,48.88289,2.22049
50,"Avenue Félix Faure",92000,92050,Nanterre,1,0,0,"Plutôt à droite","Quartier aisé",38,12.25,21.47,8,48.884399,2.217793
50,"Rue du Tir",92000,92050,Nanterre,1,0,0,"Plutôt à droite","Revenu moyen",38,12.25,21.47,9,48.881602,2.219926
52,"Avenue Félix Faure",92000,92050,Nanterre,1,0,0,"Plutôt à droite","Quartier aisé",38,12.25,21.47,8,48.883982,2.217618
52,"Rue André Sabatier",92000,92050,Nanterre,1,0,0,"Plutôt à droite","Quartier aisé",38,12.25,21.47,8,48.881868,2.216685
52,"Rue du Tir",92000,92050,Nanterre,6,0,0,"Plutôt à droite","Revenu moyen",38,12.25,21.47,10,48.881579,2.220527
53,"Rue du Tir",92000,92050,Nanterre,1,0,0,"Plutôt à droite","Revenu moyen",38,12.25,21.47,9,48.882141,2.219858
54,"Route des Fusillés de la Résistance",92000,92050,Nanterre,1,0,0,"Plutôt à droite","Revenu moyen",38,12.25,21.47,9,48.881864,2.221817
54,"Rue André Sabatier",92000,92050,Nanterre,1,0,0,"Plutôt à droite","Quartier aisé",38,12.25,21.47,8,48.88192,2.216763
54,"Rue du Tir",92000,92050,Nanterre,2,1,0,"Plutôt à droite","Revenu moyen",38,12.25,21.47,10,48.881509,2.220549
56,"Avenue Félix Faure",92000,92050,Nanterre,1,0,0,"Plutôt à droite","Quartier aisé",38,12.25,21.47,8,48.884321,2.218037
56,"Route des Fusillés de la Résistance",92000,92050,Nanterre,1,0,0,"Plutôt à droite","Revenu moyen",38,12.25,21.47,9,48.881782,2.221786
56,"Rue du Tir",92000,92050,Nanterre,1,1,0,"Plutôt à droite","Revenu moyen",38,12.25,21.47,10,48.88147,2.220629
57,"Rue du Tir",92000,92050,Nanterre,1,0,0,"Plutôt à droite","Revenu moyen",38,12.25,21.47,9,48.88201,2.219989
58,"Avenue Félix Faure",92000,92050,Nanterre,1,0,0,"Plutôt à droite","Quartier aisé",38,12.25,21.47,8,48.884286,2.218156
58,"Route des Fusillés de la Résistance",92000,92050,Nanterre,1,0,0,"Plutôt à droite","Revenu moyen",38,12.25,21.47,9,48.88171,2.221701
58,"Rue André Sabatier",92000,92050,Nanterre,1,0,0,"Plutôt à droite","Quartier aisé",38,12.25,21.47,8,48.882017,2.216845
58,"Rue du Tir",92000,92050,Nanterre,1,1,0,"Plutôt à droite","Revenu moyen",38,12.25,21.47,10,48.881446,2.220676
59,"Rue du Tir",92000,92050,Nanterre,1,0,0,"Plutôt à droite","Revenu moyen",38,12.25,21.47,9,48.881963,2.220055
6,"Avenue Alexandre",92000,92050,Nanterre,1,0,0,"Plutôt à droite","Quartier plus populaire",38,12.25,21.47,13,48.885741,2.211454
6,"Rue André Sabatier",92000,92050,Nanterre,1,0,0,"Plutôt à droite","Quartier aisé",38,12.25,21.47,7,48.880534,2.215145
6,"Rue de Verdun",92000,92050,Nanterre,4,0,0,"Plutôt à droite","Quartier aisé",38,12.25,21.47,8,48.883742,2.218102
6,"Rue du Tir",92000,92050,Nanterre,1,0,0,"Plutôt à droite","Quartier aisé",38,12.25,21.47,8,48.882759,2.217963
6,"Rue Romain Rolland",92000,92050,Nanterre,1,0,0,"Plutôt à droite","Quartier aisé",38,12.25,21.47,8,48.881317,2.216822
6,"Villa des Marronniers",92000,92050,Nanterre,1,0,0,"Plutôt à droite","Revenu moyen",38,12.25,21.47,10,48.882991,2.220348
6ter,"Rue Romain Rolland",92000,92050,Nanterre,2,0,0,"Plutôt à droite","Quartier aisé",38,12.25,21.47,8,48.881185,2.216623
60,"Rue André Sabatier",92000,92050,Nanterre,1,0,0,"Plutôt à droite","Quartier aisé",38,12.25,21.47,8,48.88191,2.217115
60,"Rue du Tir",92000,92050,Nanterre,2,1,0,"Plutôt à droite","Revenu moyen",38,12.25,21.47,10,48.881404,2.220774
62,"Avenue Félix Faure",92000,92050,Nanterre,1,0,0,"Plutôt à droite","Quartier aisé",38,12.25,21.47,8,48.884204,2.218745
62,"Rue André Sabatier",92000,92050,Nanterre,1,0,0,"Plutôt à droite","Quartier aisé",38,12.25,21.47,8,48.88213,2.217065
63,"Rue du Tir",92000,92050,Nanterre,21,0,0,"Plutôt à droite","Revenu moyen",38,12.25,21.47,10,48.88193,2.220183
64,"Avenue Félix Faure",92000,92050,Nanterre,1,0,0,"Plutôt à droite","Quartier aisé",38,12.25,21.47,8,48.884141,2.218821
64,"Rue du Tir",92000,92050,Nanterre,1,0,0,"Plutôt à droite","Revenu moyen",38,12.25,21.47,9,48.881335,2.221005
65,"Rue du Tir",92000,92050,Nanterre,20,0,0,"Plutôt à droite","Revenu moyen",38,12.25,21.47,10,48.881917,2.220214
66,"Rue André Sabatier",92000,92050,Nanterre,1,0,0,"Plutôt à droite","Quartier aisé",38,12.25,21.47,8,48.882206,2.217155
68,"Avenue Félix Faure",92000,92050,Nanterre,1,0,0,"Plutôt à droite","Quartier aisé",38,12.25,21.47,8,48.88404,2.219147
68,"Route des Fusillés de la Résistance",92000,92050,Nanterre,1,0,0,"Plutôt à droite","Revenu moyen",38,12.25,21.47,9,48.881265,2.221059
68,"Rue André Sabatier",92000,92050,Nanterre,1,0,0,"Plutôt à droite","Quartier aisé",38,12.25,21.47,8,48.882232,2.217283
69,"Rue du Tir",92000,92050,Nanterre,1,0,0,"Plutôt à droite","Revenu moyen",38,12.25,21.47,9,48.881807,2.220558
6bis,"Rue Romain Rolland",92000,92050,Nanterre,1,0,0,"Plutôt à droite","Quartier aisé",38,12.25,21.47,8,48.881255,2.216759
7,"Rue Clarin Bonaventure Baixas",92000,92050,Nanterre,1,0,0,"Plutôt à droite","Quartier aisé",38,12.25,21.47,8,48.882658,2.219303
7,"Rue des Pavillons",92000,92050,Nanterre,1,0,0,"Plutôt à droite","Quartier aisé",38,12.25,21.47,9,48.880957,2.219536
7,"Rue du Tir",92000,92050,Nanterre,1,0,0,"Plutôt à droite","Quartier aisé",38,12.25,21.47,8,48.882991,2.218194
7,"Rue Gustave Flourens",92000,92050,Nanterre,1,0,0,"Plutôt à droite","Quartier aisé",38,12.25,21.47,8,48.881446,2.21627
70,"Avenue Félix Faure",92000,92050,Nanterre,1,0,0,"Plutôt à droite","Quartier aisé",38,12.25,21.47,8,48.884018,2.219313
70,"Rue André Sabatier",92000,92050,Nanterre,1,0,0,"Plutôt à droite","Quartier aisé",38,12.25,21.47,8,48.882269,2.217367
71,"Rue de Suresnes",92000,92050,Nanterre,1,0,0,"Plutôt à droite","Revenu moyen",38,12.25,21.47,9,48.884003,2.215278
71,"Rue du Tir",92000,92050,Nanterre,1,0,0,"Plutôt à droite","Revenu moyen",38,12.25,21.47,9,48.881676,2.220597
72,"Avenue Félix Faure",92000,92050,Nanterre,1,0,0,"Plutôt à droite","Revenu moyen",38,12.25,21.47,10,48.883939,2.219486
73,"Rue de Suresnes",92000,92050,Nanterre,1,0,0,"Plutôt à droite","Revenu moyen",38,12.25,21.47,9,48.88398,2.215375
73,"Rue du Tir",92000,92050,Nanterre,1,0,0,"Plutôt à droite","Revenu moyen",38,12.25,21.47,9,48.881687,2.22072
74,"Avenue Félix Faure",92000,92050,Nanterre,1,0,0,"Plutôt à droite","Revenu moyen",38,12.25,21.47,10,48.883917,2.219628
74,"Route des Fusillés de la Résistance",92000,92050,Nanterre,3,6,0,"Plutôt à droite","Revenu moyen",38,12.25,21.47,24,48.88117,2.220752
75,"Rue de Suresnes",92000,92050,Nanterre,1,0,0,"Plutôt à droite","Revenu moyen",38,12.25,21.47,9,48.883984,2.21554
75,"Rue du Tir",92000,92050,Nanterre,1,0,0,"Plutôt à droite","Revenu moyen",38,12.25,21.47,9,48.881606,2.2208
77,"Rue de Suresnes",92000,92050,Nanterre,1,0,0,"Plutôt à droite","Revenu moyen",38,12.25,21.47,9,48.883835,2.215497
78,"Route des Fusillés de la Résistance",92000,92050,Nanterre,1,0,0,"Plutôt à droite","Quartier aisé",38,12.25,21.47,8,48.881035,2.220538
79,"Rue de Suresnes",92000,92050,Nanterre,1,0,0,"Plutôt à droite","Revenu moyen",38,12.25,21.47,9,48.883817,2.215664
7bis,"Rue du Tir",92000,92050,Nanterre,1,0,0,"Plutôt à droite","Quartier aisé",38,12.25,21.47,8,48.882967,2.218323
8,"Avenue Alexandre",92000,92050,Nanterre,1,0,0,"Plutôt à droite","Quartier plus populaire",38,12.25,21.47,13,48.885723,2.211514
8,"Rue André Sabatier",92000,92050,Nanterre,2,0,0,"Plutôt à droite","Quartier aisé",38,12.25,21.47,7,48.880598,2.215231
8,"Rue du Tir",92000,92050,Nanterre,1,0,0,"Plutôt à droite","Quartier aisé",38,12.25,21.47,8,48.882712,2.21812
8,"Rue Romain Rolland",92000,92050,Nanterre,1,0,0,"Plutôt à droite","Quartier aisé",38,12.25,21.47,8,48.881073,2.216512
80,"Avenue Félix Faure",92000,92050,Nanterre,1,0,0,"Plutôt à droite","Revenu moyen",38,12.25,21.47,10,48.883761,2.219908
81,"Rue de Suresnes",92000,92050,Nanterre,1,0,0,"Plutôt à droite","Revenu moyen",38,12.25,21.47,9,48.884165,2.215958
81,"Rue du Tir",92000,92050,Nanterre,1,0,0,"Plutôt à droite","Revenu moyen",38,12.25,21.47,9,48.881618,2.220907
82,"Avenue Félix Faure",92000,92050,Nanterre,1,0,0,"Plutôt à droite","Revenu moyen",38,12.25,21.47,10,48.883753,2.220103
85,"Rue de Suresnes",92000,92050,Nanterre,1,0,0,"Plutôt à droite","Revenu moyen",38,12.25,21.47,9,48.884033,2.216238
85,"Rue du Tir",92000,92050,Nanterre,3,0,0,"Plutôt à droite","Revenu moyen",38,12.25,21.47,9,48.881538,2.220984
86,"Avenue Félix Faure",92000,92050,Nanterre,1,0,0,"Plutôt à droite","Revenu moyen",38,12.25,21.47,10,48.883672,2.220254
87,"Rue du Tir",92000,92050,Nanterre,1,0,0,"Plutôt à droite","Revenu moyen",38,12.25,21.47,9,48.88148,2.221014
89,"Rue du Tir",92000,92050,Nanterre,1,0,0,"Plutôt à droite","Revenu moyen",38,12.25,21.47,9,48.881507,2.221115
89bis,"Rue du Tir",92000,92050,Nanterre,1,0,0,"Plutôt à droite","Revenu moyen",38,12.25,21.47,9,48.881452,2.221137
8bis,"Rue du Tir",92000,92050,Nanterre,1,0,0,"Plutôt à droite","Quartier aisé",38,12.25,21.47,8,48.882647,2.218214
8bis,"Rue Romain Rolland",92000,92050,Nanterre,1,0,0,"Plutôt à droite","Quartier aisé",38,12.25,21.47,8,48.881005,2.216433
8ter,"Rue Romain Rolland",92000,92050,Nanterre,1,0,0,"Plutôt à droite","Quartier aisé",38,12.25,21.47,8,48.880885,2.216288
9,"Rue du Tir",92000,92050,Nanterre,1,0,0,"Plutôt à droite","Quartier aisé",38,12.25,21.47,8,48.8829,2.218374
9,"Villa des Marronniers",92000,92050,Nanterre,1,0,0,"Plutôt à droite","Revenu moyen",38,12.25,21.47,9,48.882739,2.220335
90,"Avenue Félix Faure",92000,92050,Nanterre,1,0,0,"Plutôt à droite","Revenu moyen",38,12.25,21.47,10,48.883636,2.22042
90,"Route des Fusillés de la Résistance",92000,92050,Nanterre,1,0,0,"Plutôt à droite","Quartier aisé",38,12.25,21.47,9,48.880578,2.219855
91,"Rue de Suresnes",92000,92050,Nanterre,1,0,0,"Plutôt à droite","Revenu moyen",38,12.25,21.47,9,48.883417,2.216344
91,"Rue du Tir",92000,92050,Nanterre,1,0,0,"Plutôt à droite","Revenu moyen",38,12.25,21.47,9,48.881978,2.221802
92,"Avenue Félix Faure",92000,92050,Nanterre,1,0,0,"Plutôt à droite","Revenu moyen",38,12.25,21.47,10,48.883627,2.220609
92,"Route des Fusillés de la Résistance",92000,92050,Nanterre,1,0,0,"Plutôt à droite","Quartier aisé",38,12.25,21.47,9,48.880448,2.219834
94,"Route des Fusillés de la Résistance",92000,92050,Nanterre,1,0,0,"Plutôt à droite","Quartier aisé",38,12.25,21.47,9,48.880572,2.219589
95,"Rue du Tir",92000,92050,Nanterre,1,0,0,"Plutôt à droite","Revenu moyen",38,12.25,21.47,9,48.881658,2.221518
96,"Avenue Félix Faure",92000,92050,Nanterre,1,0,0,"Plutôt à droite","Revenu moyen",38,12.25,21.47,10,48.883557,2.22079
96,"Route des Fusillés de la Résistance",92000,92050,Nanterre,1,0,0,"Plutôt à droite","Quartier aisé",38,12.25,21.47,9,48.880457,2.219574
97,"Rue de Suresnes",92000,92050,Nanterre,1,0,0,"Plutôt à droite","Revenu moyen",38,12.25,21.47,9,48.883389,2.216559
97,"Rue du Tir",92000,92050,Nanterre,1,0,0,"Plutôt à droite","Revenu moyen",38,12.25,21.47,9,48.881544,2.221475
99,"Rue de Suresnes",92000,92050,Nanterre,1,0,0,"Plutôt à droite","Revenu moyen",38,12.25,21.47,9,48.88335,2.216707
99bis,"Rue de Suresnes",92000,92050,Nanterre,1,0,0,"Plutôt à droite","Quartier aisé",38,12.25,21.47,8,48.883534,2.216849
1,"Avenue Alexandre",92000,92050,Nanterre,1,0,0,"Plutôt à droite","Quartier plus populaire",49,22.48,33.61,12,48.885919,2.210844
1,"Rue des Alouettes",92000,92050,Nanterre,1,0,0,"Plutôt à droite","Quartier plus populaire",49,22.48,33.61,15,48.885318,2.21466
1,"Rue Pasteur",92000,92050,Nanterre,1,0,0,"Plutôt à droite","Quartier plus populaire",49,22.48,33.61,16,48.88541,2.21972
103,"Avenue Félix Faure",92000,92050,Nanterre,1,0,0,"Plutôt à droite","Revenu moyen",49,22.48,33.61,12,48.883799,2.220801
105,"Avenue Félix Faure",92000,92050,Nanterre,1,0,0,"Plutôt à droite","Revenu moyen",49,22.48,33.61,12,48.883751,2.220916
107,"Avenue Félix Faure",92000,92050,Nanterre,1,0,0,"Plutôt à droite","Revenu moyen",49,22.48,33.61,12,48.883695,2.221047
109,"Avenue Félix Faure",92000,92050,Nanterre,4,0,0,"Plutôt à droite","Revenu moyen",49,22.48,33.61,12,48.883933,2.221286
11,"Avenue Alexandre",92000,92050,Nanterre,2,0,0,"Plutôt à droite","Revenu moyen",49,22.48,33.61,10,48.885886,2.211676
11,"Avenue Félix Faure",92000,92050,Nanterre,1,0,0,"Plutôt à droite","Quartier plus populaire",49,22.48,33.61,15,48.885496,2.215126
11,"Passage Antoine Riou",92000,92050,Nanterre,1,0,0,"Plutôt à droite","Quartier plus populaire",49,22.48,33.61,12,48.885312,2.216953
11,"Rue de Suresnes",92000,92050,Nanterre,1,0,0,"Plutôt à droite","Quartier plus populaire",49,22.48,33.61,15,48.885676,2.211178
11,"Rue Pasteur",92000,92050,Nanterre,1,0,0,"Plutôt à droite","Quartier plus populaire",49,22.48,33.61,16,48.884913,2.219438
111,"Avenue Félix Faure",92000,92050,Nanterre,1,0,0,"Plutôt à droite","Revenu moyen",49,22.48,33.61,12,48.883617,2.221214
113,"Avenue Félix Faure",92000,92050,Nanterre,1,0,0,"Plutôt à droite","Revenu moyen",49,22.48,33.61,12,48.883618,2.221319
117,"Avenue Félix Faure",92000,92050,Nanterre,1,0,0,"Plutôt à droite","Revenu moyen",49,22.48,33.61,12,48.883622,2.221449
12,"Avenue Alexandre",92000,92050,Nanterre,1,0,0,"Plutôt à droite","Quartier plus populaire",49,22.48,33.61,15,48.885672,2.211746
12,"Avenue Félix Faure",92000,92050,Nanterre,11,0,0,"Plutôt à droite","Quartier plus populaire",49,22.48,33.61,15,48.885373,2.214755
125,"Avenue Félix Faure",92000,92050,Nanterre,5,18,0,"Plutôt à droite","Revenu moyen",49,22.48,33.61,41,48.883866,2.221983
127,"Avenue Félix Faure",92000,92050,Nanterre,12,0,0,"Plutôt à droite","Revenu moyen",49,22.48,33.61,12,48.883538,2.2217
128,"Avenue Georges Clemenceau",92000,92050,Nanterre,9,0,0,"Plutôt à droite","Quartier plus populaire",49,22.48,33.61,12,48.88611,2.210619
129,"Avenue Félix Faure",92000,92050,Nanterre,4,0,0,"Plutôt à droite","Revenu moyen",49,22.48,33.61,12,48.883492,2.221844
13,"Avenue Félix Faure",92000,92050,Nanterre,2,0,0,"Plutôt à droite","Quartier plus populaire",49,22.48,33.61,15,48.885416,2.215275
133,"Avenue Félix Faure",92000,92050,Nanterre,1,0,0,"Plutôt à droite","Revenu moyen",49,22.48,33.61,12,48.883423,2.222019
137,"Avenue Félix Faure",92000,92050,Nanterre,2,0,0,"Plutôt à droite","Revenu moyen",49,22.48,33.61,12,48.883365,2.222137
14,"Avenue Alexandre",92000,92050,Nanterre,1,0,0,"Plutôt à droite","Quartier plus populaire",49,22.48,33.61,15,48.885572,2.211844
14,"Passage Antoine Riou",92000,92050,Nanterre,1,0,0,"Plutôt à droite","Quartier plus populaire",49,22.48,33.61,12,48.885421,2.216469
14,"Rue Salembier",92000,92050,Nanterre,1,0,0,"Plutôt à droite","Quartier plus populaire",49,22.48,33.61,15,48.885419,2.211971
141,"Avenue Félix Faure",92000,92050,Nanterre,1,0,0,"Plutôt à droite","Quartier aisé",49,22.48,33.61,12,48.883306,2.222273
142,"Avenue Georges Clemenceau",92000,92050,Nanterre,3,0,0,"Plutôt à droite","Revenu moyen",49,22.48,33.61,10,48.886116,2.210849
145,"Avenue Félix Faure",92000,92050,Nanterre,1,0,0,"Plutôt à droite","Quartier aisé",49,22.48,33.61,12,48.883318,2.222427
146,"Avenue Georges Clemenceau",92000,92050,Nanterre,1,0,0,"Plutôt à droite","Revenu moyen",49,22.48,33.61,10,48.886119,2.211127
147,"Avenue Félix Faure",92000,92050,Nanterre,1,0,0,"Plutôt à droite","Quartier aisé",49,22.48,33.61,12,48.883279,2.222494
149,"Avenue Félix Faure",92000,92050,Nanterre,1,0,0,"Plutôt à droite","Quartier aisé",49,22.48,33.61,12,48.883264,2.22256
15,"Avenue Alexandre",92000,92050,Nanterre,1,0,0,"Plutôt à droite","Quartier plus populaire",49,22.48,33.61,15,48.885829,2.211781
15,"Passage Antoine Riou",92000,92050,Nanterre,1,0,0,"Plutôt à droite","Quartier plus populaire",49,22.48,33.61,12,48.885188,2.217057
15,"Rue de Suresnes",92000,92050,Nanterre,1,0,0,"Plutôt à droite","Quartier plus populaire",49,22.48,33.61,15,48.885573,2.211447
15,"Rue Salembier",92000,92050,Nanterre,1,0,0,"Plutôt à droite","Quartier plus populaire",49,22.48,33.61,15,48.885339,2.21225
150,"Avenue Georges Clemenceau",92000,92050,Nanterre,1,0,0,"Plutôt à droite","Revenu moyen",49,22.48,33.61,10,48.886101,2.211406
158,"Avenue Georges Clemenceau",92000,92050,Nanterre,1,0,0,"Plutôt à droite","Revenu moyen",49,22.48,33.61,10,48.886055,2.211767
16,"Rue Pasteur",92000,92050,Nanterre,1,0,0,"Plutôt à droite","Quartier plus populaire",49,22.48,33.61,16,48.88501,2.219299
162,"Avenue Georges Clemenceau",92000,92050,Nanterre,1,0,0,"Plutôt à droite","Revenu moyen",49,22.48,33.61,10,48.88602,2.21196
17,"Avenue Alexandre",92000,92050,Nanterre,1,0,0,"Plutôt à droite","Quartier plus populaire",49,22.48,33.61,15,48.885818,2.211963
17,"Avenue Félix Faure",92000,92050,Nanterre,1,0,0,"Plutôt à droite","Quartier plus populaire",49,22.48,33.61,15,48.885318,2.21558
17bis,"Avenue Félix Faure",92000,92050,Nanterre,1,0,0,"Plutôt à droite","Quartier plus populaire",49,22.48,33.61,15,48.885282,2.215721
176,"Avenue Georges Clemenceau",92000,92050,Nanterre,16,12,0,"Plutôt à droite","Revenu moyen",49,22.48,33.61,39,48.885996,2.212896
18,"Avenue Alexandre",92000,92050,Nanterre,1,0,0,"Plutôt à droite","Quartier plus populaire",49,22.48,33.61,15,48.885572,2.21202
182,"Avenue Georges Clemenceau",92000,92050,Nanterre,6,0,0,"Plutôt à droite","Revenu moyen",49,22.48,33.61,10,48.885957,2.213321
184,"Avenue Georges Clemenceau",92000,92050,Nanterre,7,0,0,"Plutôt à droite","Quartier plus populaire",49,22.48,33.61,15,48.885949,2.213463
19,"Avenue Alexandre",92000,92050,Nanterre,1,0,0,"Plutôt à droite","Quartier plus populaire",49,22.48,33.61,15,48.885796,2.212159
19,"Avenue Félix Faure",92000,92050,Nanterre,1,0,0,"Plutôt à droite","Quartier plus populaire",49,22.48,33.61,15,48.885248,2.215867
19,"Rue de Suresnes",92000,92050,Nanterre,1,0,0,"Plutôt à droite","Quartier plus populaire",49,22.48,33.61,15,48.8855,2.211638
1bis,"Rue Pasteur",92000,92050,Nanterre,1,0,0,"Plutôt à droite","Quartier plus populaire",49,22.48,33.61,16,48.88528,2.219654
2,"Avenue Félix Faure",92000,92050,Nanterre,68,147,0,"Plutôt à droite","Quartier plus populaire",49,22.48,33.61,47,48.88565,2.21388
2,"Rue des Alouettes",92000,92050,Nanterre,1,0,0,"Plutôt à droite","Quartier plus populaire",49,22.48,33.61,15,48.885444,2.214403
20,"Avenue Alexandre",92000,92050,Nanterre,1,0,0,"Plutôt à droite","Quartier plus populaire",49,22.48,33.61,15,48.88544,2.21241
20,"Avenue Félix Faure",92000,92050,Nanterre,1,0,0,"Plutôt à droite","Quartier plus populaire",49,22.48,33.61,15,48.885134,2.215389
200,"Avenue Georges Clemenceau",92000,92050,Nanterre,1,0,0,"Plutôt à droite","Quartier plus populaire",49,22.48,33.61,15,48.885812,2.214905
206,"Avenue Georges Clemenceau",92000,92050,Nanterre,1,0,0,"Plutôt à droite","Quartier plus populaire",49,22.48,33.61,15,48.885776,2.215312
21,"Avenue Alexandre",92000,92050,Nanterre,1,0,0,"Plutôt à droite","Quartier plus populaire",49,22.48,33.61,15,48.885684,2.212212
21,"Avenue Félix Faure",92000,92050,Nanterre,1,0,0,"Plutôt à droite","Quartier plus populaire",49,22.48,33.61,15,48.885202,2.21598
21,"Rue Pasteur",92000,92050,Nanterre,1,0,0,"Plutôt à droite","Quartier plus populaire",49,22.48,33.61,12,48.884594,2.219223
210,"Avenue Georges Clemenceau",92000,92050,Nanterre,12,0,0,"Plutôt à droite","Quartier plus populaire",49,22.48,33.61,15,48.885789,2.215616
212,"Avenue Georges Clemenceau",92000,92050,Nanterre,8,0,0,"Plutôt à droite","Quartier plus populaire",49,22.48,33.61,15,48.885759,2.215981
216,"Avenue Georges Clemenceau",92000,92050,Nanterre,1,0,0,"Plutôt à droite","Quartier plus populaire",49,22.48,33.61,15,48.885455,2.216121
22,"Avenue Alexandre",92000,92050,Nanterre,1,0,0,"Plutôt à droite","Quartier plus populaire",49,22.48,33.61,15,48.88542,2.212506
22,"Avenue Félix Faure",92000,92050,Nanterre,1,0,0,"Plutôt à droite","Quartier plus populaire",49,22.48,33.61,15,48.884982,2.215564
22,"Rue Pasteur",92000,92050,Nanterre,7,18,0,"Plutôt à droite","Quartier plus populaire",49,22.48,33.61,41,48.884818,2.218965
224,"Avenue Georges Clemenceau",92000,92050,Nanterre,5,0,0,"Plutôt à droite","Quartier plus populaire",49,22.48,33.61,12,48.885727,2.2165
23,"Avenue Alexandre",92000,92050,Nanterre,3,0,0,"Plutôt à droite","Quartier plus populaire",49,22.48,33.61,15,48.88565,2.21249
23,"Avenue Félix Faure",92000,92050,Nanterre,1,0,0,"Plutôt à droite","Quartier plus populaire",49,22.48,33.61,15,48.885278,2.216221
24,"Avenue Félix Faure",92000,92050,Nanterre,3,9,0,"Plutôt à droite","Quartier plus populaire",49,22.48,33.61,41,48.885032,2.215749
24,"Rue Pasteur",92000,92050,Nanterre,7,0,0,"Plutôt à droite","Quartier plus populaire",49,22.48,33.61,12,48.884898,2.218817
242,"Avenue Georges Clemenceau",92000,92050,Nanterre,5,0,0,"Plutôt à droite","Quartier plus populaire",49,22.48,33.61,12,48.88563,2.217439
244,"Avenue Georges Clemenceau",92000,92050,Nanterre,1,0,0,"Plutôt à droite","Quartier plus populaire",49,22.48,33.61,12,48.8856,2.217717
248,"Avenue Georges Clemenceau",92000,92050,Nanterre,2,0,0,"Plutôt à droite","Quartier plus populaire",49,22.48,33.61,12,48.885574,2.218111
25,"Avenue Alexandre",92000,92050,Nanterre,1,0,0,"Plutôt à droite","Quartier plus populaire",49,22.48,33.61,15,48.885638,2.212651
25,"Rue de Suresnes",92000,92050,Nanterre,1,0,0,"Plutôt à droite","Quartier plus populaire",49,22.48,33.61,15,48.885159,2.212338
25,"Rue Pasteur",92000,92050,Nanterre,1,0,0,"Plutôt à droite","Quartier aisé",49,22.48,33.61,9,48.884403,2.219133
250,"Avenue Georges Clemenceau",92000,92050,Nanterre,1,0,0,"Plutôt à droite","Quartier plus populaire",49,22.48,33.61,12,48.885575,2.218224
252,"Avenue Georges Clemenceau",92000,92050,Nanterre,1,0,0,"Plutôt à droite","Quartier plus populaire",49,22.48,33.61,12,48.885568,2.218318
258,"Avenue Georges Clemenceau",92000,92050,Nanterre,23,0,0,"Plutôt à droite","Quartier plus populaire",49,22.48,33.61,13,48.885422,2.218854
26,"Rue Pasteur",92000,92050,Nanterre,14,0,0,"Plutôt à droite","Quartier plus populaire",49,22.48,33.61,12,48.884838,2.218231
26,"Rue Pierre Curie",92000,92050,Nanterre,6,0,0,"Plutôt à droite","Quartier aisé",49,22.48,33.61,12,48.884439,2.223613
27,"Avenue Alexandre",92000,92050,Nanterre,1,0,0,"Plutôt à droite","Quartier plus populaire",49,22.48,33.61,15,48.885619,2.212818
27,"Rue de Suresnes",92000,92050,Nanterre,1,0,0,"Plutôt à droite","Quartier plus populaire",49,22.48,33.61,15,48.885119,2.212427
27,"Rue Pierre Curie",92000,92050,Nanterre,1,0,0,"Plutôt à droite","Quartier aisé",49,22.48,33.61,12,48.884184,2.22327
272,"Avenue Georges Clemenceau",92000,92050,Nanterre,1,0,0,"Plutôt à droite","Quartier plus populaire",49,22.48,33.61,16,48.885425,2.219431
274,"Avenue Georges Clemenceau",92000,92050,Nanterre,2,0,0,"Plutôt à droite","Quartier plus populaire",49,22.48,33.61,16,48.885408,2.219524
276,"Avenue Georges Clemenceau",92000,92050,Nanterre,1,0,0,"Plutôt à droite","Quartier plus populaire",49,22.48,33.61,16,48.885477,2.219781
28,"Avenue Alexandre",92000,92050,Nanterre,1,0,0,"Plutôt à droite","Quartier plus populaire",49,22.48,33.61,15,48.885298,2.212799
28,"Rue Pasteur",92000,92050,Nanterre,1,0,0,"Plutôt à droite","Quartier plus populaire",49,22.48,33.61,12,48.884751,2.218954
28,"Rue Pierre Curie",92000,92050,Nanterre,1,0,0,"Plutôt à droite","Quartier aisé",49,22.48,33.61,12,48.884453,2.223585
284,"Avenue Georges Clemenceau",92000,92050,Nanterre,5,0,0,"Plutôt à droite","Quartier plus populaire",49,22.48,33.61,16,48.88539,2.220223
288,"Avenue Georges Clemenceau",92000,92050,Nanterre,1,0,0,"Plutôt à droite","Quartier plus populaire",49,22.48,33.61,16,48.885186,2.22026
29,"Rue de Suresnes",92000,92050,Nanterre,1,0,0,"Plutôt à droite","Quartier plus populaire",49,22.48,33.61,15,48.885187,2.212603
29,"Rue Pierre Curie",92000,92050,Nanterre,1,0,0,"Plutôt à droite","Quartier aisé",49,22.48,33.61,12,48.884222,2.223212
290,"Avenue Georges Clemenceau",92000,92050,Nanterre,2,0,0,"Plutôt à droite","Quartier plus populaire",49,22.48,33.61,16,48.885399,2.220605
294,"Avenue Georges Clemenceau",92000,92050,Nanterre,10,0,0,"Plutôt à droite","Quartier plus populaire",49,22.48,33.61,16,48.885254,2.220695
296,"Avenue Georges Clemenceau",92000,92050,Nanterre,5,0,0,"Plutôt à droite","Quartier plus populaire",49,22.48,33.61,16,48.885164,2.221013
3,"Avenue Alexandre",92000,92050,Nanterre,1,0,0,"Plutôt à droite","Revenu moyen",49,22.48,33.61,10,48.885836,2.211051
3,"Avenue Alexandre",92000,92050,Nanterre,1,0,0,"Plutôt à droite","Revenu moyen",49,22.48,33.61,10,48.885836,2.211051
3,"Avenue Pierre Curie",92000,92050,Nanterre,1,0,0,"Plutôt à droite","Quartier plus populaire",49,22.48,33.61,16,48.885029,2.221236
3,"Passage Antoine Riou",92000,92050,Nanterre,1,0,0,"Plutôt à droite","Quartier plus populaire",49,22.48,33.61,12,48.88535,2.217577
3,"Rue des Alouettes",92000,92050,Nanterre,6,0,0,"Plutôt à droite","Quartier plus populaire",49,22.48,33.61,15,48.885147,2.214741
3,"Rue Pasteur",92000,92050,Nanterre,2,0,0,"Plutôt à droite","Quartier plus populaire",49,22.48,33.61,16,48.885235,2.219628
3bis,"Avenue Pierre Curie",92000,92050,Nanterre,2,0,0,"Plutôt à droite","Quartier plus populaire",49,22.48,33.61,16,48.884967,2.221149
30,"Avenue Alexandre",92000,92050,Nanterre,1,0,0,"Plutôt à droite","Quartier plus populaire",49,22.48,33.61,15,48.88527,2.212932
30,"Rue Pierre Curie",92000,92050,Nanterre,1,2,0,"Plutôt à droite","Quartier aisé",49,22.48,33.61,13,48.884627,2.22362
31,"Avenue Alexandre",92000,92050,Nanterre,2,0,0,"Plutôt à droite","Quartier plus populaire",49,22.48,33.61,15,48.885532,2.212943
31,"Avenue Félix Faure",92000,92050,Nanterre,1,0,0,"Plutôt à droite","Quartier plus populaire",49,22.48,33.61,12,48.88509,2.216611
31,"Rue de Suresnes",92000,92050,Nanterre,1,0,0,"Plutôt à droite","Quartier plus populaire",49,22.48,33.61,15,48.885078,2.212673
31,"Rue Pierre Curie",92000,92050,Nanterre,1,0,0,"Plutôt à droite","Quartier aisé",49,22.48,33.61,12,48.884217,2.223114
32,"Rue Pierre Curie",92000,92050,Nanterre,1,0,0,"Plutôt à droite","Quartier aisé",49,22.48,33.61,12,48.884425,2.223335
326,"Avenue Georges Clemenceau",92000,92050,Nanterre,1,0,0,"Plutôt à droite","Quartier plus populaire",49,22.48,33.61,14,48.885224,2.222508
328,"Avenue Georges Clemenceau",92000,92050,Nanterre,3,0,0,"Plutôt à droite","Quartier plus populaire",49,22.48,33.61,14,48.885009,2.222483
33,"Avenue Alexandre",92000,92050,Nanterre,1,0,0,"Plutôt à droite","Quartier plus populaire",49,22.48,33.61,15,48.88551,2.213038
33,"Avenue Félix Faure",92000,92050,Nanterre,1,0,0,"Plutôt à droite","Quartier plus populaire",49,22.48,33.61,12,48.885096,2.216715
33,"Rue Pierre Curie",92000,92050,Nanterre,1,0,0,"Plutôt à droite","Quartier aisé",49,22.48,33.61,12,48.884213,2.223015
334,"Avenue Georges Clemenceau",92000,92050,Nanterre,13,0,0,"Plutôt à droite","Quartier plus populaire",49,22.48,33.61,14,48.885234,2.223033
338,"Avenue Georges Clemenceau",92000,92050,Nanterre,6,18,0,"Plutôt à droite","Quartier plus populaire",49,22.48,33.61,43,48.885216,2.223245
34,"Avenue Alexandre",92000,92050,Nanterre,1,0,0,"Plutôt à droite","Quartier plus populaire",49,22.48,33.61,15,48.885161,2.21312
34,"Rue Pasteur",92000,92050,Nanterre,1,0,0,"Plutôt à droite","Quartier aisé",49,22.48,33.61,9,48.88452,2.218806
346,"Avenue Georges Clemenceau",92000,92050,Nanterre,18,0,0,"Plutôt à droite","Quartier plus populaire",49,22.48,33.61,14,48.88518,2.223586
35,"Rue de Suresnes",92000,92050,Nanterre,1,0,0,"Plutôt à droite","Quartier plus populaire",49,22.48,33.61,15,48.884983,2.212979
35,"Rue Pierre Curie",92000,92050,Nanterre,1,0,0,"Plutôt à droite","Quartier aisé",49,22.48,33.61,12,48.884276,2.222878
354,"Avenue Georges Clemenceau",92000,92050,Nanterre,13,35,0,"Plutôt à droite","Quartier plus populaire",49,22.48,33.61,43,48.885157,2.223847
358,"Avenue Georges Clemenceau",92000,92050,Nanterre,4,0,0,"Plutôt à droite","Quartier aisé",49,22.48,33.61,12,48.884804,2.223948
36,"Avenue Alexandre",92000,92050,Nanterre,1,0,0,"Plutôt à droite","Quartier plus populaire",49,22.48,33.61,15,48.885165,2.213271
36,"Rue Pasteur",92000,92050,Nanterre,1,0,0,"Plutôt à droite","Quartier aisé",49,22.48,33.61,9,48.884385,2.218871
360,"Avenue Georges Clemenceau",92000,92050,Nanterre,1,0,0,"Plutôt à droite","Quartier plus populaire",49,22.48,33.61,14,48.884989,2.224159
37,"Avenue Alexandre",92000,92050,Nanterre,1,0,0,"Plutôt à droite","Quartier plus populaire",49,22.48,33.61,15,48.885432,2.213201
37,"Rue de Suresnes",92000,92050,Nanterre,1,0,0,"Plutôt à droite","Quartier plus populaire",49,22.48,33.61,15,48.88494,2.213102
38,"Rue Pierre Curie",92000,92050,Nanterre,4,0,0,"Plutôt à droite","Quartier aisé",49,22.48,33.61,12,48.884578,2.223023
39,"Avenue Félix Faure",92000,92050,Nanterre,1,0,0,"Plutôt à droite","Quartier plus populaire",49,22.48,33.61,12,48.884866,2.217037
39,"Rue de Suresnes",92000,92050,Nanterre,1,0,0,"Plutôt à droite","Quartier plus populaire",49,22.48,33.61,15,48.88489,2.213176
4,"Rue Salembier",92000,92050,Nanterre,1,0,0,"Plutôt à droite","Quartier plus populaire",49,22.48,33.61,15,48.885796,2.212244
40,"Avenue Alexandre",92000,92050,Nanterre,1,0,0,"Plutôt à droite","Quartier plus populaire",49,22.48,33.61,15,48.885081,2.213665
41,"Avenue Félix Faure",92000,92050,Nanterre,1,0,0,"Plutôt à droite","Quartier plus populaire",49,22.48,33.61,12,48.884924,2.21718
42,"Avenue Alexandre",92000,92050,Nanterre,1,0,0,"Plutôt à droite","Quartier plus populaire",49,22.48,33.61,15,48.885025,2.213864
42,"Rue Pierre Curie",92000,92050,Nanterre,1,0,0,"Plutôt à droite","Quartier aisé",49,22.48,33.61,12,48.88467,2.222933
43,"Avenue Félix Faure",92000,92050,Nanterre,1,0,0,"Plutôt à droite","Quartier plus populaire",49,22.48,33.61,12,48.884895,2.217283
44,"Avenue Alexandre",92000,92050,Nanterre,1,0,0,"Plutôt à droite","Quartier plus populaire",49,22.48,33.61,15,48.88485,2.21402
44,"Rue Pierre Curie",92000,92050,Nanterre,1,0,0,"Plutôt à droite","Quartier aisé",49,22.48,33.61,12,48.884754,2.222902
45,"Rue Pierre Curie",92000,92050,Nanterre,1,0,0,"Plutôt à droite","Quartier aisé",49,22.48,33.61,12,48.88443,2.222684
47,"Avenue Félix Faure",92000,92050,Nanterre,1,0,0,"Plutôt à droite","Quartier plus populaire",49,22.48,33.61,12,48.884758,2.217344
47,"Rue Pierre Curie",92000,92050,Nanterre,2,0,0,"Plutôt à droite","Quartier aisé",49,22.48,33.61,12,48.884282,2.22245
49,"Avenue Félix Faure",92000,92050,Nanterre,1,0,0,"Plutôt à droite","Quartier plus populaire",49,22.48,33.61,12,48.884987,2.217707
5,"Avenue Alexandre",92000,92050,Nanterre,1,0,0,"Plutôt à droite","Revenu moyen",49,22.48,33.61,10,48.885905,2.211105
5,"Avenue Alexandre",92000,92050,Nanterre,1,0,0,"Plutôt à droite","Revenu moyen",49,22.48,33.61,10,48.885905,2.211105
5,"Avenue Pierre Curie",92000,92050,Nanterre,1,0,0,"Plutôt à droite","Quartier plus populaire",49,22.48,33.61,16,48.884902,2.221047
5,"Passage Antoine Riou",92000,92050,Nanterre,1,0,0,"Plutôt à droite","Quartier plus populaire",49,22.48,33.61,12,48.885534,2.216962
5,"Rue des Alouettes",92000,92050,Nanterre,1,0,0,"Plutôt à droite","Quartier plus populaire",49,22.48,33.61,15,48.885025,2.214659
5,"Rue Salembier",92000,92050,Nanterre,1,0,0,"Plutôt à droite","Quartier plus populaire",49,22.48,33.61,15,48.885758,2.212508
51,"Avenue Félix Faure",92000,92050,Nanterre,1,0,0,"Plutôt à droite","Quartier plus populaire",49,22.48,33.61,12,48.88478,2.21762
51,"Rue de Suresnes",92000,92050,Nanterre,1,0,0,"Plutôt à droite","Quartier plus populaire",49,22.48,33.61,15,48.884426,2.214329
51,"Rue Pierre Curie",92000,92050,Nanterre,1,0,0,"Plutôt à droite","Quartier aisé",49,22.48,33.61,12,48.884396,2.222284
53,"Avenue Félix Faure",92000,92050,Nanterre,1,0,0,"Plutôt à droite","Quartier plus populaire",49,22.48,33.61,12,48.884698,2.217687
53,"Rue de Suresnes",92000,92050,Nanterre,1,0,0,"Plutôt à droite","Quartier plus populaire",49,22.48,33.61,15,48.884392,2.214496
53,"Rue Pierre Curie",92000,92050,Nanterre,2,0,0,"Plutôt à droite","Quartier aisé",49,22.48,33.61,12,48.884591,2.22235
55,"Avenue Félix Faure",92000,92050,Nanterre,1,0,0,"Plutôt à droite","Quartier plus populaire",49,22.48,33.61,12,48.884954,2.217804
55,"Rue de Suresnes",92000,92050,Nanterre,1,0,0,"Plutôt à droite","Quartier plus populaire",49,22.48,33.61,15,48.884344,2.214573
55,"Rue Pierre Curie",92000,92050,Nanterre,2,0,0,"Plutôt à droite","Quartier aisé",49,22.48,33.61,12,48.884632,2.222221
55bis,"Avenue Félix Faure",92000,92050,Nanterre,2,0,0,"Plutôt à droite","Quartier plus populaire",49,22.48,33.61,12,48.885158,2.21795
57,"Avenue Félix Faure",92000,92050,Nanterre,1,0,0,"Plutôt à droite","Quartier plus populaire",49,22.48,33.61,12,48.884646,2.217878
57,"Rue de Suresnes",92000,92050,Nanterre,1,0,0,"Plutôt à droite","Quartier plus populaire",49,22.48,33.61,15,48.884524,2.21473
57,"Rue Pierre Curie",92000,92050,Nanterre,1,0,0,"Plutôt à droite","Quartier aisé",49,22.48,33.61,12,48.884687,2.222179
58,"Rue Pierre Curie",92000,92050,Nanterre,1,0,0,"Plutôt à droite","Quartier plus populaire",49,22.48,33.61,14,48.885023,2.222308
59,"Avenue Félix Faure",92000,92050,Nanterre,1,0,0,"Plutôt à droite","Quartier plus populaire",49,22.48,33.61,12,48.884615,2.21798
59,"Rue de Suresnes",92000,92050,Nanterre,1,0,0,"Plutôt à droite","Revenu moyen",49,22.48,33.61,11,48.884237,2.214764
59,"Rue Pierre Curie",92000,92050,Nanterre,1,0,0,"Plutôt à droite","Revenu moyen",49,22.48,33.61,12,48.884532,2.22192
6,"Avenue Alexandre",92000,92050,Nanterre,1,0,0,"Plutôt à droite","Quartier plus populaire",49,22.48,33.61,15,48.885741,2.211454
6,"Rue Pasteur",92000,92050,Nanterre,1,0,0,"Plutôt à droite","Quartier plus populaire",49,22.48,33.61,16,48.885282,2.219438
61,"Avenue Félix Faure",92000,92050,Nanterre,1,0,0,"Plutôt à droite","Quartier plus populaire",49,22.48,33.61,12,48.884635,2.218119
61,"Rue de Suresnes",92000,92050,Nanterre,1,0,0,"Plutôt à droite","Revenu moyen",49,22.48,33.61,11,48.8842,2.214806
61,"Rue Pierre Curie",92000,92050,Nanterre,1,0,0,"Plutôt à droite","Revenu moyen",49,22.48,33.61,12,48.884686,2.221998
62,"Rue Pierre Curie",92000,92050,Nanterre,1,0,0,"Plutôt à droite","Quartier plus populaire",49,22.48,33.61,14,48.885002,2.222175
63,"Avenue Félix Faure",92000,92050,Nanterre,1,0,0,"Plutôt à droite","Quartier plus populaire",49,22.48,33.61,12,48.884611,2.218201
64,"Rue Pierre Curie",92000,92050,Nanterre,1,0,0,"Plutôt à droite","Quartier plus populaire",49,22.48,33.61,14,48.885009,2.222077
65,"Avenue Félix Faure",92000,92050,Nanterre,1,0,0,"Plutôt à droite","Quartier plus populaire",49,22.48,33.61,12,48.884526,2.218233
65,"Rue de Suresnes",92000,92050,Nanterre,1,0,0,"Plutôt à droite","Revenu moyen",49,22.48,33.61,11,48.884099,2.214953
65,"Rue Pierre Curie",92000,92050,Nanterre,1,0,0,"Plutôt à droite","Quartier plus populaire",49,22.48,33.61,16,48.884813,2.221925
66,"Rue Pierre Curie",92000,92050,Nanterre,1,0,0,"Plutôt à droite","Quartier plus populaire",49,22.48,33.61,14,48.885152,2.22208
67,"Avenue Félix Faure",92000,92050,Nanterre,1,0,0,"Plutôt à droite","Quartier plus populaire",49,22.48,33.61,12,48.884707,2.218644
67,"Rue de Suresnes",92000,92050,Nanterre,1,0,0,"Plutôt à droite","Revenu moyen",49,22.48,33.61,11,48.884064,2.215035
67,"Rue Pierre Curie",92000,92050,Nanterre,1,0,0,"Plutôt à droite","Revenu moyen",49,22.48,33.61,12,48.884649,2.221729
68,"Rue Pierre Curie",92000,92050,Nanterre,2,0,0,"Plutôt à droite","Quartier plus populaire",49,22.48,33.61,16,48.885088,2.221884
69,"Avenue Félix Faure",92000,92050,Nanterre,1,0,0,"Plutôt à droite","Quartier aisé",49,22.48,33.61,9,48.884425,2.21871
7,"Avenue Alexandre",92000,92050,Nanterre,1,0,0,"Plutôt à droite","Revenu moyen",49,22.48,33.61,10,48.886047,2.211097
7,"Avenue Pierre Curie",92000,92050,Nanterre,1,0,0,"Plutôt à droite","Quartier plus populaire",49,22.48,33.61,16,48.884809,2.221092
7,"Passage Antoine Riou",92000,92050,Nanterre,1,0,0,"Plutôt à droite","Quartier plus populaire",49,22.48,33.61,12,48.88542,2.217172
7,"Rue des Alouettes",92000,92050,Nanterre,4,0,0,"Plutôt à droite","Quartier plus populaire",49,22.48,33.61,15,48.884891,2.214579
71,"Rue Pierre Curie",92000,92050,Nanterre,1,0,0,"Plutôt à droite","Quartier plus populaire",49,22.48,33.61,16,48.884918,2.221784
73,"Rue Pierre Curie",92000,92050,Nanterre,1,0,0,"Plutôt à droite","Revenu moyen",49,22.48,33.61,12,48.88422,2.221092
74,"Rue Pierre Curie",92000,92050,Nanterre,17,15,0,"Plutôt à droite","Quartier plus populaire",49,22.48,33.61,45,48.885243,2.221436
75,"Avenue Félix Faure",92000,92050,Nanterre,1,0,0,"Plutôt à droite","Quartier aisé",49,22.48,33.61,9,48.884239,2.219155
77,"Avenue Félix Faure",92000,92050,Nanterre,26,0,0,"Plutôt à droite","Revenu moyen",49,22.48,33.61,13,48.884401,2.21946
77,"Rue Pierre Curie",92000,92050,Nanterre,1,0,0,"Plutôt à droite","Quartier plus populaire",49,22.48,33.61,16,48.884854,2.221564
8,"Avenue Alexandre",92000,92050,Nanterre,1,0,0,"Plutôt à droite","Quartier plus populaire",49,22.48,33.61,15,48.885723,2.211514
8,"Rue Pasteur",92000,92050,Nanterre,1,0,0,"Plutôt à droite","Quartier plus populaire",49,22.48,33.61,16,48.885323,2.219251
81,"Rue Pierre Curie",92000,92050,Nanterre,1,0,0,"Plutôt à droite","Quartier plus populaire",49,22.48,33.61,16,48.885015,2.221475
83,"Avenue Félix Faure",92000,92050,Nanterre,1,0,0,"Plutôt à droite","Revenu moyen",49,22.48,33.61,12,48.884116,2.219618
85,"Avenue Félix Faure",92000,92050,Nanterre,1,0,0,"Plutôt à droite","Revenu moyen",49,22.48,33.61,12,48.884067,2.219716
85,"Rue Pierre Curie",92000,92050,Nanterre,1,0,0,"Plutôt à droite","Quartier plus populaire",49,22.48,33.61,16,48.885121,2.22122
87,"Avenue Félix Faure",92000,92050,Nanterre,1,0,0,"Plutôt à droite","Revenu moyen",49,22.48,33.61,12,48.884015,2.219877
87,"Rue Pierre Curie",92000,92050,Nanterre,1,0,0,"Plutôt à droite","Quartier plus populaire",49,22.48,33.61,16,48.885152,2.221036
89,"Avenue Félix Faure",92000,92050,Nanterre,14,15,0,"Plutôt à droite","Revenu moyen",49,22.48,33.61,41,48.884067,2.220093
8bis,"Avenue Alexandre",92000,92050,Nanterre,1,0,0,"Plutôt à droite","Quartier plus populaire",49,22.48,33.61,15,48.885681,2.211592
9,"Avenue de Rueil",92000,92050,Nanterre,1,0,0,"Plutôt à droite","Revenu moyen",49,22.48,33.61,11,48.887841,2.193996
9,"Avenue Félix Faure",92000,92050,Nanterre,1,0,0,"Plutôt à droite","Quartier plus populaire",49,22.48,33.61,15,48.885665,2.214935
9,"Avenue Pierre Curie",92000,92050,Nanterre,1,0,0,"Plutôt à droite","Quartier plus populaire",49,22.48,33.61,16,48.884752,2.22098
9,"Passage Antoine Riou",92000,92050,Nanterre,1,0,0,"Plutôt à droite","Quartier plus populaire",49,22.48,33.61,12,48.885441,2.216899
9,"Rue de Suresnes",92000,92050,Nanterre,1,0,0,"Plutôt à droite","Quartier plus populaire",49,22.48,33.61,15,48.885762,2.210993
9,"Rue des Alouettes",92000,92050,Nanterre,5,0,0,"Plutôt à droite","Quartier plus populaire",49,22.48,33.61,15,48.884774,2.214446
91,"Avenue Félix Faure",92000,92050,Nanterre,1,0,0,"Plutôt à droite","Revenu moyen",49,22.48,33.61,12,48.88395,2.220214
93,"Avenue Félix Faure",92000,92050,Nanterre,2,0,0,"Plutôt à droite","Revenu moyen",49,22.48,33.61,12,48.88391,2.220373
95,"Avenue Félix Faure",92000,92050,Nanterre,1,0,0,"Plutôt à droite","Revenu moyen",49,22.48,33.61,12,48.883894,2.220479
97,"Avenue Félix Faure",92000,92050,Nanterre,1,0,0,"Plutôt à droite","Revenu moyen",49,22.48,33.61,12,48.883825,2.220566
97bis,"Avenue Félix Faure",92000,92050,Nanterre,1,0,0,"Plutôt à droite","Revenu moyen",49,22.48,33.61,12,48.884226,2.220922
1,"Avenue de la Liberté",92000,92050,Nanterre,8,19,0,"A gauche","Quartier plus populaire",56,50.37,58.08,41,48.887561,2.207421
136,"Avenue Frédéric et Irène Joliot Curie",92000,92050,Nanterre,1,0,0,"A gauche","Quartier plus populaire",56,50.37,58.08,10,48.892409,2.210572
15,"Rue de la Côte des Amandiers",92000,92050,Nanterre,1,0,0,"A gauche","Quartier plus populaire",56,50.37,58.08,15,48.889618,2.205476
21,"Avenue de la Liberté",92000,92050,Nanterre,16,25,0,"A gauche","Quartier plus populaire",56,50.37,58.08,45,48.889123,2.209508
23,"Avenue de la Liberté",92000,92050,Nanterre,17,26,0,"A gauche","Quartier plus populaire",56,50.37,58.08,45,48.889133,2.209171
25,"Avenue de la Liberté",92000,92050,Nanterre,15,24,0,"A gauche","Quartier plus populaire",56,50.37,58.08,45,48.889244,2.208941
27,"Avenue de la Liberté",92000,92050,Nanterre,20,29,0,"A gauche","Quartier plus populaire",56,50.37,58.08,46,48.889421,2.208759
29,"Avenue de la Liberté",92000,92050,Nanterre,28,37,0,"A gauche","Quartier plus populaire",56,50.37,58.08,47,48.889631,2.208974
31,"Avenue de la Liberté",92000,92050,Nanterre,21,29,0,"A gauche","Quartier plus populaire",56,50.37,58.08,47,48.889757,2.209255
33,"Avenue de la Liberté",92000,92050,Nanterre,12,15,0,"A gauche","Quartier plus populaire",56,50.37,58.08,46,48.88958,2.209433
33,"Rue des Venêts",92000,92050,Nanterre,1,0,0,"A gauche","Quartier plus populaire",56,50.37,58.08,12,48.888942,2.20495
35,"Avenue de la Liberté",92000,92050,Nanterre,21,26,0,"A gauche","Quartier plus populaire",56,50.37,58.08,47,48.889415,2.209625
37,"Avenue de la Liberté",92000,92050,Nanterre,11,22,0,"A gauche","Quartier plus populaire",56,50.37,58.08,46,48.889771,2.20971
39,"Avenue de la Liberté",92000,92050,Nanterre,21,34,0,"A gauche","Quartier plus populaire",56,50.37,58.08,47,48.88953,2.210096
40,"Avenue Frédéric et Irène Joliot Curie",92000,92050,Nanterre,1,0,0,"A gauche","Quartier plus populaire",56,50.37,58.08,15,48.889344,2.204896
45,"Rue Sadi Carnot",92000,92050,Nanterre,2,0,0,"A gauche","Quartier plus populaire",56,50.37,58.08,12,48.888713,2.206862
47,"Rue Sadi Carnot",92000,92050,Nanterre,7,0,0,"A gauche","Quartier plus populaire",56,50.37,58.08,12,48.887692,2.20713
49,"Rue Sadi Carnot",92000,92050,Nanterre,13,0,0,"A gauche","Quartier plus populaire",56,50.37,58.08,12,48.887669,2.207184
5,"Rue de la Côte des Amandiers",92000,92050,Nanterre,1,0,0,"A gauche","Quartier plus populaire",56,50.37,58.08,15,48.889154,2.204987
51,"Rue Sadi Carnot",92000,92050,Nanterre,12,0,0,"A gauche","Quartier plus populaire",56,50.37,58.08,12,48.887644,2.207249
55,"Avenue de la Liberté",92000,92050,Nanterre,1,0,0,"A gauche","Quartier plus populaire",56,50.37,58.08,15,48.88991,2.210542
60,"Avenue Frédéric et Irène Joliot Curie",92000,92050,Nanterre,1,0,0,"A gauche","Quartier plus populaire",56,50.37,58.08,15,48.889287,2.205513
7,"Avenue de la Liberté",92000,92050,Nanterre,17,25,0,"A gauche","Quartier plus populaire",56,50.37,58.08,45,48.887846,2.207854
7,"Rue de la Côte des Amandiers",92000,92050,Nanterre,1,0,0,"A gauche","Quartier plus populaire",56,50.37,58.08,15,48.889138,2.20518
92,"Avenue Frédéric et Irène Joliot Curie",92000,92050,Nanterre,1,0,0,"A gauche","Quartier plus populaire",56,50.37,58.08,17,48.890975,2.207584
1,"Rue de l'Abbé Hazard",92000,92050,Nanterre,21,27,0,"A gauche","Quartier plus populaire",52,52.7,55.53,42,48.887128,2.208474
1,"Rue de Zilina",92000,92050,Nanterre,10,101,0,"A gauche","Quartier plus populaire",52,52.7,55.53,43,48.896159,2.189998
10,"Avenue de la Liberté",92000,92050,Nanterre,20,40,0,"A gauche","Quartier plus populaire",52,52.7,55.53,44,48.8879,2.208348
10,"Rue Jean-François Millet",92000,92050,Nanterre,6,15,0,"A gauche","Quartier plus populaire",52,52.7,55.53,47,48.889928,2.216028
11,"Avenue des Champs Pierreux",92000,92050,Nanterre,19,18,0,"A gauche","Quartier plus populaire",52,52.7,55.53,41,48.889865,2.214918
13,"Avenue des Champs Pierreux",92000,92050,Nanterre,16,24,0,"A gauche","Quartier plus populaire",52,52.7,55.53,40,48.889421,2.214841
13,"Rue Diderot",92000,92050,Nanterre,10,0,0,"A gauche","Quartier plus populaire",52,52.7,55.53,13,48.887218,2.210119
133,"Avenue Georges Clemenceau",92000,92050,Nanterre,2,0,0,"A gauche","Quartier plus populaire",52,52.7,55.53,13,48.886544,2.210157
133bis,"Avenue Georges Clemenceau",92000,92050,Nanterre,6,0,0,"A gauche","Quartier plus populaire",52,52.7,55.53,13,48.886518,2.210719
135,"Avenue Georges Clemenceau",92000,92050,Nanterre,1,0,0,"A gauche","Revenu moyen",52,52.7,55.53,10,48.886503,2.210808
14,"Avenue de la Liberté",92000,92050,Nanterre,13,0,0,"A gauche","Quartier plus populaire",52,52.7,55.53,15,48.887781,2.208929
15,"Avenue des Champs Pierreux",92000,92050,Nanterre,17,27,0,"A gauche","Quartier plus populaire",52,52.7,55.53,41,48.889668,2.214523
15,"Rue de Neuilly",92000,92050,Nanterre,1,0,0,"A gauche","Quartier plus populaire",52,52.7,55.53,13,48.886945,2.208925
16,"Avenue de la Liberté",92000,92050,Nanterre,21,0,0,"A gauche","Quartier plus populaire",52,52.7,55.53,16,48.888097,2.208642
169,"Avenue Georges Clemenceau",92000,92050,Nanterre,1,0,0,"A gauche","Revenu moyen",52,52.7,55.53,10,48.886901,2.212911
17,"Rue de Neuilly",92000,92050,Nanterre,1,2,0,"A gauche","Quartier plus populaire",52,52.7,55.53,13,48.886945,2.209072
18,"Rue de Neuilly",92000,92050,Nanterre,1,0,0,"A gauche","Quartier plus populaire",52,52.7,55.53,13,48.886605,2.209949
19,"Rue de Neuilly",92000,92050,Nanterre,1,0,0,"A gauche","Quartier plus populaire",52,52.7,55.53,13,48.887248,2.209354
2,"Avenue de la Liberté",92000,92050,Nanterre,11,30,0,"A gauche","Quartier plus populaire",52,52.7,55.53,40,48.887417,2.207835
2,"Rue Diderot",92000,92050,Nanterre,1,0,0,"A gauche","Quartier plus populaire",52,52.7,55.53,13,48.886795,2.209852
20,"Avenue de la Liberté",92000,92050,Nanterre,1,0,0,"A gauche","Quartier plus populaire",52,52.7,55.53,15,48.888465,2.209246
229,"Avenue Georges Clemenceau",92000,92050,Nanterre,1,0,0,"A gauche","Quartier plus populaire",52,52.7,55.53,12,48.886072,2.21736
23,"Rue Diderot",92000,92050,Nanterre,8,26,0,"A gauche","Quartier plus populaire",52,52.7,55.53,42,48.887541,2.210531
231,"Avenue Georges Clemenceau",92000,92050,Nanterre,1,0,0,"A gauche","Quartier plus populaire",52,52.7,55.53,12,48.886054,2.217487
28,"Rue de Montesquieu",92000,92050,Nanterre,6,13,0,"A gauche","Quartier plus populaire",52,52.7,55.53,38,48.888129,2.21089
285,"Avenue Georges Clemenceau",92000,92050,Nanterre,19,0,0,"A gauche","Quartier plus populaire",52,52.7,55.53,17,48.885776,2.221852
289,"Avenue Georges Clemenceau",92000,92050,Nanterre,10,0,0,"A gauche","Quartier plus populaire",52,52.7,55.53,14,48.885745,2.222264
3,"Avenue des Champs Pierreux",92000,92050,Nanterre,14,26,0,"A gauche","Quartier plus populaire",52,52.7,55.53,41,48.890278,2.215432
3,"Rue de l'Abbé Hazard",92000,92050,Nanterre,15,19,0,"A gauche","Quartier plus populaire",52,52.7,55.53,42,48.887342,2.208755
3,"Rue de la Croix",92000,92050,Nanterre,16,0,0,"A gauche","Quartier plus populaire",52,52.7,55.53,12,48.888163,2.196172
33,"Rue Diderot",92000,92050,Nanterre,7,14,0,"A gauche","Quartier plus populaire",52,52.7,55.53,39,48.887902,2.211009
36,"Rue de Montesquieu",92000,92050,Nanterre,6,0,0,"A gauche","Revenu moyen",52,52.7,55.53,10,48.887621,2.211496
37,"Rue de Neuilly",92000,92050,Nanterre,1,0,0,"A gauche","Quartier plus populaire",52,52.7,55.53,13,48.886894,2.210195
41,"Rue de Neuilly",92000,92050,Nanterre,1,0,0,"A gauche","Quartier plus populaire",52,52.7,55.53,13,48.886716,2.210154
46,"Avenue Pablo Picasso",92000,92050,Nanterre,19,39,0,"A gauche","Quartier plus populaire",52,52.7,55.53,48,48.890358,2.2158
46,"Rue de Montesquieu",92000,92050,Nanterre,8,0,0,"A gauche","Revenu moyen",52,52.7,55.53,10,48.887352,2.211903
5,"Avenue des Champs Pierreux",92000,92050,Nanterre,18,20,0,"A gauche","Quartier plus populaire",52,52.7,55.53,41,48.890039,2.215352
5,"Rue de l'Abbé Hazard",92000,92050,Nanterre,14,19,0,"A gauche","Quartier plus populaire",52,52.7,55.53,44,48.887465,2.208928
5,"Rue de Garches",92000,92050,Nanterre,17,0,0,"A gauche","Quartier plus populaire",52,52.7,55.53,11,48.878482,2.210113
5,"Rue Diderot",92000,92050,Nanterre,13,0,0,"A gauche","Quartier plus populaire",52,52.7,55.53,13,48.886929,2.209732
52,"Avenue de la Liberté",92000,92050,Nanterre,15,22,0,"A gauche","Quartier plus populaire",52,52.7,55.53,43,48.889955,2.211911
52,"Rue Jean-Jacques Rousseau",92000,92050,Nanterre,13,0,0,"A gauche","Revenu moyen",52,52.7,55.53,11,48.887132,2.211675
54,"Avenue de la Liberté",92000,92050,Nanterre,15,20,0,"A gauche","Quartier plus populaire",52,52.7,55.53,43,48.889937,2.21214
56,"Avenue de la Liberté",92000,92050,Nanterre,16,23,0,"A gauche","Quartier plus populaire",52,52.7,55.53,43,48.890127,2.212297
6,"Avenue de la Liberté",92000,92050,Nanterre,24,0,0,"A gauche","Quartier plus populaire",52,52.7,55.53,16,48.887675,2.208123
6,"Rue Jean-François Millet",92000,92050,Nanterre,10,26,0,"A gauche","Quartier plus populaire",52,52.7,55.53,47,48.890096,2.21615
62,"Rue Jean-Jacques Rousseau",92000,92050,Nanterre,1,0,0,"A gauche","Revenu moyen",52,52.7,55.53,10,48.886846,2.211328
64,"Rue Jean-Jacques Rousseau",92000,92050,Nanterre,1,0,0,"A gauche","Revenu moyen",52,52.7,55.53,10,48.886627,2.211005
67,"Rue Sadi Carnot",92000,92050,Nanterre,14,0,0,"A gauche","Quartier plus populaire",52,52.7,55.53,14,48.887306,2.207836
68,"Rue Jean-Jacques Rousseau",92000,92050,Nanterre,1,0,0,"A gauche","Revenu moyen",52,52.7,55.53,10,48.886558,2.210906
7,"Avenue des Champs Pierreux",92000,92050,Nanterre,16,20,0,"A gauche","Quartier plus populaire",52,52.7,55.53,41,48.88988,2.215349
7,"Rue de l'Abbé Hazard",92000,92050,Nanterre,13,0,0,"A gauche","Quartier plus populaire",52,52.7,55.53,15,48.887643,2.209102
7,"Rue de la Croix",92000,92050,Nanterre,18,0,0,"A gauche","Quartier plus populaire",52,52.7,55.53,12,48.887806,2.195681
7,"Rue Diderot",92000,92050,Nanterre,11,0,0,"A gauche","Quartier plus populaire",52,52.7,55.53,13,48.887014,2.209841
71,"Rue Sadi Carnot",92000,92050,Nanterre,18,0,0,"A gauche","Quartier plus populaire",52,52.7,55.53,13,48.887251,2.207938
9,"Avenue des Champs Pierreux",92000,92050,Nanterre,15,17,0,"A gauche","Quartier plus populaire",52,52.7,55.53,40,48.889638,2.215298
9,"Avenue de Rueil",92000,92050,Nanterre,14,0,0,"A gauche","Revenu moyen",52,52.7,55.53,12,48.887841,2.193996
1,"Allée Fernand Léger",92000,92050,Nanterre,80,118,0,"Très à gauche","Quartier plus populaire",53,61.11,64.39,48,48.888191,2.219313
11,"Allée Fernand Léger",92000,92050,Nanterre,2,0,0,"Très à gauche","Quartier plus populaire",53,61.11,64.39,41,48.888073,2.216852
13,"Allée Fernand Léger",92000,92050,Nanterre,71,118,0,"Très à gauche","Quartier plus populaire",53,61.11,64.39,73,48.888281,2.216525
14,"Allée Fernand Léger",92000,92050,Nanterre,71,118,0,"Très à gauche","Quartier plus populaire",53,61.11,64.39,73,48.888118,2.21769
17,"Allée Fernand Léger",92000,92050,Nanterre,72,116,0,"Très à gauche","Quartier plus populaire",53,61.11,64.39,74,48.889548,2.216253
18,"Allée Fernand Léger",92000,92050,Nanterre,1,0,0,"Très à gauche","Quartier plus populaire",53,61.11,64.39,41,48.889711,2.217021
2,"Allée Fernand Léger",92000,92050,Nanterre,1,0,0,"Très à gauche","Quartier plus populaire",53,61.11,64.39,41,48.888166,2.218347
6,"Allée Fernand Léger",92000,92050,Nanterre,83,118,0,"Très à gauche","Quartier plus populaire",53,61.11,64.39,74,48.888382,2.218498
7,"Allée Fernand Léger",92000,92050,Nanterre,77,118,0,"Très à gauche","Quartier plus populaire",53,61.11,64.39,42,48.887155,2.217981
100,"Avenue Pablo Picasso",92000,92050,Nanterre,27,31,0,"Très à gauche","Quartier plus populaire",62,64.17,67.69,56,48.888404,2.222565
11,"Rue de Craiova",92000,92050,Nanterre,77,101,0,"Très à gauche","Quartier plus populaire",62,64.17,67.69,51,48.886249,2.22048
13,"Rue de la Paix",92000,92050,Nanterre,7,7,0,"Très à gauche","Quartier plus populaire",62,64.17,67.69,46,48.886923,2.222322
15,"Rue de la Paix",92000,92050,Nanterre,7,8,0,"Très à gauche","Quartier plus populaire",62,64.17,67.69,50,48.88681,2.222553
17,"Rue de la Paix",92000,92050,Nanterre,9,8,0,"Très à gauche","Quartier plus populaire",62,64.17,67.69,50,48.886793,2.222771
2,"Rue de la Paix",92000,92050,Nanterre,57,100,0,"Très à gauche","Quartier plus populaire",62,64.17,67.69,47,48.886889,2.221374
21,"Rue des Fontenelles",92000,92050,Nanterre,1,0,0,"Très à gauche","Quartier plus populaire",62,64.17,67.69,15,48.887411,2.221279
277,"Avenue Georges Clemenceau",92000,92050,Nanterre,7,0,0,"Très à gauche","Quartier plus populaire",62,64.17,67.69,18,48.885766,2.221087
279,"Avenue Georges Clemenceau",92000,92050,Nanterre,19,0,0,"Très à gauche","Quartier plus populaire",62,64.17,67.69,19,48.885761,2.221135
3,"Allée Fernand Léger",92000,92050,Nanterre,72,118,0,"Très à gauche","Quartier plus populaire",62,64.17,67.69,48,48.887694,2.219286
3,"Rue de la Paix",92000,92050,Nanterre,8,7,0,"Très à gauche","Quartier plus populaire",62,64.17,67.69,46,48.88758,2.222401
36,"Rue des Fontenelles",92000,92050,Nanterre,3,8,0,"Très à gauche","Quartier plus populaire",62,64.17,67.69,50,48.887704,2.222628
38,"Rue des Fontenelles",92000,92050,Nanterre,5,8,0,"Très à gauche","Quartier plus populaire",62,64.17,67.69,50,48.887688,2.222888
40,"Rue des Fontenelles",92000,92050,Nanterre,6,6,0,"Très à gauche","Quartier plus populaire",62,64.17,67.69,41,48.88777,2.222989
44,"Rue Horace Vernet",92000,92050,Nanterre,3,0,0,"Très à gauche","Quartier plus populaire",62,64.17,67.69,15,48.888001,2.220815
48,"Rue Horace Vernet",92000,92050,Nanterre,19,29,0,"Très à gauche","Quartier plus populaire",62,64.17,67.69,45,48.88807,2.221294
5,"Allée Fernand Léger",92000,92050,Nanterre,74,118,0,"Très à gauche","Quartier plus populaire",62,64.17,67.69,44,48.887405,2.218571
5,"Rue de la Paix",92000,92050,Nanterre,5,10,0,"Très à gauche","Quartier plus populaire",62,64.17,67.69,54,48.887442,2.222244
5,"Rue des Ecoles",92000,92050,Nanterre,1,0,0,"Très à gauche","Quartier plus populaire",62,64.17,67.69,15,48.886626,2.219264
50,"Rue Horace Vernet",92000,92050,Nanterre,19,29,0,"Très à gauche","Quartier plus populaire",62,64.17,67.69,47,48.888346,2.220932
65,"Rue de Craiova",92000,92050,Nanterre,11,0,0,"Très à gauche","Quartier plus populaire",62,64.17,67.69,19,48.886302,2.221206
65,"Rue des Fontenelles",92000,92050,Nanterre,19,29,0,"Très à gauche","Quartier plus populaire",62,64.17,67.69,56,48.887862,2.221699
7,"Rue de la Paix",92000,92050,Nanterre,6,10,0,"Très à gauche","Quartier plus populaire",62,64.17,67.69,54,48.887255,2.222202
71,"Rue des Fontenelles",92000,92050,Nanterre,13,26,0,"Très à gauche","Quartier plus populaire",62,64.17,67.69,56,48.888139,2.222283
9,"Rue de la Paix",92000,92050,Nanterre,7,10,0,"Très à gauche","Quartier plus populaire",62,64.17,67.69,54,48.887058,2.22216
90,"Avenue Pablo Picasso",92000,92050,Nanterre,18,29,0,"Très à gauche","Quartier plus populaire",62,64.17,67.69,47,48.888523,2.221265
92,"Avenue Pablo Picasso",92000,92050,Nanterre,29,29,0,"Très à gauche","Quartier plus populaire",62,64.17,67.69,56,48.888314,2.221549
95,"Rue de Craiova",92000,92050,Nanterre,10,0,0,"Très à gauche","Quartier plus populaire",62,64.17,67.69,19,48.886106,2.221497
96,"Avenue Pablo Picasso",92000,92050,Nanterre,21,26,0,"Très à gauche","Quartier plus populaire",62,64.17,67.69,51,48.888501,2.22214
1,"Rue de Watford",92000,92050,Nanterre,55,101,0,"Très à gauche","Quartier plus populaire",62,62.86,67.95,47,48.886288,2.221931
1,"Rue Jacques Decour",92000,92050,Nanterre,10,7,0,"Très à gauche","Quartier plus populaire",62,62.86,67.95,36,48.886409,2.224069
11,"Rue Jacques Decour",92000,92050,Nanterre,12,10,0,"Très à gauche","Quartier plus populaire",62,62.86,67.95,54,48.887132,2.224737
2,"Rue Lamartine",92000,92050,Nanterre,8,0,0,"Très à gauche","Quartier plus populaire",62,62.86,67.95,14,48.89125,2.188051
21,"Rue de la Paix",92000,92050,Nanterre,45,0,0,"Très à gauche","Quartier plus populaire",62,62.86,67.95,28,48.887059,2.223019
23,"Rue de la Paix",92000,92050,Nanterre,26,101,0,"Très à gauche","Quartier plus populaire",62,62.86,67.95,56,48.88714,2.223068
25,"Rue de la Paix",92000,92050,Nanterre,11,36,0,"Très à gauche","Quartier plus populaire",62,62.86,67.95,55,48.887344,2.223754
27,"Rue de la Paix",92000,92050,Nanterre,54,96,0,"Très à gauche","Quartier plus populaire",62,62.86,67.95,57,48.887692,2.223748
3,"Rue de Watford",92000,92050,Nanterre,4,0,0,"Très à gauche","Quartier plus populaire",62,62.86,67.95,16,48.886278,2.222207
3,"Rue Jacques Decour",92000,92050,Nanterre,7,8,0,"Très à gauche","Quartier plus populaire",62,62.86,67.95,40,48.886518,2.224294
38,"Rue Charles Lorilleux",92000,92050,Nanterre,66,101,0,"Très à gauche","Quartier plus populaire",62,62.86,67.95,57,48.887655,2.224319
4,"Rue de la Côte",92000,92050,Nanterre,6,0,0,"Très à gauche","Quartier plus populaire",62,62.86,67.95,14,48.889071,2.202839
5,"Rue de Watford",92000,92050,Nanterre,64,101,0,"Très à gauche","Quartier plus populaire",62,62.86,67.95,48,48.886158,2.223402
5,"Rue Jacques Decour",92000,92050,Nanterre,9,8,0,"Très à gauche","Quartier plus populaire",62,62.86,67.95,43,48.886613,2.224499
6,"Rue de la Côte",92000,92050,Nanterre,10,0,0,"Très à gauche","Quartier plus populaire",62,62.86,67.95,14,48.88899,2.202927
6,"Rue de la Paix",92000,92050,Nanterre,62,101,0,"Très à gauche","Quartier plus populaire",62,62.86,67.95,58,48.886803,2.223766
7,"Rue de Watford",92000,92050,Nanterre,1,0,0,"Très à gauche","Quartier plus populaire",62,62.86,67.95,16,48.886197,2.223412
7,"Rue Jacques Decour",92000,92050,Nanterre,6,8,0,"Très à gauche","Quartier plus populaire",62,62.86,67.95,50,48.886795,2.224532
9,"Rue Jacques Decour",92000,92050,Nanterre,7,6,0,"Très à gauche","Quartier plus populaire",62,62.86,67.95,40,48.887022,2.224558
1,"Rue des Alouettes",92000,92050,Nanterre,11,0,0,"Très à gauche","Quartier plus populaire",60,59.93,68.12,17,48.885318,2.21466
1,"Rue de Strasbourg",92000,92050,Nanterre,21,36,0,"Très à gauche","Quartier plus populaire",60,59.93,68.12,63,48.912333,2.225176
1,"Rue de l'Agriculture",92000,92050,Nanterre,11,29,0,"Très à gauche","Quartier plus populaire",60,59.93,68.12,49,48.911636,2.223267
12,"Rue de Strasbourg",92000,92050,Nanterre,1,0,0,"Très à gauche","Quartier plus populaire",60,59.93,68.12,29,48.911555,2.225536
146,"Rue de Sartrouville",92000,92050,Nanterre,7,0,0,"Très à gauche","Quartier plus populaire",60,59.93,68.12,14,48.915447,2.22142
148,"Rue de Sartrouville",92000,92050,Nanterre,7,0,0,"Très à gauche","Quartier plus populaire",60,59.93,68.12,14,48.916145,2.222525
15,"Rue de l'Agriculture",92000,92050,Nanterre,13,29,0,"Très à gauche","Quartier plus populaire",60,59.93,68.12,58,48.910297,2.224317
2,"Rue des Venêts",92000,92050,Nanterre,5,0,0,"Très à gauche","Revenu moyen",60,59.93,68.12,14,48.890802,2.201177
2,"Rue de Strasbourg",92000,92050,Nanterre,6,10,0,"Très à gauche","Quartier plus populaire",60,59.93,68.12,61,48.912304,2.224746
22,"Allée Eugène Claudius-Petit",92000,92050,Nanterre,9,35,0,"Très à gauche","Quartier plus populaire",60,59.93,68.12,48,48.910914,2.227112
4,"Rue des Venêts",92000,92050,Nanterre,4,0,0,"Très à gauche","Revenu moyen",60,59.93,68.12,14,48.890684,2.201396
4,"Résidence des Tulipes",92000,92050,Nanterre,15,20,0,"Très à gauche","Quartier plus populaire",60,59.93,68.12,49,48.910408,2.222283
4,"Rue de l'Agriculture",92000,92050,Nanterre,59,75,0,"Très à gauche","Quartier plus populaire",60,59.93,68.12,51,48.910889,2.223277
4,"Rue de Strasbourg",92000,92050,Nanterre,13,19,0,"Très à gauche","Quartier plus populaire",60,59.93,68.12,62,48.912134,2.224925
40,"Rue des Molières",92000,92050,Nanterre,18,0,0,"Très à gauche","Quartier plus populaire",60,59.93,68.12,14,48.87889,2.202198
403,"Avenue de la République",92000,92050,Nanterre,13,0,0,"Très à gauche","Quartier plus populaire",60,59.93,68.12,34,48.912628,2.223218
410,"Avenue de la République",92000,92050,Nanterre,7,20,0,"Très à gauche","Quartier plus populaire",60,59.93,68.12,49,48.911186,2.222017
428,"Avenue de la République",92000,92050,Nanterre,30,0,0,"Très à gauche","Quartier plus populaire",60,59.93,68.12,21,48.911521,2.222824
450,"Avenue de la République",92000,92050,Nanterre,17,29,0,"Très à gauche","Quartier plus populaire",60,59.93,68.12,58,48.911878,2.223713
466,"Avenue de la République",92000,92050,Nanterre,11,31,0,"Très à gauche","Quartier plus populaire",60,59.93,68.12,62,48.912635,2.225419
5,"Rue de l'Agriculture",92000,92050,Nanterre,1,0,0,"Très à gauche","Quartier plus populaire",60,59.93,68.12,29,48.910706,2.224827
5,"Rue de Strasbourg",92000,92050,Nanterre,15,0,0,"Très à gauche","Quartier plus populaire",60,59.93,68.12,29,48.912037,2.225436
6,"Rue des Venêts",92000,92050,Nanterre,7,0,0,"Très à gauche","Quartier aisé",60,59.93,68.12,13,48.890528,2.201731
6,"Résidence des Tulipes",92000,92050,Nanterre,12,20,0,"Très à gauche","Quartier plus populaire",60,59.93,68.12,49,48.910388,2.22288
6,"Rue de Strasbourg",92000,92050,Nanterre,15,20,0,"Très à gauche","Quartier plus populaire",60,59.93,68.12,58,48.911949,2.225116
66,"Rue des Molières",92000,92050,Nanterre,12,0,0,"Très à gauche","Quartier plus populaire",60,59.93,68.12,14,48.87932,2.203276
8,"Rue de Metz",92000,92050,Nanterre,38,0,0,"Très à gauche","Quartier plus populaire",60,59.93,68.12,21,48.911453,2.226957
8,"Rue de Strasbourg",92000,92050,Nanterre,5,10,0,"Très à gauche","Quartier plus populaire",60,59.93,68.12,57,48.911764,2.225301
9,"Rue de l'Agriculture",92000,92050,Nanterre,1,0,0,"Très à gauche","Quartier plus populaire",60,59.93,68.12,29,48.911039,2.224122
1,"Allée des Ajoncs",92000,92050,Nanterre,11,10,0,"Très à gauche","Quartier plus populaire",66,71.22,75.43,46,48.909458,2.2249
1,"Rue des Alouettes",92000,92050,Nanterre,39,0,0,"Très à gauche","Quartier plus populaire",66,71.22,75.43,19,48.885318,2.21466
11,"Allée des Ajoncs",92000,92050,Nanterre,9,10,0,"Très à gauche","Quartier plus populaire",66,71.22,75.43,46,48.910032,2.224499
13,"Allée des Ajoncs",92000,92050,Nanterre,7,10,0,"Très à gauche","Quartier plus populaire",66,71.22,75.43,46,48.910174,2.224431
16,"Rue de Metz",92000,92050,Nanterre,7,30,0,"Très à gauche","Quartier plus populaire",66,71.22,75.43,43,48.910409,2.227421
2,"Résidence des Glycines",92000,92050,Nanterre,45,107,0,"Très à gauche","Quartier plus populaire",66,71.22,75.43,49,48.909999,2.22373
207,"Rue Alfred Dequéant",92000,92050,Nanterre,8,10,0,"Très à gauche","Quartier plus populaire",66,71.22,75.43,46,48.909922,2.225596
209,"Rue Alfred Dequéant",92000,92050,Nanterre,7,10,0,"Très à gauche","Quartier plus populaire",66,71.22,75.43,46,48.909999,2.225769
211,"Rue Alfred Dequéant",92000,92050,Nanterre,11,10,0,"Très à gauche","Quartier plus populaire",66,71.22,75.43,46,48.910049,2.225957
213,"Rue Alfred Dequéant",92000,92050,Nanterre,5,10,0,"Très à gauche","Quartier plus populaire",66,71.22,75.43,46,48.910055,2.22618
215,"Rue Alfred Dequéant",92000,92050,Nanterre,6,10,0,"Très à gauche","Quartier plus populaire",66,71.22,75.43,42,48.910055,2.226439
217,"Rue Alfred Dequéant",92000,92050,Nanterre,9,10,0,"Très à gauche","Quartier plus populaire",66,71.22,75.43,42,48.910056,2.226653
219,"Rue Alfred Dequéant",92000,92050,Nanterre,4,10,0,"Très à gauche","Quartier plus populaire",66,71.22,75.43,42,48.91006,2.226873
23,"Rue de Strasbourg",92000,92050,Nanterre,4,32,0,"Très à gauche","Quartier plus populaire",66,71.22,75.43,49,48.910535,2.227218
27,"Rue de Strasbourg",92000,92050,Nanterre,4,15,0,"Très à gauche","Quartier plus populaire",66,71.22,75.43,43,48.910313,2.227362
3,"Allée des Ajoncs",92000,92050,Nanterre,12,10,0,"Très à gauche","Quartier plus populaire",66,71.22,75.43,46,48.909518,2.224861
31,"Rue de Strasbourg",92000,92050,Nanterre,2,15,0,"Très à gauche","Quartier plus populaire",66,71.22,75.43,43,48.910099,2.227497
4,"Résidence des Glycines",92000,92050,Nanterre,13,20,0,"Très à gauche","Quartier plus populaire",66,71.22,75.43,52,48.909606,2.2234
5,"Allée des Ajoncs",92000,92050,Nanterre,8,10,0,"Très à gauche","Quartier plus populaire",66,71.22,75.43,46,48.909619,2.224784
6,"Résidence des Glycines",92000,92050,Nanterre,14,20,0,"Très à gauche","Quartier plus populaire",66,71.22,75.43,48,48.909585,2.224
7,"Allée des Ajoncs",92000,92050,Nanterre,6,10,0,"Très à gauche","Quartier plus populaire",66,71.22,75.43,46,48.909768,2.224687
8,"Résidence des Glycines",92000,92050,Nanterre,85,99,0,"Très à gauche","Quartier plus populaire",66,71.22,75.43,56,48.909234,2.222947
9,"Allée des Ajoncs",92000,92050,Nanterre,8,10,0,"Très à gauche","Quartier plus populaire",66,71.22,75.43,46,48.909919,2.224601
1,"Allée des Lauriers",92000,92050,Nanterre,22,29,0,"Très à gauche","Quartier plus populaire",59,62.31,68.36,46,48.908606,2.216941
1,"Rue des Venêts",92000,92050,Nanterre,1,0,0,"Très à gauche","Revenu moyen",59,62.31,68.36,14,48.891142,2.201174
1,"Rue des Molières",92000,92050,Nanterre,1,0,0,"Très à gauche","Quartier aisé",59,62.31,68.36,11,48.879401,2.200674
1,"Rue des Saules",92000,92050,Nanterre,1,0,0,"Très à gauche","Quartier plus populaire",59,62.31,68.36,16,48.9093,2.216123
11,"Rue des Venêts",92000,92050,Nanterre,1,0,0,"Très à gauche","Quartier plus populaire",59,62.31,68.36,13,48.890512,2.202417
112,"Rue de Sartrouville",92000,92050,Nanterre,1,0,0,"Très à gauche","Quartier plus populaire",59,62.31,68.36,12,48.911173,2.217121
12,"Rue des Molières",92000,92050,Nanterre,1,0,0,"Très à gauche","Quartier aisé",59,62.31,68.36,11,48.878917,2.200944
120,"Rue de Sartrouville",92000,92050,Nanterre,10,0,0,"Très à gauche","Quartier plus populaire",59,62.31,68.36,13,48.911156,2.217649
126,"Rue de Sartrouville",92000,92050,Nanterre,1,0,0,"Très à gauche","Quartier plus populaire",59,62.31,68.36,11,48.911573,2.217622
13,"Rue des Venêts",92000,92050,Nanterre,2,0,0,"Très à gauche","Quartier plus populaire",59,62.31,68.36,13,48.890571,2.20265
13,"Rue des Alouettes",92000,92050,Nanterre,1,0,0,"Très à gauche","Quartier plus populaire",59,62.31,68.36,16,48.884318,2.21389
132,"Rue de Sartrouville",92000,92050,Nanterre,1,0,0,"Très à gauche","Quartier plus populaire",59,62.31,68.36,15,48.911786,2.217873
14,"Rue des Molières",92000,92050,Nanterre,1,0,0,"Très à gauche","Quartier plus populaire",59,62.31,68.36,13,48.878857,2.201032
16,"Rue des Molières",92000,92050,Nanterre,1,0,0,"Très à gauche","Quartier plus populaire",59,62.31,68.36,13,48.878808,2.201098
17,"Place des Muguets",92000,92050,Nanterre,9,28,0,"Très à gauche","Quartier plus populaire",59,62.31,68.36,49,48.910385,2.221038
17,"Rue des Molières",92000,92050,Nanterre,1,0,0,"Très à gauche","Quartier plus populaire",59,62.31,68.36,13,48.878985,2.201224
18,"Rue des Molières",92000,92050,Nanterre,1,0,0,"Très à gauche","Quartier plus populaire",59,62.31,68.36,13,48.878768,2.201167
19,"Rue des Alouettes",92000,92050,Nanterre,1,0,0,"Très à gauche","Quartier aisé",59,62.31,68.36,11,48.88413,2.213734
2,"Allée des Lauriers",92000,92050,Nanterre,14,25,0,"Très à gauche","Quartier plus populaire",59,62.31,68.36,46,48.9085,2.217308
2,"Place des Merisiers",92000,92050,Nanterre,6,9,0,"Très à gauche","Quartier plus populaire",59,62.31,68.36,39,48.91023,2.217436
2,"Rue des Venêts",92000,92050,Nanterre,1,0,0,"Très à gauche","Revenu moyen",59,62.31,68.36,14,48.890802,2.201177
20,"Rue des Alouettes",92000,92050,Nanterre,9,0,0,"Très à gauche","Quartier plus populaire",59,62.31,68.36,17,48.884401,2.213672
20,"Rue des Alouettes",92000,92050,Nanterre,1,0,0,"Très à gauche","Quartier plus populaire",59,62.31,68.36,16,48.884401,2.213672
21,"Rue des Alouettes",92000,92050,Nanterre,1,0,0,"Très à gauche","Quartier aisé",59,62.31,68.36,11,48.884117,2.213562
22,"Rue de Suresnes",92000,92050,Nanterre,1,0,0,"Très à gauche","Quartier plus populaire",59,62.31,68.36,12,48.885696,2.210074
23,"Rue des Alouettes",92000,92050,Nanterre,1,0,0,"Très à gauche","Quartier aisé",59,62.31,68.36,11,48.884101,2.213459
25,"Rue des Molières",92000,92050,Nanterre,1,0,0,"Très à gauche","Quartier plus populaire",59,62.31,68.36,13,48.878945,2.201517
29,"Rue des Molières",92000,92050,Nanterre,2,0,0,"Très à gauche","Quartier plus populaire",59,62.31,68.36,13,48.879005,2.201593
299,"Avenue de la République",92000,92050,Nanterre,1,0,0,"Très à gauche","Quartier plus populaire",59,62.31,68.36,11,48.90881,2.215087
3,"Allée des Lauriers",92000,92050,Nanterre,16,26,0,"Très à gauche","Quartier plus populaire",59,62.31,68.36,46,48.908601,2.217697
3,"Place des Merisiers",92000,92050,Nanterre,5,5,0,"Très à gauche","Quartier plus populaire",59,62.31,68.36,21,48.910303,2.217599
3,"Rue des Alouettes",92000,92050,Nanterre,2,0,0,"Très à gauche","Quartier plus populaire",59,62.31,68.36,16,48.885147,2.214741
3,"Rue des Molières",92000,92050,Nanterre,1,0,0,"Très à gauche","Quartier aisé",59,62.31,68.36,11,48.879371,2.200763
301,"Avenue de la République",92000,92050,Nanterre,1,0,0,"Très à gauche","Quartier plus populaire",59,62.31,68.36,11,48.908908,2.215244
307,"Avenue de la République",92000,92050,Nanterre,1,0,0,"Très à gauche","Quartier plus populaire",59,62.31,68.36,16,48.908964,2.215511
307bis,"Avenue de la République",92000,92050,Nanterre,1,0,0,"Très à gauche","Quartier plus populaire",59,62.31,68.36,16,48.909062,2.215523
309,"Avenue de la République",92000,92050,Nanterre,1,0,0,"Très à gauche","Quartier plus populaire",59,62.31,68.36,16,48.909088,2.215769
31,"Rue des Alouettes",92000,92050,Nanterre,1,0,0,"Très à gauche","Quartier aisé",59,62.31,68.36,11,48.883784,2.213102
32,"Rue de Sartrouville",92000,92050,Nanterre,1,0,0,"Très à gauche","Quartier plus populaire",59,62.31,68.36,11,48.908971,2.215032
328,"Avenue de la République",92000,92050,Nanterre,17,28,0,"Très à gauche","Quartier plus populaire",59,62.31,68.36,46,48.909014,2.216435
330,"Avenue de la République",92000,92050,Nanterre,16,23,0,"Très à gauche","Quartier plus populaire",59,62.31,68.36,46,48.909177,2.216748
332,"Avenue de la République",92000,92050,Nanterre,12,19,0,"Très à gauche","Quartier plus populaire",59,62.31,68.36,45,48.909271,2.217224
334,"Avenue de la République",92000,92050,Nanterre,9,0,0,"Très à gauche","Quartier plus populaire",59,62.31,68.36,17,48.909428,2.217491
335,"Avenue de la République",92000,92050,Nanterre,1,0,0,"Très à gauche","Quartier plus populaire",59,62.31,68.36,16,48.909586,2.216836
336,"Avenue de la République",92000,92050,Nanterre,9,0,0,"Très à gauche","Quartier plus populaire",59,62.31,68.36,17,48.90956,2.217807
337,"Avenue de la République",92000,92050,Nanterre,2,0,0,"Très à gauche","Quartier plus populaire",59,62.31,68.36,16,48.909574,2.21702
338,"Avenue de la République",92000,92050,Nanterre,11,0,0,"Très à gauche","Quartier plus populaire",59,62.31,68.36,14,48.909693,2.218128
340,"Avenue de la République",92000,92050,Nanterre,9,0,0,"Très à gauche","Quartier plus populaire",59,62.31,68.36,17,48.909814,2.218416
341,"Avenue de la République",92000,92050,Nanterre,1,0,0,"Très à gauche","Quartier plus populaire",59,62.31,68.36,16,48.909669,2.217178
347bis,"Avenue de la République",92000,92050,Nanterre,1,0,0,"Très à gauche","Quartier plus populaire",59,62.31,68.36,12,48.909876,2.217631
348,"Avenue de la République",92000,92050,Nanterre,6,8,0,"Très à gauche","Quartier plus populaire",59,62.31,68.36,40,48.909916,2.218848
350,"Avenue de la République",92000,92050,Nanterre,6,10,0,"Très à gauche","Quartier plus populaire",59,62.31,68.36,44,48.910038,2.218919
352,"Avenue de la République",92000,92050,Nanterre,9,15,0,"Très à gauche","Quartier plus populaire",59,62.31,68.36,45,48.910034,2.219148
353,"Avenue de la République",92000,92050,Nanterre,16,0,0,"Très à gauche","Quartier plus populaire",59,62.31,68.36,13,48.910451,2.217792
355,"Avenue de la République",92000,92050,Nanterre,19,0,0,"Très à gauche","Quartier plus populaire",59,62.31,68.36,17,48.910259,2.218111
356,"Avenue de la République",92000,92050,Nanterre,16,24,0,"Très à gauche","Quartier plus populaire",59,62.31,68.36,46,48.910516,2.220095
357,"Avenue de la République",92000,92050,Nanterre,16,0,0,"Très à gauche","Quartier plus populaire",59,62.31,68.36,17,48.910188,2.218441
359,"Avenue de la République",92000,92050,Nanterre,1,0,0,"Très à gauche","Quartier plus populaire",59,62.31,68.36,16,48.910266,2.218619
36,"Rue de Sartrouville",92000,92050,Nanterre,1,0,0,"Très à gauche","Quartier plus populaire",59,62.31,68.36,11,48.909083,2.215192
367,"Avenue de la République",92000,92050,Nanterre,5,0,0,"Très à gauche","Quartier plus populaire",59,62.31,68.36,16,48.910413,2.21895
375,"Avenue de la République",92000,92050,Nanterre,4,0,0,"Très à gauche","Quartier plus populaire",59,62.31,68.36,16,48.910745,2.219724
377,"Avenue de la République",92000,92050,Nanterre,1,0,0,"Très à gauche","Quartier plus populaire",59,62.31,68.36,16,48.910861,2.219918
387,"Avenue de la République",92000,92050,Nanterre,1,0,0,"Très à gauche","Quartier plus populaire",59,62.31,68.36,20,48.911141,2.22081
39,"Rue des Alouettes",92000,92050,Nanterre,13,0,0,"Très à gauche","Quartier aisé",59,62.31,68.36,12,48.883663,2.2128
391ter,"Avenue de la République",92000,92050,Nanterre,1,0,0,"Très à gauche","Quartier plus populaire",59,62.31,68.36,20,48.911541,2.22149
4,"Place des Merisiers",92000,92050,Nanterre,6,8,0,"Très à gauche","Quartier plus populaire",59,62.31,68.36,37,48.910123,2.217894
4,"Rue des Acacias",92000,92050,Nanterre,1,15,0,"Très à gauche","Quartier plus populaire",59,62.31,68.36,44,48.899669,2.190939
44,"Rue de Sartrouville",92000,92050,Nanterre,1,0,0,"Très à gauche","Quartier plus populaire",59,62.31,68.36,11,48.909218,2.215329
5,"Place des Merisiers",92000,92050,Nanterre,6,7,0,"Très à gauche","Quartier plus populaire",59,62.31,68.36,32,48.910036,2.217698
5,"Rue des Venêts",92000,92050,Nanterre,9,0,0,"Très à gauche","Revenu moyen",59,62.31,68.36,14,48.89089,2.201687
5,"Rue des Molières",92000,92050,Nanterre,1,0,0,"Très à gauche","Quartier aisé",59,62.31,68.36,11,48.879322,2.200801
5,"Rue des Saules",92000,92050,Nanterre,1,0,0,"Très à gauche","Quartier plus populaire",59,62.31,68.36,16,48.909405,2.215793
50,"Rue de Sartrouville",92000,92050,Nanterre,1,0,0,"Très à gauche","Quartier plus populaire",59,62.31,68.36,16,48.909465,2.215529
6,"Place des Merisiers",92000,92050,Nanterre,6,7,0,"Très à gauche","Quartier plus populaire",59,62.31,68.36,32,48.910052,2.217497
6,"Rue des Ormes",92000,92050,Nanterre,1,0,0,"Très à gauche","Quartier plus populaire",59,62.31,68.36,16,48.911297,2.220207
66,"Rue de Sartrouville",92000,92050,Nanterre,1,0,0,"Très à gauche","Quartier plus populaire",59,62.31,68.36,12,48.909883,2.215911
7,"Place des Merisiers",92000,92050,Nanterre,1,1,0,"Très à gauche","Quartier plus populaire",59,62.31,68.36,13,48.910466,2.21706
7,"Rue des Venêts",92000,92050,Nanterre,11,0,0,"Très à gauche","Revenu moyen",59,62.31,68.36,14,48.890941,2.201794
7,"Rue des Venêts",92000,92050,Nanterre,1,0,0,"Très à gauche","Revenu moyen",59,62.31,68.36,14,48.890941,2.201794
7,"Rue des Molières",92000,92050,Nanterre,1,0,0,"Très à gauche","Quartier aisé",59,62.31,68.36,11,48.879286,2.200859
7,"Rue des Saules",92000,92050,Nanterre,1,0,0,"Très à gauche","Quartier plus populaire",59,62.31,68.36,16,48.909445,2.21572
70,"Rue de Sartrouville",92000,92050,Nanterre,1,0,0,"Très à gauche","Quartier plus populaire",59,62.31,68.36,12,48.909927,2.216004
8,"Place des Merisiers",92000,92050,Nanterre,7,7,0,"Très à gauche","Quartier plus populaire",59,62.31,68.36,32,48.910553,2.216997
8,"Rue des Venêts",92000,92050,Nanterre,1,0,0,"Très à gauche","Quartier aisé",59,62.31,68.36,13,48.890363,2.201933
8,"Rue des Molières",92000,92050,Nanterre,1,0,0,"Très à gauche","Quartier aisé",59,62.31,68.36,11,48.879024,2.200772
80,"Rue de Sartrouville",92000,92050,Nanterre,1,0,0,"Très à gauche","Quartier plus populaire",59,62.31,68.36,12,48.910184,2.216196
82,"Rue de Sartrouville",92000,92050,Nanterre,1,0,0,"Très à gauche","Quartier plus populaire",59,62.31,68.36,12,48.910247,2.216273
84,"Rue de Sartrouville",92000,92050,Nanterre,2,0,0,"Très à gauche","Quartier plus populaire",59,62.31,68.36,12,48.910353,2.216333
9,"Rue des Venêts",92000,92050,Nanterre,5,0,0,"Très à gauche","Quartier plus populaire",59,62.31,68.36,13,48.890576,2.202275
9,"Rue des Venêts",92000,92050,Nanterre,1,0,0,"Très à gauche","Quartier plus populaire",59,62.31,68.36,13,48.890576,2.202275
9,"Rue des Molières",92000,92050,Nanterre,1,0,0,"Très à gauche","Quartier plus populaire",59,62.31,68.36,13,48.879211,2.201044
9,"Rue des Saules",92000,92050,Nanterre,1,0,0,"Très à gauche","Quartier plus populaire",59,62.31,68.36,12,48.909623,2.215673
92,"Rue de Sartrouville",92000,92050,Nanterre,1,0,0,"Très à gauche","Quartier plus populaire",59,62.31,68.36,12,48.910462,2.216498
94,"Rue de Sartrouville",92000,92050,Nanterre,2,1,0,"Très à gauche","Quartier plus populaire",59,62.31,68.36,13,48.910626,2.216623
96,"Rue de Sartrouville",92000,92050,Nanterre,1,1,0,"Très à gauche","Quartier plus populaire",59,62.31,68.36,13,48.910689,2.216699
98,"Rue de Sartrouville",92000,92050,Nanterre,3,1,0,"Très à gauche","Quartier plus populaire",59,62.31,68.36,13,48.910748,2.216759
1,"Boulevard du Levant",92000,92050,Nanterre,7,9,0,"Mixte gauche/droite","Quartier plus populaire",39,21.95,35.11,41,48.89005,2.1981
1,"Boulevard du Midi",92000,92050,Nanterre,2,0,0,"Mixte gauche/droite","Revenu moyen",39,21.95,35.11,12,48.889369,2.19449
1,"Place Jean-Baptiste Plainchamp",92000,92050,Nanterre,1,0,0,"Mixte gauche/droite","Revenu moyen",39,21.95,35.11,10,48.891384,2.20048
1,"Rue de Stalingrad",92000,92050,Nanterre,1,0,0,"Mixte gauche/droite","Revenu moyen",39,21.95,35.11,10,48.891639,2.199851
1,"Rue Raymond Barbet",92000,92050,Nanterre,2,0,0,"Mixte gauche/droite","Revenu moyen",39,21.95,35.11,10,48.89158,2.200257
10,"Avenue de Rochegude",92000,92050,Nanterre,1,0,0,"Mixte gauche/droite","Quartier aisé",39,21.95,35.11,9,48.889943,2.201398
10,"Boulevard du Levant",92000,92050,Nanterre,1,0,0,"Mixte gauche/droite","Revenu moyen",39,21.95,35.11,10,48.890435,2.199701
10,"Boulevard du Midi",92000,92050,Nanterre,116,0,0,"Mixte gauche/droite","Quartier plus populaire",39,21.95,35.11,19,48.890065,2.193898
10,"Rue des Venêts",92000,92050,Nanterre,1,0,0,"Mixte gauche/droite","Quartier plus populaire",39,21.95,35.11,10,48.890323,2.202082
10,"Rue Sadi Carnot",92000,92050,Nanterre,3,0,0,"Mixte gauche/droite","Quartier aisé",39,21.95,35.11,9,48.889427,2.199625
10bis,"Avenue de Rochegude",92000,92050,Nanterre,1,0,0,"Mixte gauche/droite","Quartier aisé",39,21.95,35.11,9,48.8901,2.201478
11,"Avenue de Rochegude",92000,92050,Nanterre,1,0,0,"Mixte gauche/droite","Quartier aisé",39,21.95,35.11,9,48.889985,2.200628
11,"Avenue Louis Meunier",92000,92050,Nanterre,1,0,0,"Mixte gauche/droite","Revenu moyen",39,21.95,35.11,9,48.893073,2.199091
11,"Rue de Stalingrad",92000,92050,Nanterre,1,0,0,"Mixte gauche/droite","Revenu moyen",39,21.95,35.11,10,48.892064,2.199325
11,"Rue Franklin",92000,92050,Nanterre,1,0,0,"Mixte gauche/droite","Revenu moyen",39,21.95,35.11,9,48.893264,2.200617
11,"Rue Sadi Carnot",92000,92050,Nanterre,1,0,0,"Mixte gauche/droite","Quartier aisé",39,21.95,35.11,9,48.88971,2.199454
12,"Avenue de Rochegude",92000,92050,Nanterre,1,0,0,"Mixte gauche/droite","Quartier aisé",39,21.95,35.11,9,48.889956,2.201105
12,"Boulevard du Levant",92000,92050,Nanterre,1,0,0,"Mixte gauche/droite","Revenu moyen",39,21.95,35.11,10,48.890704,2.200143
12,"Rue de Stalingrad",92000,92050,Nanterre,1,0,0,"Mixte gauche/droite","Revenu moyen",39,21.95,35.11,10,48.892128,2.199861
12,"Rue des Venêts",92000,92050,Nanterre,1,0,0,"Mixte gauche/droite","Quartier plus populaire",39,21.95,35.11,10,48.890248,2.202222
12,"Rue Franklin",92000,92050,Nanterre,1,0,0,"Mixte gauche/droite","Revenu moyen",39,21.95,35.11,9,48.892985,2.200526
12,"Rue Raymond Barbet",92000,92050,Nanterre,1,0,0,"Mixte gauche/droite","Revenu moyen",39,21.95,35.11,10,48.891841,2.200774
12,"Rue Sadi Carnot",92000,92050,Nanterre,4,0,0,"Mixte gauche/droite","Quartier aisé",39,21.95,35.11,9,48.88924,2.199736
12,"Rue Waldeck Rochet",92000,92050,Nanterre,19,13,0,"Mixte gauche/droite","Revenu moyen",39,21.95,35.11,40,48.890949,2.199556
12bis,"Avenue de Rochegude",92000,92050,Nanterre,1,0,0,"Mixte gauche/droite","Quartier aisé",39,21.95,35.11,9,48.890102,2.200854
13,"Avenue de Rochegude",92000,92050,Nanterre,1,0,0,"Mixte gauche/droite","Quartier aisé",39,21.95,35.11,9,48.890038,2.200558
13,"Rue de Stalingrad",92000,92050,Nanterre,1,0,0,"Mixte gauche/droite","Revenu moyen",39,21.95,35.11,10,48.8921,2.199252
13,"Rue des Amandiers",92000,92050,Nanterre,1,0,0,"Mixte gauche/droite","Quartier plus populaire",39,21.95,35.11,10,48.889814,2.202683
13,"Rue Franklin",92000,92050,Nanterre,1,0,0,"Mixte gauche/droite","Revenu moyen",39,21.95,35.11,9,48.893214,2.200732
13,"Rue Sadi Carnot",92000,92050,Nanterre,1,0,0,"Mixte gauche/droite","Quartier aisé",39,21.95,35.11,9,48.889769,2.199555
14,"Avenue de Rochegude",92000,92050,Nanterre,1,0,0,"Mixte gauche/droite","Quartier aisé",39,21.95,35.11,9,48.89032,2.200861
14,"Boulevard du Levant",92000,92050,Nanterre,1,0,0,"Mixte gauche/droite","Revenu moyen",39,21.95,35.11,10,48.890771,2.200173
14,"Rue de Stalingrad",92000,92050,Nanterre,1,0,0,"Mixte gauche/droite","Revenu moyen",39,21.95,35.11,10,48.892165,2.199744
14,"Rue des Amandiers",92000,92050,Nanterre,1,0,0,"Mixte gauche/droite","Quartier plus populaire",39,21.95,35.11,10,48.889884,2.203139
14,"Rue des Venêts",92000,92050,Nanterre,1,0,0,"Mixte gauche/droite","Quartier plus populaire",39,21.95,35.11,10,48.890161,2.202347
14,"Rue Franklin",92000,92050,Nanterre,1,0,0,"Mixte gauche/droite","Revenu moyen",39,21.95,35.11,9,48.892938,2.20067
14,"Rue Raymond Barbet",92000,92050,Nanterre,1,0,0,"Mixte gauche/droite","Revenu moyen",39,21.95,35.11,10,48.891894,2.200864
14,"Rue Sadi Carnot",92000,92050,Nanterre,1,0,0,"Mixte gauche/droite","Quartier aisé",39,21.95,35.11,9,48.889476,2.199962
14,"Rue Waldeck Rochet",92000,92050,Nanterre,2,0,0,"Mixte gauche/droite","Revenu moyen",39,21.95,35.11,10,48.891085,2.199978
14bis,"Rue de Stalingrad",92000,92050,Nanterre,1,0,0,"Mixte gauche/droite","Revenu moyen",39,21.95,35.11,9,48.892498,2.199885
15,"Avenue de Rochegude",92000,92050,Nanterre,1,0,0,"Mixte gauche/droite","Quartier aisé",39,21.95,35.11,9,48.890074,2.200483
15,"Avenue Louis Meunier",92000,92050,Nanterre,1,0,0,"Mixte gauche/droite","Revenu moyen",39,21.95,35.11,9,48.893278,2.199214
15,"Boulevard du Midi",92000,92050,Nanterre,1,0,0,"Mixte gauche/droite","Revenu moyen",39,21.95,35.11,11,48.88978,2.193408
15,"Rue de Stalingrad",92000,92050,Nanterre,1,0,0,"Mixte gauche/droite","Revenu moyen",39,21.95,35.11,10,48.892151,2.199161
15,"Rue des Amandiers",92000,92050,Nanterre,1,0,0,"Mixte gauche/droite","Quartier plus populaire",39,21.95,35.11,10,48.889953,2.202913
15,"Rue Franklin",92000,92050,Nanterre,1,0,0,"Mixte gauche/droite","Revenu moyen",39,21.95,35.11,9,48.893119,2.200823
15,"Rue Sadi Carnot",92000,92050,Nanterre,1,0,0,"Mixte gauche/droite","Quartier aisé",39,21.95,35.11,9,48.889706,2.199652
15bis,"Rue de Stalingrad",92000,92050,Nanterre,1,0,0,"Mixte gauche/droite","Revenu moyen",39,21.95,35.11,9,48.892265,2.199152
16,"Avenue de Rochegude",92000,92050,Nanterre,1,0,0,"Mixte gauche/droite","Quartier aisé",39,21.95,35.11,9,48.890283,2.200608
16,"Avenue Louis Meunier",92000,92050,Nanterre,6,7,0,"Mixte gauche/droite","Revenu moyen",39,21.95,35.11,29,48.892917,2.199318
16,"Boulevard du Levant",92000,92050,Nanterre,1,0,0,"Mixte gauche/droite","Revenu moyen",39,21.95,35.11,10,48.890816,2.20024
16,"Rue de Stalingrad",92000,92050,Nanterre,1,0,0,"Mixte gauche/droite","Revenu moyen",39,21.95,35.11,9,48.892295,2.199647
16,"Rue des Venêts",92000,92050,Nanterre,1,0,0,"Mixte gauche/droite","Quartier plus populaire",39,21.95,35.11,10,48.889996,2.202287
16,"Rue Franklin",92000,92050,Nanterre,1,0,0,"Mixte gauche/droite","Revenu moyen",39,21.95,35.11,9,48.892565,2.200454
16,"Rue Raymond Barbet",92000,92050,Nanterre,1,0,0,"Mixte gauche/droite","Revenu moyen",39,21.95,35.11,10,48.891959,2.200949
16,"Rue Sadi Carnot",92000,92050,Nanterre,1,0,0,"Mixte gauche/droite","Quartier aisé",39,21.95,35.11,9,48.889443,2.200445
16,"Rue Waldeck Rochet",92000,92050,Nanterre,1,0,0,"Mixte gauche/droite","Revenu moyen",39,21.95,35.11,10,48.891166,2.200168
16bis,"Rue de Stalingrad",92000,92050,Nanterre,1,0,0,"Mixte gauche/droite","Revenu moyen",39,21.95,35.11,9,48.892348,2.199532
17,"Avenue de Rochegude",92000,92050,Nanterre,1,0,0,"Mixte gauche/droite","Quartier aisé",39,21.95,35.11,9,48.890153,2.200377
17,"Boulevard du Midi",92000,92050,Nanterre,1,0,0,"Mixte gauche/droite","Revenu moyen",39,21.95,35.11,11,48.889942,2.193318
17,"Rue de Stalingrad",92000,92050,Nanterre,1,0,0,"Mixte gauche/droite","Revenu moyen",39,21.95,35.11,9,48.892333,2.199073
17,"Rue du Bas",92000,92050,Nanterre,1,0,0,"Mixte gauche/droite","Quartier plus populaire",39,21.95,35.11,10,48.888852,2.20261
17,"Rue Franklin",92000,92050,Nanterre,1,0,0,"Mixte gauche/droite","Revenu moyen",39,21.95,35.11,9,48.893023,2.201112
17,"Rue Raymond Barbet",92000,92050,Nanterre,1,0,0,"Mixte gauche/droite","Revenu moyen",39,21.95,35.11,10,48.892113,2.20047
17,"Rue Sadi Carnot",92000,92050,Nanterre,6,0,0,"Mixte gauche/droite","Quartier aisé",39,21.95,35.11,10,48.889742,2.199959
17ter,"Rue Sadi Carnot",92000,92050,Nanterre,5,0,0,"Mixte gauche/droite","Quartier aisé",39,21.95,35.11,9,48.889661,2.200302
17bis,"Rue Sadi Carnot",92000,92050,Nanterre,1,0,0,"Mixte gauche/droite","Quartier aisé",39,21.95,35.11,9,48.88972,2.20021
18,"Avenue Louis Meunier",92000,92050,Nanterre,6,8,0,"Mixte gauche/droite","Revenu moyen",39,21.95,35.11,33,48.893047,2.199503
18,"Boulevard du Levant",92000,92050,Nanterre,1,0,0,"Mixte gauche/droite","Revenu moyen",39,21.95,35.11,10,48.890909,2.200495
18,"Rue Franklin",92000,92050,Nanterre,5,4,0,"Mixte gauche/droite","Revenu moyen",39,21.95,35.11,14,48.892839,2.200944
18,"Rue Raymond Barbet",92000,92050,Nanterre,1,0,0,"Mixte gauche/droite","Revenu moyen",39,21.95,35.11,10,48.892069,2.200948
19,"Avenue de Rochegude",92000,92050,Nanterre,1,0,0,"Mixte gauche/droite","Quartier aisé",39,21.95,35.11,9,48.890186,2.200236
19,"Rue de Stalingrad",92000,92050,Nanterre,1,0,0,"Mixte gauche/droite","Revenu moyen",39,21.95,35.11,9,48.892398,2.198948
19,"Rue du Bas",92000,92050,Nanterre,2,0,0,"Mixte gauche/droite","Revenu moyen",39,21.95,35.11,8,48.888759,2.202417
19,"Rue Raymond Barbet",92000,92050,Nanterre,1,0,0,"Mixte gauche/droite","Revenu moyen",39,21.95,35.11,10,48.892186,2.200477
19bis,"Rue de Stalingrad",92000,92050,Nanterre,2,0,0,"Mixte gauche/droite","Revenu moyen",39,21.95,35.11,13,48.892449,2.198802
19ter,"Rue Sadi Carnot",92000,92050,Nanterre,3,0,0,"Mixte gauche/droite","Quartier aisé",39,21.95,35.11,9,48.889523,2.201336
1bis,"Avenue de Rochegude",92000,92050,Nanterre,2,0,0,"Mixte gauche/droite","Quartier aisé",39,21.95,35.11,9,48.889713,2.200983
2,"Avenue de Rochegude",92000,92050,Nanterre,1,0,0,"Mixte gauche/droite","Quartier aisé",39,21.95,35.11,9,48.889604,2.201747
2,"Boulevard de Pesaro",92000,92050,Nanterre,1,0,0,"Mixte gauche/droite","Quartier plus populaire",39,21.95,35.11,10,48.897107,2.219435
2,"Rue des Venêts",92000,92050,Nanterre,2,0,0,"Mixte gauche/droite","Revenu moyen",39,21.95,35.11,10,48.890802,2.201177
2,"Rue Raymond Barbet",92000,92050,Nanterre,1,0,0,"Mixte gauche/droite","Revenu moyen",39,21.95,35.11,10,48.891496,2.200416
2,"Rue Waldeck Rochet",92000,92050,Nanterre,2,0,0,"Mixte gauche/droite","Quartier plus populaire",39,21.95,35.11,15,48.890139,2.197396
2,"Villa Marthe",92000,92050,Nanterre,1,0,0,"Mixte gauche/droite","Revenu moyen",39,21.95,35.11,13,48.892785,2.198772
20,"Avenue Louis Meunier",92000,92050,Nanterre,12,14,0,"Mixte gauche/droite","Revenu moyen",39,21.95,35.11,38,48.89296,2.199746
20,"Boulevard du Levant",92000,92050,Nanterre,1,0,0,"Mixte gauche/droite","Revenu moyen",39,21.95,35.11,10,48.890964,2.200574
20,"Rue Sadi Carnot",92000,92050,Nanterre,1,0,0,"Mixte gauche/droite","Quartier aisé",39,21.95,35.11,9,48.889388,2.200887
20bis,"Rue Sadi Carnot",92000,92050,Nanterre,3,0,0,"Mixte gauche/droite","Quartier aisé",39,21.95,35.11,9,48.889187,2.201185
20quater,"Rue Sadi Carnot",92000,92050,Nanterre,2,0,0,"Mixte gauche/droite","Quartier aisé",39,21.95,35.11,9,48.889018,2.201682
21,"Avenue Louis Meunier",92000,92050,Nanterre,1,0,0,"Mixte gauche/droite","Revenu moyen",39,21.95,35.11,9,48.893416,2.199219
21,"Rue de Stalingrad",92000,92050,Nanterre,2,0,0,"Mixte gauche/droite","Revenu moyen",39,21.95,35.11,13,48.892508,2.198755
21,"Rue du Bas",92000,92050,Nanterre,9,0,0,"Mixte gauche/droite","Quartier plus populaire",39,21.95,35.11,16,48.888704,2.202096
21,"Rue Raymond Barbet",92000,92050,Nanterre,1,0,0,"Mixte gauche/droite","Revenu moyen",39,21.95,35.11,10,48.892264,2.20061
21bis,"Rue Raymond Barbet",92000,92050,Nanterre,1,0,0,"Mixte gauche/droite","Revenu moyen",39,21.95,35.11,9,48.892429,2.200281
21bis,"Rue Sadi Carnot",92000,92050,Nanterre,1,0,0,"Mixte gauche/droite","Quartier aisé",39,21.95,35.11,9,48.889532,2.201867
22,"Avenue Louis Meunier",92000,92050,Nanterre,11,14,0,"Mixte gauche/droite","Revenu moyen",39,21.95,35.11,38,48.893102,2.199891
22,"Boulevard du Levant",92000,92050,Nanterre,2,0,0,"Mixte gauche/droite","Revenu moyen",39,21.95,35.11,10,48.89101,2.200622
22,"Rue Raymond Barbet",92000,92050,Nanterre,1,0,0,"Mixte gauche/droite","Revenu moyen",39,21.95,35.11,10,48.89216,2.201022
22,"Rue Sadi Carnot",92000,92050,Nanterre,1,0,0,"Mixte gauche/droite","Quartier aisé",39,21.95,35.11,9,48.889268,2.201785
22bis,"Rue Sadi Carnot",92000,92050,Nanterre,2,0,0,"Mixte gauche/droite","Quartier aisé",39,21.95,35.11,9,48.889348,2.201906
23,"Avenue Louis Meunier",92000,92050,Nanterre,1,0,0,"Mixte gauche/droite","Revenu moyen",39,21.95,35.11,9,48.893602,2.199187
23,"Rue du Bas",92000,92050,Nanterre,8,0,0,"Mixte gauche/droite","Quartier aisé",39,21.95,35.11,10,48.888819,2.201926
23,"Rue Raymond Barbet",92000,92050,Nanterre,1,0,0,"Mixte gauche/droite","Revenu moyen",39,21.95,35.11,9,48.892375,2.200687
23bis,"Rue Sadi Carnot",92000,92050,Nanterre,1,0,0,"Mixte gauche/droite","Quartier plus populaire",39,21.95,35.11,10,48.889448,2.202132
24,"Boulevard du Levant",92000,92050,Nanterre,1,0,0,"Mixte gauche/droite","Revenu moyen",39,21.95,35.11,10,48.891095,2.200623
24,"Rue des Venêts",92000,92050,Nanterre,1,0,0,"Mixte gauche/droite","Quartier plus populaire",39,21.95,35.11,10,48.889625,2.203466
24bis,"Rue Sadi Carnot",92000,92050,Nanterre,2,0,0,"Mixte gauche/droite","Quartier plus populaire",39,21.95,35.11,10,48.889161,2.202348
25,"Avenue Louis Meunier",92000,92050,Nanterre,1,0,0,"Mixte gauche/droite","Revenu moyen",39,21.95,35.11,9,48.893553,2.199475
25,"Rue Raymond Barbet",92000,92050,Nanterre,1,0,0,"Mixte gauche/droite","Revenu moyen",39,21.95,35.11,9,48.89246,2.200699
25,"Rue Sadi Carnot",92000,92050,Nanterre,3,0,0,"Mixte gauche/droite","Quartier plus populaire",39,21.95,35.11,10,48.889383,2.202552
26,"Boulevard de Pesaro",92000,92050,Nanterre,1,0,0,"Mixte gauche/droite","Quartier plus populaire",39,21.95,35.11,10,48.895103,2.225804
26,"Rue Raymond Barbet",92000,92050,Nanterre,1,0,0,"Mixte gauche/droite","Revenu moyen",39,21.95,35.11,10,48.892169,2.201114
26,"Rue Sadi Carnot",92000,92050,Nanterre,1,0,0,"Mixte gauche/droite","Quartier plus populaire",39,21.95,35.11,10,48.889301,2.202277
26bis,"Rue Sadi Carnot",92000,92050,Nanterre,1,0,0,"Mixte gauche/droite","Quartier plus populaire",39,21.95,35.11,10,48.889176,2.202405
27,"Avenue de Rochegude",92000,92050,Nanterre,1,0,0,"Mixte gauche/droite","Revenu moyen",39,21.95,35.11,10,48.890487,2.199912
28,"Avenue Louis Meunier",92000,92050,Nanterre,1,0,0,"Mixte gauche/droite","Revenu moyen",39,21.95,35.11,9,48.893611,2.200083
28,"Rue Raymond Barbet",92000,92050,Nanterre,1,0,0,"Mixte gauche/droite","Revenu moyen",39,21.95,35.11,10,48.892322,2.201175
28,"Rue Sadi Carnot",92000,92050,Nanterre,1,0,0,"Mixte gauche/droite","Quartier plus populaire",39,21.95,35.11,10,48.889224,2.202574
29,"Rue Sadi Carnot",92000,92050,Nanterre,1,0,0,"Mixte gauche/droite","Quartier plus populaire",39,21.95,35.11,10,48.889349,2.203134
3,"Boulevard du Midi",92000,92050,Nanterre,1,0,0,"Mixte gauche/droite","Revenu moyen",39,21.95,35.11,11,48.889454,2.194199
3,"Place Jean-Baptiste Plainchamp",92000,92050,Nanterre,1,0,0,"Mixte gauche/droite","Revenu moyen",39,21.95,35.11,10,48.891417,2.200438
3,"Rue de Stalingrad",92000,92050,Nanterre,1,0,0,"Mixte gauche/droite","Revenu moyen",39,21.95,35.11,10,48.89176,2.199738
3,"Rue des Amandiers",92000,92050,Nanterre,1,0,0,"Mixte gauche/droite","Quartier plus populaire",39,21.95,35.11,10,48.88971,2.202471
3,"Villa Marcelle",92000,92050,Nanterre,1,0,0,"Mixte gauche/droite","Quartier aisé",39,21.95,35.11,9,48.890237,2.201106
3,"Villa Marthe",92000,92050,Nanterre,2,1,0,"Mixte gauche/droite","Revenu moyen",39,21.95,35.11,13,48.893017,2.198748
30,"Rue Raymond Barbet",92000,92050,Nanterre,1,0,0,"Mixte gauche/droite","Revenu moyen",39,21.95,35.11,9,48.892429,2.201162
31,"Rue Raymond Barbet",92000,92050,Nanterre,1,0,0,"Mixte gauche/droite","Revenu moyen",39,21.95,35.11,9,48.892642,2.200885
32,"Rue Raymond Barbet",92000,92050,Nanterre,1,0,0,"Mixte gauche/droite","Revenu moyen",39,21.95,35.11,9,48.892472,2.201233
34,"Rue Raymond Barbet",92000,92050,Nanterre,1,0,0,"Mixte gauche/droite","Revenu moyen",39,21.95,35.11,9,48.892517,2.201308
35,"Avenue Louis Meunier",92000,92050,Nanterre,1,0,0,"Mixte gauche/droite","Revenu moyen",39,21.95,35.11,9,48.893802,2.199674
36,"Avenue Louis Meunier",92000,92050,Nanterre,1,0,0,"Mixte gauche/droite","Revenu moyen",39,21.95,35.11,9,48.893801,2.20018
37,"Avenue Louis Meunier",92000,92050,Nanterre,1,0,0,"Mixte gauche/droite","Revenu moyen",39,21.95,35.11,9,48.893873,2.199753
37,"Rue Sadi Carnot",92000,92050,Nanterre,1,0,0,"Mixte gauche/droite","Quartier plus populaire",39,21.95,35.11,10,48.889231,2.203573
38,"Avenue Louis Meunier",92000,92050,Nanterre,1,0,0,"Mixte gauche/droite","Revenu moyen",39,21.95,35.11,9,48.893602,2.200808
38,"Rue Raymond Barbet",92000,92050,Nanterre,2,0,0,"Mixte gauche/droite","Revenu moyen",39,21.95,35.11,9,48.89276,2.201416
38bis,"Avenue Louis Meunier",92000,92050,Nanterre,2,0,0,"Mixte gauche/droite","Revenu moyen",39,21.95,35.11,9,48.893859,2.200234
39,"Avenue Louis Meunier",92000,92050,Nanterre,1,0,0,"Mixte gauche/droite","Revenu moyen",39,21.95,35.11,9,48.893905,2.199786
39,"Rue Raymond Barbet",92000,92050,Nanterre,1,0,0,"Mixte gauche/droite","Revenu moyen",39,21.95,35.11,9,48.893063,2.20118
3bis,"Rue Sadi Carnot",92000,92050,Nanterre,1,0,0,"Mixte gauche/droite","Quartier plus populaire",39,21.95,35.11,15,48.889763,2.19897
4,"Avenue de Rochegude",92000,92050,Nanterre,1,0,0,"Mixte gauche/droite","Quartier aisé",39,21.95,35.11,9,48.889649,2.20162
4,"Boulevard de Pesaro",92000,92050,Nanterre,7,0,0,"Mixte gauche/droite","Quartier plus populaire",39,21.95,35.11,10,48.896961,2.220011
4,"Rue de la Côte",92000,92050,Nanterre,2,0,0,"Mixte gauche/droite","Quartier plus populaire",39,21.95,35.11,10,48.889071,2.202839
4,"Rue des Amandiers",92000,92050,Nanterre,3,0,0,"Mixte gauche/droite","Quartier plus populaire",39,21.95,35.11,10,48.889552,2.20263
4,"Rue des Venêts",92000,92050,Nanterre,1,0,0,"Mixte gauche/droite","Revenu moyen",39,21.95,35.11,10,48.890684,2.201396
4,"Rue Sadi Carnot",92000,92050,Nanterre,3,0,0,"Mixte gauche/droite","Quartier plus populaire",39,21.95,35.11,15,48.889626,2.198558
4,"Rue Waldeck Rochet",92000,92050,Nanterre,1,0,0,"Mixte gauche/droite","Quartier plus populaire",39,21.95,35.11,15,48.890182,2.197498
4,"Villa Marcelle",92000,92050,Nanterre,1,0,0,"Mixte gauche/droite","Quartier aisé",39,21.95,35.11,9,48.890098,2.201222
40,"Avenue Louis Meunier",92000,92050,Nanterre,1,0,0,"Mixte gauche/droite","Revenu moyen",39,21.95,35.11,9,48.893997,2.200427
41,"Avenue Louis Meunier",92000,92050,Nanterre,1,0,0,"Mixte gauche/droite","Revenu moyen",39,21.95,35.11,9,48.894008,2.199859
41,"Rue Raymond Barbet",92000,92050,Nanterre,1,0,0,"Mixte gauche/droite","Revenu moyen",39,21.95,35.11,9,48.893112,2.201225
43,"Rue Raymond Barbet",92000,92050,Nanterre,1,0,0,"Mixte gauche/droite","Revenu moyen",39,21.95,35.11,9,48.893202,2.20125
46,"Rue Raymond Barbet",92000,92050,Nanterre,1,0,0,"Mixte gauche/droite","Revenu moyen",39,21.95,35.11,10,48.892847,2.201557
47,"Avenue Louis Meunier",92000,92050,Nanterre,1,0,0,"Mixte gauche/droite","Quartier aisé",39,21.95,35.11,8,48.894115,2.200117
47,"Rue Raymond Barbet",92000,92050,Nanterre,1,0,0,"Mixte gauche/droite","Revenu moyen",39,21.95,35.11,9,48.893366,2.201345
48,"Rue Raymond Barbet",92000,92050,Nanterre,1,0,0,"Mixte gauche/droite","Revenu moyen",39,21.95,35.11,10,48.892928,2.201539
4bis,"Rue des Venêts",92000,92050,Nanterre,1,0,0,"Mixte gauche/droite","Revenu moyen",39,21.95,35.11,10,48.890617,2.201678
5,"Avenue de Rochegude",92000,92050,Nanterre,4,0,0,"Mixte gauche/droite","Quartier aisé",39,21.95,35.11,9,48.88977,2.200908
5,"Boulevard du Midi",92000,92050,Nanterre,1,0,0,"Mixte gauche/droite","Revenu moyen",39,21.95,35.11,11,48.889514,2.194104
5,"Rue Franklin",92000,92050,Nanterre,1,0,0,"Mixte gauche/droite","Revenu moyen",39,21.95,35.11,9,48.893403,2.200271
5,"Rue Raymond Barbet",92000,92050,Nanterre,4,0,0,"Mixte gauche/droite","Revenu moyen",39,21.95,35.11,10,48.891806,2.200188
50,"Rue Raymond Barbet",92000,92050,Nanterre,1,0,0,"Mixte gauche/droite","Revenu moyen",39,21.95,35.11,10,48.893024,2.201575
51,"Rue Raymond Barbet",92000,92050,Nanterre,2,0,0,"Mixte gauche/droite","Revenu moyen",39,21.95,35.11,9,48.893547,2.201428
52,"Rue Raymond Barbet",92000,92050,Nanterre,1,0,0,"Mixte gauche/droite","Revenu moyen",39,21.95,35.11,10,48.892967,2.201942
54,"Rue Raymond Barbet",92000,92050,Nanterre,1,0,0,"Mixte gauche/droite","Revenu moyen",39,21.95,35.11,10,48.893129,2.201716
56,"Rue Raymond Barbet",92000,92050,Nanterre,1,0,0,"Mixte gauche/droite","Revenu moyen",39,21.95,35.11,10,48.893224,2.20177
6,"Avenue de Rochegude",92000,92050,Nanterre,2,0,0,"Mixte gauche/droite","Quartier aisé",39,21.95,35.11,9,48.889712,2.20154
6,"Boulevard du Levant",92000,92050,Nanterre,1,0,0,"Mixte gauche/droite","Quartier aisé",39,21.95,35.11,9,48.890312,2.199266
6,"Rue de la Côte",92000,92050,Nanterre,1,0,0,"Mixte gauche/droite","Quartier plus populaire",39,21.95,35.11,10,48.88899,2.202927
6,"Rue de Stalingrad",92000,92050,Nanterre,1,0,0,"Mixte gauche/droite","Revenu moyen",39,21.95,35.11,10,48.891808,2.199999
6,"Rue des Amandiers",92000,92050,Nanterre,1,0,0,"Mixte gauche/droite","Quartier plus populaire",39,21.95,35.11,10,48.889631,2.202762
6,"Rue Sadi Carnot",92000,92050,Nanterre,1,0,0,"Mixte gauche/droite","Quartier plus populaire",39,21.95,35.11,15,48.889595,2.198885
6,"Rue Waldeck Rochet",92000,92050,Nanterre,3,0,0,"Mixte gauche/droite","Quartier plus populaire",39,21.95,35.11,15,48.890219,2.197604
6,"Villa Marcelle",92000,92050,Nanterre,1,0,0,"Mixte gauche/droite","Quartier aisé",39,21.95,35.11,9,48.890192,2.201388
66,"Rue Raymond Barbet",92000,92050,Nanterre,2,0,0,"Mixte gauche/droite","Revenu moyen",39,21.95,35.11,10,48.893237,2.20222
68,"Rue Raymond Barbet",92000,92050,Nanterre,1,0,0,"Mixte gauche/droite","Revenu moyen",39,21.95,35.11,10,48.893045,2.202281
6bis,"Boulevard du Levant",92000,92050,Nanterre,2,0,0,"Mixte gauche/droite","Quartier aisé",39,21.95,35.11,9,48.890382,2.199442
6bis,"Rue de Stalingrad",92000,92050,Nanterre,1,0,0,"Mixte gauche/droite","Revenu moyen",39,21.95,35.11,10,48.891818,2.199956
6bis,"Rue des Venêts",92000,92050,Nanterre,2,0,0,"Mixte gauche/droite","Quartier aisé",39,21.95,35.11,9,48.890457,2.201913
7,"Avenue de Rochegude",92000,92050,Nanterre,1,0,0,"Mixte gauche/droite","Quartier aisé",39,21.95,35.11,9,48.889864,2.200789
7,"Boulevard du Midi",92000,92050,Nanterre,1,0,0,"Mixte gauche/droite","Revenu moyen",39,21.95,35.11,11,48.889325,2.193855
7,"Rue des Amandiers",92000,92050,Nanterre,1,0,0,"Mixte gauche/droite","Quartier plus populaire",39,21.95,35.11,10,48.889709,2.202212
7,"Rue Franklin",92000,92050,Nanterre,1,0,0,"Mixte gauche/droite","Revenu moyen",39,21.95,35.11,9,48.893368,2.200254
7,"Rue Sadi Carnot",92000,92050,Nanterre,1,0,0,"Mixte gauche/droite","Quartier plus populaire",39,21.95,35.11,15,48.889736,2.199184
7,"Villa Marcelle",92000,92050,Nanterre,1,0,0,"Mixte gauche/droite","Quartier aisé",39,21.95,35.11,9,48.890392,2.201277
7,"Villa Marthe",92000,92050,Nanterre,1,0,0,"Mixte gauche/droite","Revenu moyen",39,21.95,35.11,9,48.893242,2.198882
70,"Rue Raymond Barbet",92000,92050,Nanterre,2,0,0,"Mixte gauche/droite","Revenu moyen",39,21.95,35.11,10,48.8936,2.20207
72,"Rue Raymond Barbet",92000,92050,Nanterre,1,0,0,"Mixte gauche/droite","Revenu moyen",39,21.95,35.11,10,48.893659,2.202174
8,"Avenue de Rochegude",92000,92050,Nanterre,1,0,0,"Mixte gauche/droite","Quartier aisé",39,21.95,35.11,9,48.889814,2.20145
8,"Boulevard du Levant",92000,92050,Nanterre,1,0,0,"Mixte gauche/droite","Quartier aisé",39,21.95,35.11,9,48.890388,2.199653
8,"Rue des Amandiers",92000,92050,Nanterre,1,0,0,"Mixte gauche/droite","Quartier plus populaire",39,21.95,35.11,10,48.889647,2.202787
8,"Rue des Venêts",92000,92050,Nanterre,1,0,0,"Mixte gauche/droite","Quartier aisé",39,21.95,35.11,9,48.890363,2.201933
8,"Rue Franklin",92000,92050,Nanterre,3,0,0,"Mixte gauche/droite","Revenu moyen",39,21.95,35.11,9,48.893007,2.20037
8,"Rue Sadi Carnot",92000,92050,Nanterre,1,0,0,"Mixte gauche/droite","Quartier plus populaire",39,21.95,35.11,15,48.889569,2.199144
8,"Rue Waldeck Rochet",92000,92050,Nanterre,7,10,0,"Mixte gauche/droite","Quartier plus populaire",39,21.95,35.11,38,48.890319,2.197849
8,"Villa Marcelle",92000,92050,Nanterre,1,0,0,"Mixte gauche/droite","Quartier aisé",39,21.95,35.11,9,48.890255,2.201482
8bis,"Rue des Venêts",92000,92050,Nanterre,1,0,0,"Mixte gauche/droite","Quartier plus populaire",39,21.95,35.11,10,48.89036,2.202019
9,"Avenue de Rochegude",92000,92050,Nanterre,1,0,0,"Mixte gauche/droite","Quartier aisé",39,21.95,35.11,9,48.889938,2.200683
9,"Boulevard du Couchant",92000,92050,Nanterre,1,0,0,"Mixte gauche/droite","Revenu moyen",39,21.95,35.11,9,48.892122,2.191913
9,"Rue Franklin",92000,92050,Nanterre,2,0,0,"Mixte gauche/droite","Revenu moyen",39,21.95,35.11,9,48.893274,2.200414
9,"Rue Sadi Carnot",92000,92050,Nanterre,1,0,0,"Mixte gauche/droite","Quartier aisé",39,21.95,35.11,9,48.889743,2.199339
1,"Résidence des Coquelicots",92000,92050,Nanterre,7,9,0,"Très à gauche","Quartier plus populaire",60,55.04,62.15,49,48.90781,2.220311
1,"Résidence des Iris",92000,92050,Nanterre,14,20,0,"Très à gauche","Quartier plus populaire",60,55.04,62.15,54,48.907469,2.21804
1,"Résidence des Jonquilles",92000,92050,Nanterre,14,20,0,"Très à gauche","Quartier plus populaire",60,55.04,62.15,54,48.907575,2.21691
1,"Résidence des Lilas",92000,92050,Nanterre,17,20,0,"Très à gauche","Quartier plus populaire",60,55.04,62.15,52,48.907485,2.219248
1,"Résidence des Pervenches",92000,92050,Nanterre,5,9,0,"Très à gauche","Quartier plus populaire",60,55.04,62.15,48,48.908427,2.221749
1,"Rue du 11 Novembre 1918",92000,92050,Nanterre,11,0,0,"Très à gauche","Quartier plus populaire",60,55.04,62.15,13,48.907657,2.215356
10,"Résidence des Coquelicots",92000,92050,Nanterre,7,10,0,"Très à gauche","Quartier plus populaire",60,55.04,62.15,42,48.908575,2.220658
10,"Résidence des Pervenches",92000,92050,Nanterre,5,10,0,"Très à gauche","Quartier plus populaire",60,55.04,62.15,50,48.909192,2.222135
10,"Rue des Venêts",92000,92050,Nanterre,2,0,0,"Très à gauche","Quartier plus populaire",60,55.04,62.15,13,48.890323,2.202082
10,"Rue Pascal",92000,92050,Nanterre,1,0,0,"Très à gauche","Quartier aisé",60,55.04,62.15,11,48.895243,2.199007
11,"Résidence des Coquelicots",92000,92050,Nanterre,6,10,0,"Très à gauche","Quartier plus populaire",60,55.04,62.15,42,48.908233,2.220135
11,"Résidence des Pervenches",92000,92050,Nanterre,4,10,0,"Très à gauche","Quartier plus populaire",60,55.04,62.15,50,48.908828,2.221612
12,"Résidence des Coquelicots",92000,92050,Nanterre,9,10,0,"Très à gauche","Quartier plus populaire",60,55.04,62.15,42,48.908721,2.220659
12,"Résidence des Pervenches",92000,92050,Nanterre,10,10,0,"Très à gauche","Quartier plus populaire",60,55.04,62.15,50,48.909316,2.222105
12,"Rue Georges Bizet",92000,92050,Nanterre,1,0,0,"Très à gauche","Quartier plus populaire",60,55.04,62.15,22,48.906823,2.221009
13,"Résidence des Coquelicots",92000,92050,Nanterre,9,10,0,"Très à gauche","Quartier plus populaire",60,55.04,62.15,42,48.908357,2.220134
13,"Résidence des Pervenches",92000,92050,Nanterre,2,10,0,"Très à gauche","Quartier plus populaire",60,55.04,62.15,49,48.908955,2.221615
14,"Rue Georges Bizet",92000,92050,Nanterre,1,0,0,"Très à gauche","Quartier plus populaire",60,55.04,62.15,22,48.90684,2.221117
15,"Résidence des Coquelicots",92000,92050,Nanterre,7,10,0,"Très à gauche","Quartier plus populaire",60,55.04,62.15,42,48.908491,2.220143
15,"Résidence des Pervenches",92000,92050,Nanterre,5,10,0,"Très à gauche","Quartier plus populaire",60,55.04,62.15,50,48.909106,2.221624
16,"Rue Pascal",92000,92050,Nanterre,1,0,0,"Très à gauche","Quartier aisé",60,55.04,62.15,11,48.895353,2.199697
17,"Résidence des Coquelicots",92000,92050,Nanterre,4,10,0,"Très à gauche","Quartier plus populaire",60,55.04,62.15,41,48.9086,2.220139
17,"Résidence des Pervenches",92000,92050,Nanterre,5,10,0,"Très à gauche","Quartier plus populaire",60,55.04,62.15,50,48.90925,2.221622
2,"Résidence des Coquelicots",92000,92050,Nanterre,5,10,0,"Très à gauche","Quartier plus populaire",60,55.04,62.15,50,48.908009,2.22067
2,"Résidence des Pervenches",92000,92050,Nanterre,9,10,0,"Très à gauche","Quartier plus populaire",60,55.04,62.15,50,48.908596,2.222129
2,"Rue de Bezons",92000,92050,Nanterre,1,0,0,"Très à gauche","Quartier plus populaire",60,55.04,62.15,13,48.897203,2.196188
21,"Rue des Venêts",92000,92050,Nanterre,6,0,0,"Très à gauche","Quartier plus populaire",60,55.04,62.15,13,48.889689,2.20381
23,"Rue des Venêts",92000,92050,Nanterre,11,0,0,"Très à gauche","Quartier plus populaire",60,55.04,62.15,14,48.889684,2.203926
25,"Rue des Venêts",92000,92050,Nanterre,7,0,0,"Très à gauche","Quartier plus populaire",60,55.04,62.15,14,48.889492,2.204143
27,"Rue des Alouettes",92000,92050,Nanterre,6,0,0,"Très à gauche","Quartier aisé",60,55.04,62.15,12,48.883956,2.213325
29,"Rue des Venêts",92000,92050,Nanterre,13,0,0,"Très à gauche","Quartier plus populaire",60,55.04,62.15,14,48.889155,2.204671
3,"Résidence des Coquelicots",92000,92050,Nanterre,5,10,0,"Très à gauche","Quartier plus populaire",60,55.04,62.15,50,48.907806,2.220067
3,"Résidence des Iris",92000,92050,Nanterre,14,20,0,"Très à gauche","Quartier plus populaire",60,55.04,62.15,54,48.907506,2.217474
3,"Résidence des Jonquilles",92000,92050,Nanterre,17,20,0,"Très à gauche","Quartier plus populaire",60,55.04,62.15,55,48.907578,2.216298
3,"Résidence des Lilas",92000,92050,Nanterre,12,20,0,"Très à gauche","Quartier plus populaire",60,55.04,62.15,52,48.907471,2.218649
3,"Résidence des Pervenches",92000,92050,Nanterre,8,10,0,"Très à gauche","Quartier plus populaire",60,55.04,62.15,50,48.908423,2.221538
3,"Rue des Alouettes",92000,92050,Nanterre,4,0,0,"Très à gauche","Quartier plus populaire",60,55.04,62.15,17,48.885147,2.214741
3,"Rue du 11 Novembre 1918",92000,92050,Nanterre,13,0,0,"Très à gauche","Quartier plus populaire",60,55.04,62.15,17,48.9079,2.215733
36,"Rue Pascal",92000,92050,Nanterre,1,0,0,"Très à gauche","Revenu moyen",60,55.04,62.15,11,48.896172,2.199974
38,"Rue des Alouettes",92000,92050,Nanterre,15,0,0,"Très à gauche","Quartier aisé",60,55.04,62.15,12,48.883996,2.212774
4,"Résidence des Coquelicots",92000,92050,Nanterre,6,10,0,"Très à gauche","Quartier plus populaire",60,55.04,62.15,42,48.908163,2.220655
4,"Résidence des Pervenches",92000,92050,Nanterre,6,10,0,"Très à gauche","Quartier plus populaire",60,55.04,62.15,50,48.90878,2.222126
4,"Rue de Bezons",92000,92050,Nanterre,3,0,0,"Très à gauche","Quartier plus populaire",60,55.04,62.15,13,48.897281,2.196225
5,"Résidence des Coquelicots",92000,92050,Nanterre,9,10,0,"Très à gauche","Quartier plus populaire",60,55.04,62.15,50,48.907809,2.219857
5,"Résidence des Iris",92000,92050,Nanterre,59,100,0,"Très à gauche","Quartier plus populaire",60,55.04,62.15,57,48.907937,2.21783
5,"Résidence des Jonquilles",92000,92050,Nanterre,59,100,0,"Très à gauche","Quartier plus populaire",60,55.04,62.15,57,48.907845,2.216662
5,"Résidence des Lilas",92000,92050,Nanterre,45,92,0,"Très à gauche","Quartier plus populaire",60,55.04,62.15,53,48.907896,2.218985
5,"Résidence des Pervenches",92000,92050,Nanterre,7,10,0,"Très à gauche","Quartier plus populaire",60,55.04,62.15,50,48.908418,2.221332
5,"Rue du 11 Novembre 1918",92000,92050,Nanterre,13,0,0,"Très à gauche","Quartier plus populaire",60,55.04,62.15,26,48.907071,2.218047
52,"Rue de Metz",92000,92050,Nanterre,1,0,0,"Très à gauche","Quartier plus populaire",60,55.04,62.15,11,48.908418,2.228909
6,"Résidence des Coquelicots",92000,92050,Nanterre,4,9,0,"Très à gauche","Quartier plus populaire",60,55.04,62.15,40,48.908301,2.220657
6,"Résidence des Pervenches",92000,92050,Nanterre,5,10,0,"Très à gauche","Quartier plus populaire",60,55.04,62.15,50,48.90892,2.222129
7,"Résidence des Coquelicots",92000,92050,Nanterre,5,10,0,"Très à gauche","Quartier plus populaire",60,55.04,62.15,50,48.907808,2.21965
7,"Résidence des Iris",92000,92050,Nanterre,3,2,0,"Très à gauche","Quartier plus populaire",60,55.04,62.15,17,48.908128,2.217888
7,"Résidence des Jonquilles",92000,92050,Nanterre,3,3,0,"Très à gauche","Quartier plus populaire",60,55.04,62.15,19,48.908192,2.216709
7,"Résidence des Lilas",92000,92050,Nanterre,2,2,0,"Très à gauche","Quartier plus populaire",60,55.04,62.15,15,48.908096,2.218991
7,"Résidence des Pervenches",92000,92050,Nanterre,7,10,0,"Très à gauche","Quartier plus populaire",60,55.04,62.15,50,48.90842,2.221112
8,"Résidence des Coquelicots",92000,92050,Nanterre,5,10,0,"Très à gauche","Quartier plus populaire",60,55.04,62.15,42,48.90845,2.220655
8,"Résidence des Pervenches",92000,92050,Nanterre,8,9,0,"Très à gauche","Quartier plus populaire",60,55.04,62.15,48,48.909051,2.222134
9,"Résidence des Coquelicots",92000,92050,Nanterre,6,10,0,"Très à gauche","Quartier plus populaire",60,55.04,62.15,42,48.908121,2.220131
9,"Résidence des Pervenches",92000,92050,Nanterre,4,10,0,"Très à gauche","Quartier plus populaire",60,55.04,62.15,50,48.908737,2.221595
99,"Rue François Hanriot",92000,92050,Nanterre,2,0,0,"Très à gauche","Quartier plus populaire",60,55.04,62.15,12,48.903072,2.224561
10,"Allée Le Corbusier",92000,92050,Nanterre,17,20,0,"A gauche","Quartier plus populaire",52,41.27,49.58,46,48.894199,2.222847
10,"Rue Salvador Allende",92000,92050,Nanterre,8,0,0,"A gauche","Quartier plus populaire",52,41.27,49.58,12,48.895982,2.21782
12,"Rue Salvador Allende",92000,92050,Nanterre,26,0,0,"A gauche","Quartier plus populaire",52,41.27,49.58,13,48.895576,2.218449
14,"Rue Salvador Allende",92000,92050,Nanterre,19,0,0,"A gauche","Quartier plus populaire",52,41.27,49.58,13,48.895507,2.218694
16,"Rue Salvador Allende",92000,92050,Nanterre,35,0,0,"A gauche","Quartier plus populaire",52,41.27,49.58,13,48.895387,2.218258
18,"Rue Salvador Allende",92000,92050,Nanterre,22,0,0,"A gauche","Revenu moyen",52,41.27,49.58,16,48.89514,2.218137
19,"Allée du Tertre",92000,92050,Nanterre,1,0,0,"A gauche","Quartier plus populaire",52,41.27,49.58,12,48.895866,2.217591
2,"Rue Salvador Allende",92000,92050,Nanterre,9,0,0,"A gauche","Quartier plus populaire",52,41.27,49.58,12,48.89613,2.218606
20,"Rue Salvador Allende",92000,92050,Nanterre,7,0,0,"A gauche","Revenu moyen",52,41.27,49.58,15,48.894925,2.217954
21,"Allée du Tertre",92000,92050,Nanterre,1,0,0,"A gauche","Quartier plus populaire",52,41.27,49.58,12,48.895806,2.217751
22,"Square de la Brèche",92000,92050,Nanterre,1,0,0,"A gauche","Revenu moyen",52,41.27,49.58,15,48.895352,2.218531
23,"Allée du Tertre",92000,92050,Nanterre,1,0,0,"A gauche","Quartier plus populaire",52,41.27,49.58,12,48.895787,2.21784
24,"Square de la Brèche",92000,92050,Nanterre,1,0,0,"A gauche","Revenu moyen",52,41.27,49.58,15,48.895311,2.21857
25,"Allée du Tertre",92000,92050,Nanterre,1,0,0,"A gauche","Quartier plus populaire",52,41.27,49.58,12,48.895731,2.218007
26,"Square de la Brèche",92000,92050,Nanterre,1,0,0,"A gauche","Revenu moyen",52,41.27,49.58,15,48.895267,2.218532
27,"Allée du Tertre",92000,92050,Nanterre,1,0,0,"A gauche","Quartier plus populaire",52,41.27,49.58,12,48.895601,2.218091
28,"Square de la Brèche",92000,92050,Nanterre,1,0,0,"A gauche","Revenu moyen",52,41.27,49.58,15,48.895178,2.218484
3,"Rue Salvador Allende",92000,92050,Nanterre,1,0,0,"A gauche","Quartier plus populaire",52,41.27,49.58,12,48.896559,2.218374
31,"Allée du Tertre",92000,92050,Nanterre,1,0,0,"A gauche","Quartier plus populaire",52,41.27,49.58,12,48.895455,2.218005
34,"Square de la Brèche",92000,92050,Nanterre,1,0,0,"A gauche","Revenu moyen",52,41.27,49.58,15,48.894997,2.218345
35,"Allée du Tertre",92000,92050,Nanterre,1,0,0,"A gauche","Quartier plus populaire",52,41.27,49.58,12,48.895325,2.217909
36,"Square de la Brèche",92000,92050,Nanterre,1,0,0,"A gauche","Revenu moyen",52,41.27,49.58,15,48.894894,2.218275
37,"Allée du Tertre",92000,92050,Nanterre,1,0,0,"A gauche","Revenu moyen",52,41.27,49.58,15,48.895215,2.217885
38,"Square de la Brèche",92000,92050,Nanterre,1,0,0,"A gauche","Revenu moyen",52,41.27,49.58,15,48.89485,2.218244
39,"Allée du Tertre",92000,92050,Nanterre,1,0,0,"A gauche","Revenu moyen",52,41.27,49.58,15,48.89511,2.217787
4,"Rue Salvador Allende",92000,92050,Nanterre,7,0,0,"A gauche","Quartier plus populaire",52,41.27,49.58,12,48.895924,2.218392
40,"Square de la Brèche",92000,92050,Nanterre,1,0,0,"A gauche","Revenu moyen",52,41.27,49.58,15,48.894751,2.218162
41,"Allée du Tertre",92000,92050,Nanterre,1,0,0,"A gauche","Revenu moyen",52,41.27,49.58,15,48.895051,2.217725
43,"Allée du Tertre",92000,92050,Nanterre,1,0,0,"A gauche","Quartier plus populaire",52,41.27,49.58,10,48.894937,2.217638
51,"Rue Salvador Allende",92000,92050,Nanterre,1,0,0,"A gauche","Quartier plus populaire",52,41.27,49.58,9,48.89579,2.220973
6,"Allée Le Corbusier",92000,92050,Nanterre,12,14,0,"A gauche","Quartier plus populaire",52,41.27,49.58,46,48.894495,2.222866
6,"Rue Salvador Allende",92000,92050,Nanterre,29,0,0,"A gauche","Quartier plus populaire",52,41.27,49.58,13,48.895789,2.218295
61,"Terrasse de l'Arche",92000,92050,Nanterre,37,0,0,"A gauche","Quartier plus populaire",52,41.27,49.58,13,48.897872,2.220326
63,"Terrasse de l'Arche",92000,92050,Nanterre,12,0,0,"A gauche","Quartier plus populaire",52,41.27,49.58,12,48.897804,2.220463
70,"Rue Salvador Allende",92000,92050,Nanterre,10,25,0,"A gauche","Quartier plus populaire",52,41.27,49.58,46,48.895213,2.222461
8,"Rue Salvador Allende",92000,92050,Nanterre,8,0,0,"A gauche","Quartier plus populaire",52,41.27,49.58,12,48.895921,2.218022
82,"Rue Salvador Allende",92000,92050,Nanterre,21,33,0,"A gauche","Quartier plus populaire",52,41.27,49.58,46,48.895072,2.22309
86,"Rue Salvador Allende",92000,92050,Nanterre,14,18,0,"A gauche","Quartier plus populaire",52,41.27,49.58,46,48.894754,2.222771
88,"Rue Salvador Allende",92000,92050,Nanterre,16,16,0,"A gauche","Quartier plus populaire",52,41.27,49.58,46,48.894694,2.222957
90,"Rue Salvador Allende",92000,92050,Nanterre,12,12,0,"A gauche","Quartier plus populaire",52,41.27,49.58,46,48.894662,2.22315
93,"Terrasse de l'Arche",92000,92050,Nanterre,15,19,0,"A gauche","Quartier plus populaire",52,41.27,49.58,40,48.897747,2.220702
95,"Terrasse de l'Arche",92000,92050,Nanterre,30,51,0,"A gauche","Quartier plus populaire",52,41.27,49.58,41,48.897678,2.220845
11,"Allée de la Danse",92000,92050,Nanterre,11,20,0,"Mixte gauche/droite","Quartier plus populaire",45,28.24,41.7,45,48.894559,2.22147
19,"Square de la Brèche",92000,92050,Nanterre,1,0,0,"Mixte gauche/droite","Revenu moyen",45,28.24,41.7,14,48.895321,2.219094
2,"Allée de la Danse",92000,92050,Nanterre,14,14,0,"Mixte gauche/droite","Quartier plus populaire",45,28.24,41.7,45,48.895106,2.221271
20,"Allée de la Danse",92000,92050,Nanterre,1,0,0,"Mixte gauche/droite","Quartier plus populaire",45,28.24,41.7,15,48.894127,2.220698
21,"Square de la Brèche",92000,92050,Nanterre,1,0,0,"Mixte gauche/droite","Revenu moyen",45,28.24,41.7,14,48.895139,2.218976
23,"Square de la Brèche",92000,92050,Nanterre,1,0,0,"Mixte gauche/droite","Revenu moyen",45,28.24,41.7,14,48.895049,2.219045
28,"Rue Salvador Allende",92000,92050,Nanterre,19,0,0,"Mixte gauche/droite","Quartier plus populaire",45,28.24,41.7,11,48.895564,2.219806
29,"Square de la Brèche",92000,92050,Nanterre,1,0,0,"Mixte gauche/droite","Revenu moyen",45,28.24,41.7,14,48.894815,2.219226
3,"Allée de la Danse",92000,92050,Nanterre,12,22,0,"Mixte gauche/droite","Quartier plus populaire",45,28.24,41.7,45,48.89505,2.221795
30,"Rue Salvador Allende",92000,92050,Nanterre,59,0,0,"Mixte gauche/droite","Revenu moyen",45,28.24,41.7,16,48.89529,2.219609
31,"Square de la Brèche",92000,92050,Nanterre,1,0,0,"Mixte gauche/droite","Revenu moyen",45,28.24,41.7,14,48.894755,2.219184
32,"Rue Salvador Allende",92000,92050,Nanterre,10,0,0,"Mixte gauche/droite","Revenu moyen",45,28.24,41.7,14,48.895273,2.219274
33,"Square de la Brèche",92000,92050,Nanterre,2,0,0,"Mixte gauche/droite","Revenu moyen",45,28.24,41.7,14,48.8947,2.219141
34,"Rue Salvador Allende",92000,92050,Nanterre,44,0,0,"Mixte gauche/droite","Revenu moyen",45,28.24,41.7,16,48.894942,2.219655
36,"Rue Salvador Allende",92000,92050,Nanterre,8,0,0,"Mixte gauche/droite","Revenu moyen",45,28.24,41.7,14,48.894832,2.220056
37,"Square de la Brèche",92000,92050,Nanterre,3,0,0,"Mixte gauche/droite","Revenu moyen",45,28.24,41.7,14,48.894511,2.219029
38,"Rue Salvador Allende",92000,92050,Nanterre,34,0,0,"Mixte gauche/droite","Revenu moyen",45,28.24,41.7,15,48.894746,2.219521
39,"Square de la Brèche",92000,92050,Nanterre,1,0,0,"Mixte gauche/droite","Revenu moyen",45,28.24,41.7,14,48.894523,2.218966
4,"Allée de la Danse",92000,92050,Nanterre,20,23,0,"Mixte gauche/droite","Quartier plus populaire",45,28.24,41.7,45,48.894892,2.221066
40,"Rue Salvador Allende",92000,92050,Nanterre,11,0,0,"Mixte gauche/droite","Revenu moyen",45,28.24,41.7,14,48.894281,2.2192
41,"Square de la Brèche",92000,92050,Nanterre,1,0,0,"Mixte gauche/droite","Revenu moyen",45,28.24,41.7,14,48.89443,2.218972
42,"Rue Salvador Allende",92000,92050,Nanterre,15,21,0,"Mixte gauche/droite","Quartier plus populaire",45,28.24,41.7,40,48.89552,2.22031
45,"Square de la Brèche",92000,92050,Nanterre,1,0,0,"Mixte gauche/droite","Revenu moyen",45,28.24,41.7,14,48.894348,2.21879
46,"Rue Salvador Allende",92000,92050,Nanterre,12,22,0,"Mixte gauche/droite","Quartier plus populaire",45,28.24,41.7,45,48.895383,2.220623
47,"Square de la Brèche",92000,92050,Nanterre,1,0,0,"Mixte gauche/droite","Revenu moyen",45,28.24,41.7,14,48.89433,2.218853
48,"Rue Salvador Allende",92000,92050,Nanterre,12,0,0,"Mixte gauche/droite","Quartier plus populaire",45,28.24,41.7,16,48.895305,2.220861
49,"Square de la Brèche",92000,92050,Nanterre,1,0,0,"Mixte gauche/droite","Revenu moyen",45,28.24,41.7,14,48.894289,2.218831
5,"Allée de la Danse",92000,92050,Nanterre,1,0,0,"Mixte gauche/droite","Quartier plus populaire",45,28.24,41.7,15,48.894928,2.221709
50,"Rue Salvador Allende",92000,92050,Nanterre,6,0,0,"Mixte gauche/droite","Quartier plus populaire",45,28.24,41.7,16,48.895261,2.221138
51,"Square de la Brèche",92000,92050,Nanterre,1,0,0,"Mixte gauche/droite","Revenu moyen",45,28.24,41.7,14,48.894216,2.218787
54,"Rue Salvador Allende",92000,92050,Nanterre,17,22,0,"Mixte gauche/droite","Quartier plus populaire",45,28.24,41.7,45,48.895196,2.221328
6,"Allée de la Danse",92000,92050,Nanterre,11,11,0,"Mixte gauche/droite","Quartier plus populaire",45,28.24,41.7,44,48.894736,2.22096
64,"Rue Salvador Allende",92000,92050,Nanterre,18,28,0,"Mixte gauche/droite","Quartier plus populaire",45,28.24,41.7,45,48.894921,2.222266
7,"Allée de la Danse",92000,92050,Nanterre,9,15,0,"Mixte gauche/droite","Quartier plus populaire",45,28.24,41.7,44,48.894798,2.22164
100,"Rue Salvador Allende",92000,92050,Nanterre,23,30,0,"Mixte gauche/droite","Quartier plus populaire",46,23.87,37.95,41,48.894436,2.22374
104,"Rue Salvador Allende",92000,92050,Nanterre,1,0,0,"Mixte gauche/droite","Quartier plus populaire",46,23.87,37.95,11,48.894111,2.224057
11,"Allée Le Corbusier",92000,92050,Nanterre,17,20,0,"Mixte gauche/droite","Quartier plus populaire",46,23.87,37.95,41,48.894023,2.223459
112,"Rue Salvador Allende",92000,92050,Nanterre,18,0,0,"Mixte gauche/droite","Quartier plus populaire",46,23.87,37.95,25,48.893858,2.225308
114,"Rue Salvador Allende",92000,92050,Nanterre,44,0,0,"Mixte gauche/droite","Quartier plus populaire",46,23.87,37.95,26,48.893714,2.225198
116,"Rue Salvador Allende",92000,92050,Nanterre,55,0,0,"Mixte gauche/droite","Quartier plus populaire",46,23.87,37.95,27,48.893631,2.224882
118,"Rue Salvador Allende",92000,92050,Nanterre,14,0,0,"Mixte gauche/droite","Quartier plus populaire",46,23.87,37.95,25,48.89373,2.224516
120,"Rue Salvador Allende",92000,92050,Nanterre,35,0,0,"Mixte gauche/droite","Quartier plus populaire",46,23.87,37.95,26,48.893423,2.2245
122,"Rue Salvador Allende",92000,92050,Nanterre,25,0,0,"Mixte gauche/droite","Quartier plus populaire",46,23.87,37.95,25,48.893241,2.224407
124,"Rue Salvador Allende",92000,92050,Nanterre,18,0,0,"Mixte gauche/droite","Quartier plus populaire",46,23.87,37.95,25,48.892958,2.224269
126,"Rue Salvador Allende",92000,92050,Nanterre,7,0,0,"Mixte gauche/droite","Quartier plus populaire",46,23.87,37.95,24,48.892786,2.224219
128,"Rue Salvador Allende",92000,92050,Nanterre,20,0,0,"Mixte gauche/droite","Quartier plus populaire",46,23.87,37.95,25,48.893564,2.225456
130,"Rue Salvador Allende",92000,92050,Nanterre,1,0,0,"Mixte gauche/droite","Quartier plus populaire",46,23.87,37.95,24,48.892874,2.225244
16,"Allée Le Corbusier",92000,92050,Nanterre,1,0,0,"Mixte gauche/droite","Quartier plus populaire",46,23.87,37.95,9,48.89337,2.223383
9,"Allée Le Corbusier",92000,92050,Nanterre,20,26,0,"Mixte gauche/droite","Quartier plus populaire",46,23.87,37.95,41,48.89426,2.223613
11,"Rue Edmond Dubuis",92000,92050,Nanterre,14,37,0,"Très à gauche","Quartier plus populaire",58,61.4,63.71,47,48.890788,2.219364
13,"Rue Edmond Dubuis",92000,92050,Nanterre,9,14,0,"Très à gauche","Quartier plus populaire",58,61.4,63.71,47,48.890671,2.219412
15,"Rue Edmond Dubuis",92000,92050,Nanterre,7,21,0,"Très à gauche","Quartier plus populaire",58,61.4,63.71,47,48.890405,2.219684
17,"Rue Edmond Dubuis",92000,92050,Nanterre,10,20,0,"Très à gauche","Quartier plus populaire",58,61.4,63.71,47,48.890296,2.220045
18,"Rue Edmond Dubuis",92000,92050,Nanterre,16,30,0,"Très à gauche","Quartier plus populaire",58,61.4,63.71,46,48.88993,2.220036
19,"Rue Edmond Dubuis",92000,92050,Nanterre,6,12,0,"Très à gauche","Quartier plus populaire",58,61.4,63.71,47,48.890271,2.220301
2,"Avenue de la Liberté",92000,92050,Nanterre,1,30,0,"Très à gauche","Quartier plus populaire",58,61.4,63.71,41,48.887417,2.207835
20,"Rue Edmond Dubuis",92000,92050,Nanterre,4,0,0,"Très à gauche","Quartier plus populaire",58,61.4,63.71,17,48.889868,2.220021
21,"Avenue Pablo Picasso",92000,92050,Nanterre,10,12,0,"Très à gauche","Quartier plus populaire",58,61.4,63.71,40,48.891934,2.215652
21,"Rue Edmond Dubuis",92000,92050,Nanterre,15,18,0,"Très à gauche","Quartier plus populaire",58,61.4,63.71,47,48.890309,2.220524
23,"Avenue Pablo Picasso",92000,92050,Nanterre,11,17,0,"Très à gauche","Quartier plus populaire",58,61.4,63.71,40,48.891868,2.215351
24,"Place de la Colombe",92000,92050,Nanterre,11,18,0,"Très à gauche","Quartier plus populaire",58,61.4,63.71,46,48.889095,2.221327
25,"Avenue Pablo Picasso",92000,92050,Nanterre,12,24,0,"Très à gauche","Quartier plus populaire",58,61.4,63.71,40,48.89179,2.215093
27,"Avenue Pablo Picasso",92000,92050,Nanterre,7,15,0,"Très à gauche","Quartier plus populaire",58,61.4,63.71,40,48.891585,2.215231
27,"Place de la Colombe",92000,92050,Nanterre,11,9,0,"Très à gauche","Quartier plus populaire",58,61.4,63.71,44,48.889115,2.220961
27,"Rue Edmond Dubuis",92000,92050,Nanterre,25,30,0,"Très à gauche","Quartier plus populaire",58,61.4,63.71,48,48.890415,2.220798
29,"Avenue Pablo Picasso",92000,92050,Nanterre,14,15,0,"Très à gauche","Quartier plus populaire",58,61.4,63.71,42,48.891461,2.215372
29,"Rue Edmond Dubuis",92000,92050,Nanterre,12,29,0,"Très à gauche","Quartier plus populaire",58,61.4,63.71,47,48.890633,2.221019
3,"Allée des Trois Musiciens",92000,92050,Nanterre,7,7,0,"Très à gauche","Quartier plus populaire",58,61.4,63.71,37,48.889785,2.220368
31,"Avenue de la Liberté",92000,92050,Nanterre,1,29,0,"Très à gauche","Quartier plus populaire",58,61.4,63.71,46,48.889757,2.209255
31,"Avenue Pablo Picasso",92000,92050,Nanterre,11,15,0,"Très à gauche","Quartier plus populaire",58,61.4,63.71,48,48.891363,2.215591
33,"Avenue Pablo Picasso",92000,92050,Nanterre,15,17,0,"Très à gauche","Quartier plus populaire",58,61.4,63.71,48,48.891508,2.215836
35,"Avenue Pablo Picasso",92000,92050,Nanterre,10,11,0,"Très à gauche","Quartier plus populaire",58,61.4,63.71,40,48.891646,2.216027
43,"Avenue Pablo Picasso",92000,92050,Nanterre,13,24,0,"Très à gauche","Quartier plus populaire",58,61.4,63.71,48,48.890926,2.216362
47,"Avenue Pablo Picasso",92000,92050,Nanterre,20,36,0,"Très à gauche","Quartier plus populaire",58,61.4,63.71,49,48.890661,2.216599
49,"Avenue Pablo Picasso",92000,92050,Nanterre,19,35,0,"Très à gauche","Quartier plus populaire",58,61.4,63.71,49,48.890571,2.216927
5,"Allée des Trois Musiciens",92000,92050,Nanterre,6,7,0,"Très à gauche","Quartier plus populaire",58,61.4,63.71,37,48.88977,2.220641
53,"Avenue Pablo Picasso",92000,92050,Nanterre,17,36,0,"Très à gauche","Quartier plus populaire",58,61.4,63.71,49,48.89053,2.217486
55,"Avenue Pablo Picasso",92000,92050,Nanterre,9,17,0,"Très à gauche","Quartier plus populaire",58,61.4,63.71,48,48.890935,2.217348
57,"Avenue Pablo Picasso",92000,92050,Nanterre,12,26,0,"Très à gauche","Quartier plus populaire",58,61.4,63.71,48,48.890867,2.217581
59,"Avenue Pablo Picasso",92000,92050,Nanterre,16,17,0,"Très à gauche","Quartier plus populaire",58,61.4,63.71,49,48.890652,2.218022
59bis,"Avenue Pablo Picasso",92000,92050,Nanterre,18,22,0,"Très à gauche","Quartier plus populaire",58,61.4,63.71,49,48.890799,2.218044
6,"Place de la Colombe",92000,92050,Nanterre,7,9,0,"Très à gauche","Quartier plus populaire",58,61.4,63.71,48,48.889473,2.221328
61,"Avenue Pablo Picasso",92000,92050,Nanterre,7,8,0,"Très à gauche","Quartier plus populaire",58,61.4,63.71,43,48.890887,2.218271
61bis,"Avenue Pablo Picasso",92000,92050,Nanterre,6,7,0,"Très à gauche","Quartier plus populaire",58,61.4,63.71,38,48.890866,2.218508
63,"Avenue Pablo Picasso",92000,92050,Nanterre,7,7,0,"Très à gauche","Quartier plus populaire",58,61.4,63.71,38,48.890763,2.218684
63bis,"Avenue Pablo Picasso",92000,92050,Nanterre,3,7,0,"Très à gauche","Quartier plus populaire",58,61.4,63.71,38,48.890558,2.218619
65,"Avenue Pablo Picasso",92000,92050,Nanterre,17,22,0,"Très à gauche","Quartier plus populaire",58,61.4,63.71,47,48.890466,2.218449
65bis,"Avenue Pablo Picasso",92000,92050,Nanterre,16,15,0,"Très à gauche","Quartier plus populaire",58,61.4,63.71,49,48.890494,2.21818
67,"Avenue Pablo Picasso",92000,92050,Nanterre,26,0,0,"Très à gauche","Quartier plus populaire",58,61.4,63.71,19,48.890394,2.218978
75,"Avenue Pablo Picasso",92000,92050,Nanterre,1,0,0,"Très à gauche","Quartier plus populaire",58,61.4,63.71,21,48.890153,2.221755
9,"Allée des Trois Musiciens",92000,92050,Nanterre,5,7,0,"Très à gauche","Quartier plus populaire",58,61.4,63.71,37,48.889743,2.220953
9,"Place de la Colombe",92000,92050,Nanterre,6,9,0,"Très à gauche","Quartier plus populaire",58,61.4,63.71,43,48.889492,2.221026
1,"Allée des Demoiselles d'Avignon",92000,92050,Nanterre,35,49,0,"Très à gauche","Quartier plus populaire",66,60,66.51,74,48.888745,2.22633
101,"Avenue Pablo Picasso",92000,92050,Nanterre,26,34,0,"Très à gauche","Quartier plus populaire",66,60,66.51,52,48.888934,2.222616
103,"Avenue Pablo Picasso",92000,92050,Nanterre,22,34,0,"Très à gauche","Quartier plus populaire",66,60,66.51,52,48.888884,2.223255
114,"Avenue Pablo Picasso",92000,92050,Nanterre,9,8,0,"Très à gauche","Quartier plus populaire",66,60,66.51,51,48.888317,2.224473
114bis,"Avenue Pablo Picasso",92000,92050,Nanterre,9,8,0,"Très à gauche","Quartier plus populaire",66,60,66.51,51,48.888129,2.224463
116,"Avenue Pablo Picasso",92000,92050,Nanterre,6,12,0,"Très à gauche","Quartier plus populaire",66,60,66.51,55,48.887993,2.224654
116bis,"Avenue Pablo Picasso",92000,92050,Nanterre,9,12,0,"Très à gauche","Quartier plus populaire",66,60,66.51,55,48.887979,2.224839
117,"Avenue Pablo Picasso",92000,92050,Nanterre,15,0,0,"Très à gauche","Quartier plus populaire",66,60,66.51,45,48.888959,2.224679
118,"Avenue Pablo Picasso",92000,92050,Nanterre,9,13,0,"Très à gauche","Quartier plus populaire",66,60,66.51,55,48.887962,2.225089
118bis,"Avenue Pablo Picasso",92000,92050,Nanterre,7,12,0,"Très à gauche","Quartier plus populaire",66,60,66.51,55,48.887938,2.225328
119,"Avenue Pablo Picasso",92000,92050,Nanterre,38,49,0,"Très à gauche","Quartier plus populaire",66,60,66.51,74,48.88898,2.225373
120,"Avenue Pablo Picasso",92000,92050,Nanterre,7,12,0,"Très à gauche","Quartier plus populaire",66,60,66.51,55,48.888265,2.225421
121,"Avenue Pablo Picasso",92000,92050,Nanterre,25,44,0,"Très à gauche","Quartier plus populaire",66,60,66.51,74,48.888723,2.225108
122,"Avenue Pablo Picasso",92000,92050,Nanterre,5,12,0,"Très à gauche","Quartier plus populaire",66,60,66.51,55,48.888235,2.225715
123,"Avenue Pablo Picasso",92000,92050,Nanterre,21,39,0,"Très à gauche","Quartier plus populaire",66,60,66.51,74,48.888669,2.225852
124,"Avenue Pablo Picasso",92000,92050,Nanterre,10,12,0,"Très à gauche","Quartier plus populaire",66,60,66.51,55,48.888214,2.225936
126,"Avenue Pablo Picasso",92000,92050,Nanterre,9,12,0,"Très à gauche","Quartier plus populaire",66,60,66.51,55,48.888204,2.226154
128,"Avenue Pablo Picasso",92000,92050,Nanterre,8,12,0,"Très à gauche","Quartier plus populaire",66,60,66.51,55,48.88818,2.226358
129,"Avenue Pablo Picasso",92000,92050,Nanterre,8,9,0,"Très à gauche","Quartier plus populaire",66,60,66.51,53,48.888539,2.226819
130,"Avenue Pablo Picasso",92000,92050,Nanterre,7,12,0,"Très à gauche","Quartier plus populaire",66,60,66.51,55,48.888161,2.226532
131,"Avenue Pablo Picasso",92000,92050,Nanterre,6,9,0,"Très à gauche","Quartier plus populaire",66,60,66.51,50,48.888487,2.227035
132,"Avenue Pablo Picasso",92000,92050,Nanterre,6,9,0,"Très à gauche","Quartier plus populaire",66,60,66.51,53,48.887997,2.226763
132bis,"Avenue Pablo Picasso",92000,92050,Nanterre,7,9,0,"Très à gauche","Quartier plus populaire",66,60,66.51,53,48.887867,2.226728
133,"Avenue Pablo Picasso",92000,92050,Nanterre,5,9,0,"Très à gauche","Quartier plus populaire",66,60,66.51,50,48.88855,2.227245
134,"Avenue Pablo Picasso",92000,92050,Nanterre,6,9,0,"Très à gauche","Quartier plus populaire",66,60,66.51,53,48.888109,2.226932
135,"Avenue Pablo Picasso",92000,92050,Nanterre,7,9,0,"Très à gauche","Quartier plus populaire",66,60,66.51,50,48.88851,2.227487
136,"Avenue Pablo Picasso",92000,92050,Nanterre,9,9,0,"Très à gauche","Quartier plus populaire",66,60,66.51,53,48.887704,2.226876
138,"Avenue Pablo Picasso",92000,92050,Nanterre,5,9,0,"Très à gauche","Quartier plus populaire",66,60,66.51,50,48.887707,2.227073
140,"Avenue Pablo Picasso",92000,92050,Nanterre,4,9,0,"Très à gauche","Quartier plus populaire",66,60,66.51,50,48.887681,2.227341
7,"Allée des Demoiselles d'Avignon",92000,92050,Nanterre,69,97,0,"Très à gauche","Quartier plus populaire",66,60,66.51,76,48.889181,2.226229
8,"Rue Jacques Decour",92000,92050,Nanterre,2,0,0,"Très à gauche","Quartier plus populaire",66,60,66.51,20,48.886661,2.225127
95,"Rue des Rosiers",92000,92050,Nanterre,59,98,0,"Très à gauche","Quartier plus populaire",66,60,66.51,55,48.887959,2.227589
11,"Allée des Demoiselles d'Avignon",92000,92050,Nanterre,66,96,0,"Très à gauche","Quartier plus populaire",63,59.32,64.24,75,48.88955,2.226693
15,"Allée des Demoiselles d'Avignon",92000,92050,Nanterre,60,99,0,"Très à gauche","Quartier plus populaire",63,59.32,64.24,73,48.889312,2.227392
151,"Avenue Pablo Picasso",92000,92050,Nanterre,65,96,0,"Très à gauche","Quartier plus populaire",63,59.32,64.24,74,48.889292,2.228935
19,"Allée des Demoiselles d'Avignon",92000,92050,Nanterre,96,179,0,"Très à gauche","Quartier plus populaire",63,59.32,64.24,75,48.88892,2.227818
14,"Allée de Corse",92000,92050,Nanterre,1,0,0,"Très à gauche","Quartier plus populaire",66,63.7,70.45,12,48.901136,2.215026
52,"Boulevard de Pesaro",92000,92050,Nanterre,27,34,0,"Très à gauche","Quartier plus populaire",66,63.7,70.45,43,48.891532,2.226178
54,"Boulevard de Pesaro",92000,92050,Nanterre,32,36,0,"Très à gauche","Quartier plus populaire",66,63.7,70.45,62,48.891848,2.22682
56,"Boulevard de Pesaro",92000,92050,Nanterre,70,100,0,"Très à gauche","Quartier plus populaire",66,63.7,70.45,64,48.891687,2.226726
58,"Boulevard de Pesaro",92000,92050,Nanterre,10,0,0,"Très à gauche","Quartier plus populaire",66,63.7,70.45,32,48.891562,2.226608
60,"Boulevard de Pesaro",92000,92050,Nanterre,68,109,0,"Très à gauche","Quartier plus populaire",66,63.7,70.45,64,48.891384,2.226709
62,"Boulevard de Pesaro",92000,92050,Nanterre,39,44,0,"Très à gauche","Quartier plus populaire",66,63.7,70.45,62,48.891286,2.227021
64,"Boulevard de Pesaro",92000,92050,Nanterre,39,36,0,"Très à gauche","Quartier plus populaire",66,63.7,70.45,62,48.891134,2.227226
1,"Rue de Vimy",92000,92050,Nanterre,1,0,0,"A gauche","Quartier aisé",56,44.26,49.2,10,48.895788,2.232967
127,"Rue des Trois Fontanot",92000,92050,Nanterre,13,12,0,"A gauche","Quartier plus populaire",56,44.26,49.2,43,48.894413,2.226287
132,"Rue Salvador Allende",92000,92050,Nanterre,11,22,0,"A gauche","Quartier plus populaire",56,44.26,49.2,55,48.893324,2.226064
134,"Rue Salvador Allende",92000,92050,Nanterre,22,27,0,"A gauche","Quartier plus populaire",56,44.26,49.2,56,48.893172,2.225506
135,"Rue des Trois Fontanot",92000,92050,Nanterre,50,75,0,"A gauche","Quartier plus populaire",56,44.26,49.2,45,48.894312,2.226624
136,"Rue Salvador Allende",92000,92050,Nanterre,61,101,0,"A gauche","Quartier plus populaire",56,44.26,49.2,58,48.89308,2.225908
138,"Rue Salvador Allende",92000,92050,Nanterre,59,98,0,"A gauche","Quartier plus populaire",56,44.26,49.2,57,48.892839,2.226027
140,"Rue Salvador Allende",92000,92050,Nanterre,16,16,0,"A gauche","Quartier plus populaire",56,44.26,49.2,42,48.892734,2.22631
142,"Rue Salvador Allende",92000,92050,Nanterre,35,40,0,"A gauche","Quartier plus populaire",56,44.26,49.2,56,48.892565,2.225799
144,"Rue Salvador Allende",92000,92050,Nanterre,14,21,0,"A gauche","Quartier plus populaire",56,44.26,49.2,55,48.892335,2.225636
207,"Jardin de l'Arche",92000,92050,Nanterre,19,0,0,"A gauche","Quartier plus populaire",56,44.26,49.2,11,48.894486,2.230511
215,"Jardin de l'Arche",92000,92050,Nanterre,13,55,0,"A gauche","Quartier plus populaire",56,44.26,49.2,40,48.89446,2.230593
223,"Jardin de l'Arche",92000,92050,Nanterre,12,0,0,"A gauche","Quartier plus populaire",56,44.26,49.2,11,48.894424,2.230709
255,"Jardin de l'Arche",92000,92050,Nanterre,19,0,0,"A gauche","Quartier plus populaire",56,44.26,49.2,11,48.894308,2.231075
34,"Boulevard de Pesaro",92000,92050,Nanterre,63,0,0,"A gauche","Quartier plus populaire",56,44.26,49.2,17,48.894757,2.227028
44,"Boulevard des Bouvets",92000,92050,Nanterre,5,0,0,"A gauche","Quartier plus populaire",56,44.26,49.2,14,48.895823,2.227063
47,"Boulevard des Bouvets",92000,92050,Nanterre,30,0,0,"A gauche","Quartier plus populaire",56,44.26,49.2,12,48.896012,2.22707
48,"Boulevard de Pesaro",92000,92050,Nanterre,1,104,0,"A gauche","Quartier plus populaire",56,44.26,49.2,59,48.892291,2.226667
48,"Boulevard des Bouvets",92000,92050,Nanterre,1,0,0,"A gauche","Quartier plus populaire",56,44.26,49.2,14,48.895686,2.227484
49,"Boulevard de Pesaro",92000,92050,Nanterre,13,0,0,"A gauche","Quartier plus populaire",56,44.26,49.2,13,48.892587,2.22694
52,"Boulevard des Bouvets",92000,92050,Nanterre,42,59,0,"A gauche","Quartier plus populaire",56,44.26,49.2,45,48.89558,2.227826
53,"Boulevard de Pesaro",92000,92050,Nanterre,27,0,0,"A gauche","Quartier plus populaire",56,44.26,49.2,14,48.892468,2.22699
55,"Boulevard des Bouvets",92000,92050,Nanterre,13,67,0,"A gauche","Quartier plus populaire",56,44.26,49.2,44,48.895882,2.227491
589,"Terrasse de l'Arche",92000,92050,Nanterre,46,0,0,"A gauche","Quartier plus populaire",56,44.26,49.2,16,48.895647,2.22685
625,"Terrasse de l'Arche",92000,92050,Nanterre,25,0,0,"A gauche","Quartier plus populaire",56,44.26,49.2,15,48.895509,2.227283
1,"Allée du Berry",92000,92050,Nanterre,10,0,0,"Très à gauche","Quartier plus populaire",52,48.22,51.51,20,48.899918,2.215864
10,"Avenue de Rueil",92000,92050,Nanterre,10,0,0,"Très à gauche","Revenu moyen",52,48.22,51.51,12,48.887708,2.193056
11,"Avenue de Rueil",92000,92050,Nanterre,6,0,0,"Très à gauche","Revenu moyen",52,48.22,51.51,12,48.887873,2.193709
11,"Terrasse de l'Université",92000,92050,Nanterre,23,0,0,"Très à gauche","Quartier plus populaire",52,48.22,51.51,10,48.899868,2.212058
113,"Terrasse de l'Université",92000,92050,Nanterre,34,33,0,"Très à gauche","Quartier plus populaire",52,48.22,51.51,50,48.899076,2.215257
115,"Allée de Corse",92000,92050,Nanterre,6,0,0,"Très à gauche","Quartier plus populaire",52,48.22,51.51,10,48.900547,2.213954
119,"Boulevard des Provinces Françaises",92000,92050,Nanterre,6,0,0,"Très à gauche","Quartier plus populaire",52,48.22,51.51,10,48.899952,2.213848
12,"Avenue de Rueil",92000,92050,Nanterre,7,0,0,"Très à gauche","Revenu moyen",52,48.22,51.51,12,48.887619,2.192971
14,"Allée de Corse",92000,92050,Nanterre,10,0,0,"Très à gauche","Quartier plus populaire",52,48.22,51.51,10,48.901136,2.215026
145,"Terrasse de l'Université",92000,92050,Nanterre,15,30,0,"Très à gauche","Quartier plus populaire",52,48.22,51.51,49,48.89896,2.215771
162,"Esplanade Patrice Chéreau",92000,92050,Nanterre,15,0,0,"Très à gauche","Quartier plus populaire",52,48.22,51.51,10,48.900227,2.213589
163,"Terrasse de l'Université",92000,92050,Nanterre,13,31,0,"Très à gauche","Quartier plus populaire",52,48.22,51.51,49,48.898899,2.216
17,"Terrasse de l'Université",92000,92050,Nanterre,16,30,0,"Très à gauche","Quartier plus populaire",52,48.22,51.51,39,48.899779,2.212447
175,"Boulevard des Provinces Françaises",92000,92050,Nanterre,9,35,0,"Très à gauche","Quartier plus populaire",52,48.22,51.51,49,48.900387,2.214272
209,"Boulevard des Provinces Françaises",92000,92050,Nanterre,21,0,0,"Très à gauche","Quartier plus populaire",52,48.22,51.51,10,48.90065,2.214513
23,"Terrasse de l'Université",92000,92050,Nanterre,16,33,0,"Très à gauche","Quartier plus populaire",52,48.22,51.51,39,48.899653,2.212992
275,"Boulevard Blaise Pascal",92000,92050,Nanterre,5,8,0,"Très à gauche","Quartier plus populaire",52,48.22,51.51,37,48.89962,2.209854
280,"Boulevard des Provinces Françaises",92000,92050,Nanterre,13,0,0,"Très à gauche","Quartier plus populaire",52,48.22,51.51,10,48.900932,2.215428
29,"Terrasse de l'Université",92000,92050,Nanterre,23,0,0,"Très à gauche","Quartier plus populaire",52,48.22,51.51,10,48.899546,2.213464
3,"Allée du Berry",92000,92050,Nanterre,14,0,0,"Très à gauche","Quartier plus populaire",52,48.22,51.51,20,48.900093,2.215891
35,"Terrasse de l'Université",92000,92050,Nanterre,32,0,0,"Très à gauche","Quartier plus populaire",52,48.22,51.51,21,48.89933,2.214268
5,"Terrasse de l'Université",92000,92050,Nanterre,14,0,0,"Très à gauche","Quartier plus populaire",52,48.22,51.51,10,48.899955,2.211664
544,"Boulevard Arnaud Beltrame",92000,92050,Nanterre,11,20,0,"Très à gauche","Quartier plus populaire",52,48.22,51.51,42,48.899586,2.210288
77,"Terrasse de l'Université",92000,92050,Nanterre,34,0,0,"Très à gauche","Quartier plus populaire",52,48.22,51.51,21,48.899204,2.214788
9,"Avenue de Rueil",92000,92050,Nanterre,4,0,0,"Très à gauche","Revenu moyen",52,48.22,51.51,12,48.887841,2.193996
1,"Rue de l'Eglise",92000,92050,Nanterre,1,0,0,"A gauche","Quartier plus populaire",37,21.95,40.13,14,48.890208,2.197078
1,"Rue des Anciennes Mairies",92000,92050,Nanterre,1,0,0,"A gauche","Quartier plus populaire",37,21.95,40.13,9,48.890387,2.197219
1,"Rue du Grand Champ",92000,92050,Nanterre,1,0,0,"A gauche","Quartier plus populaire",37,21.95,40.13,9,48.891197,2.198402
1,"Rue Montpreau",92000,92050,Nanterre,1,0,0,"A gauche","Revenu moyen",37,21.95,40.13,11,48.892937,2.194615
1,"Rue Silvy",92000,92050,Nanterre,1,0,0,"A gauche","Revenu moyen",37,21.95,40.13,11,48.893335,2.194846
1,"Villa des Tilleuls",92000,92050,Nanterre,1,0,0,"A gauche","Revenu moyen",37,21.95,40.13,9,48.893289,2.192622
10,"Place Gabriel Péri",92000,92050,Nanterre,5,6,0,"A gauche","Quartier plus populaire",37,21.95,40.13,29,48.889849,2.197848
10,"Rue de l'Eglise",92000,92050,Nanterre,1,0,0,"A gauche","Quartier plus populaire",37,21.95,40.13,9,48.890674,2.196926
10,"Rue Henri Barbusse",92000,92050,Nanterre,1,0,0,"A gauche","Quartier plus populaire",37,21.95,40.13,9,48.890234,2.196521
10,"Rue Montpreau",92000,92050,Nanterre,1,0,0,"A gauche","Revenu moyen",37,21.95,40.13,11,48.893447,2.193984
10,"Rue Silvy",92000,92050,Nanterre,1,0,0,"A gauche","Quartier plus populaire",37,21.95,40.13,13,48.893939,2.195302
10,"Rue Volant",92000,92050,Nanterre,1,0,0,"A gauche","Revenu moyen",37,21.95,40.13,10,48.891852,2.19939
11,"Place Gabriel Péri",92000,92050,Nanterre,9,9,0,"A gauche","Quartier plus populaire",37,21.95,40.13,41,48.889909,2.198062
11,"Rue de l'Eglise",92000,92050,Nanterre,2,0,0,"A gauche","Quartier plus populaire",37,21.95,40.13,13,48.890602,2.196332
11,"Rue des Anciennes Mairies",92000,92050,Nanterre,2,0,0,"A gauche","Quartier plus populaire",37,21.95,40.13,9,48.891781,2.19765
11,"Rue Montpreau",92000,92050,Nanterre,1,0,0,"A gauche","Revenu moyen",37,21.95,40.13,11,48.893357,2.193457
11,"Rue Waldeck Rochet",92000,92050,Nanterre,1,0,0,"A gauche","Revenu moyen",37,21.95,40.13,10,48.891152,2.199362
11bis,"Place Gabriel Péri",92000,92050,Nanterre,14,26,0,"A gauche","Quartier plus populaire",37,21.95,40.13,44,48.890028,2.197859
12,"Passage du Quignon",92000,92050,Nanterre,1,0,0,"A gauche","Quartier plus populaire",37,21.95,40.13,13,48.894049,2.193923
12,"Place Gabriel Péri",92000,92050,Nanterre,1,0,0,"A gauche","Quartier plus populaire",37,21.95,40.13,14,48.889873,2.197753
12,"Rue des Anciennes Mairies",92000,92050,Nanterre,1,0,0,"A gauche","Quartier plus populaire",37,21.95,40.13,9,48.89181,2.198194
12,"Rue Henri Barbusse",92000,92050,Nanterre,1,0,0,"A gauche","Quartier plus populaire",37,21.95,40.13,13,48.890249,2.196373
12,"Rue Montpreau",92000,92050,Nanterre,1,0,0,"A gauche","Revenu moyen",37,21.95,40.13,11,48.89348,2.193881
12,"Rue Volant",92000,92050,Nanterre,1,0,0,"A gauche","Revenu moyen",37,21.95,40.13,10,48.891901,2.199227
13,"Place Gabriel Péri",92000,92050,Nanterre,1,0,0,"A gauche","Quartier plus populaire",37,21.95,40.13,14,48.88992,2.197671
13,"Rue Volant",92000,92050,Nanterre,2,0,0,"A gauche","Revenu moyen",37,21.95,40.13,10,48.891809,2.199057
13,"Rue Waldeck Rochet",92000,92050,Nanterre,3,0,0,"A gauche","Revenu moyen",37,21.95,40.13,10,48.891268,2.199523
14,"Rue de l'Eglise",92000,92050,Nanterre,1,0,0,"A gauche","Quartier plus populaire",37,21.95,40.13,9,48.89054,2.1968
14,"Rue Henri Barbusse",92000,92050,Nanterre,1,0,0,"A gauche","Quartier plus populaire",37,21.95,40.13,13,48.890245,2.196225
14,"Rue Montpreau",92000,92050,Nanterre,1,0,0,"A gauche","Revenu moyen",37,21.95,40.13,11,48.893581,2.193699
15,"Rue Volant",92000,92050,Nanterre,1,0,0,"A gauche","Quartier plus populaire",37,21.95,40.13,9,48.891755,2.198822
15,"Rue Waldeck Rochet",92000,92050,Nanterre,1,0,0,"A gauche","Revenu moyen",37,21.95,40.13,10,48.891227,2.19981
16,"Rue Henri Barbusse",92000,92050,Nanterre,1,0,0,"A gauche","Quartier plus populaire",37,21.95,40.13,13,48.890253,2.196135
16bis,"Rue Volant",92000,92050,Nanterre,1,0,0,"A gauche","Revenu moyen",37,21.95,40.13,10,48.891943,2.199083
17,"Rue des Anciennes Mairies",92000,92050,Nanterre,1,0,0,"A gauche","Quartier plus populaire",37,21.95,40.13,9,48.892077,2.197899
17,"Rue Volant",92000,92050,Nanterre,2,0,0,"A gauche","Quartier plus populaire",37,21.95,40.13,9,48.891845,2.19871
18,"Rue Henri Barbusse",92000,92050,Nanterre,1,0,0,"A gauche","Quartier plus populaire",37,21.95,40.13,13,48.890246,2.19607
18,"Rue Volant",92000,92050,Nanterre,1,0,0,"A gauche","Quartier plus populaire",37,21.95,40.13,9,48.892038,2.198915
19,"Rue de l'Eglise",92000,92050,Nanterre,2,0,0,"A gauche","Quartier plus populaire",37,21.95,40.13,13,48.890536,2.195857
19,"Rue Volant",92000,92050,Nanterre,1,0,0,"A gauche","Quartier plus populaire",37,21.95,40.13,9,48.891958,2.198687
1bis,"Rue Volant",92000,92050,Nanterre,1,0,0,"A gauche","Revenu moyen",37,21.95,40.13,10,48.891446,2.199531
2,"Rue Henri Barbusse",92000,92050,Nanterre,2,0,0,"A gauche","Quartier plus populaire",37,21.95,40.13,15,48.890111,2.196999
2,"Villa des Tilleuls",92000,92050,Nanterre,1,0,0,"A gauche","Revenu moyen",37,21.95,40.13,9,48.893473,2.192779
20,"Rue de l'Eglise",92000,92050,Nanterre,3,0,0,"A gauche","Quartier plus populaire",37,21.95,40.13,9,48.890736,2.196554
20,"Rue des Anciennes Mairies",92000,92050,Nanterre,1,0,0,"A gauche","Revenu moyen",37,21.95,40.13,13,48.892474,2.198459
20,"Rue Henri Barbusse",92000,92050,Nanterre,1,0,0,"A gauche","Quartier plus populaire",37,21.95,40.13,13,48.890251,2.195975
21,"Rue Volant",92000,92050,Nanterre,1,0,0,"A gauche","Quartier plus populaire",37,21.95,40.13,9,48.891867,2.198531
22,"Rue de Stalingrad",92000,92050,Nanterre,1,0,0,"A gauche","Revenu moyen",37,21.95,40.13,13,48.8929,2.198546
22,"Rue des Anciennes Mairies",92000,92050,Nanterre,1,0,0,"A gauche","Revenu moyen",37,21.95,40.13,13,48.892594,2.198477
22,"Rue Henri Barbusse",92000,92050,Nanterre,1,0,0,"A gauche","Quartier plus populaire",37,21.95,40.13,13,48.890312,2.195842
23,"Rue de l'Eglise",92000,92050,Nanterre,1,0,0,"A gauche","Quartier plus populaire",37,21.95,40.13,13,48.890553,2.195561
23,"Rue de Stalingrad",92000,92050,Nanterre,1,0,0,"A gauche","Revenu moyen",37,21.95,40.13,13,48.892713,2.198223
23,"Rue Volant",92000,92050,Nanterre,1,0,0,"A gauche","Quartier plus populaire",37,21.95,40.13,9,48.891992,2.198459
23bis,"Rue de Stalingrad",92000,92050,Nanterre,1,0,0,"A gauche","Revenu moyen",37,21.95,40.13,13,48.892858,2.198149
23ter,"Rue de Stalingrad",92000,92050,Nanterre,1,0,0,"A gauche","Revenu moyen",37,21.95,40.13,13,48.892882,2.198026
24,"Rue de Stalingrad",92000,92050,Nanterre,7,0,0,"A gauche","Revenu moyen",37,21.95,40.13,13,48.893274,2.19851
24,"Rue Henri Barbusse",92000,92050,Nanterre,1,0,0,"A gauche","Quartier plus populaire",37,21.95,40.13,13,48.890279,2.195691
24,"Rue Volant",92000,92050,Nanterre,1,0,0,"A gauche","Quartier plus populaire",37,21.95,40.13,9,48.892135,2.198698
24bis,"Rue de Stalingrad",92000,92050,Nanterre,9,0,0,"A gauche","Revenu moyen",37,21.95,40.13,9,48.893486,2.198711
25,"Rue de Stalingrad",92000,92050,Nanterre,1,0,0,"A gauche","Revenu moyen",37,21.95,40.13,13,48.893001,2.197759
25,"Rue Volant",92000,92050,Nanterre,1,0,0,"A gauche","Quartier plus populaire",37,21.95,40.13,9,48.892022,2.198288
26,"Rue de Stalingrad",92000,92050,Nanterre,15,0,0,"A gauche","Revenu moyen",37,21.95,40.13,9,48.893715,2.198686
27,"Rue de Stalingrad",92000,92050,Nanterre,3,0,0,"A gauche","Revenu moyen",37,21.95,40.13,13,48.893076,2.197597
27,"Rue Volant",92000,92050,Nanterre,2,0,0,"A gauche","Revenu moyen",37,21.95,40.13,13,48.892122,2.198134
28,"Rue de l'Eglise",92000,92050,Nanterre,2,0,0,"A gauche","Quartier plus populaire",37,21.95,40.13,9,48.890818,2.196376
28,"Rue de Stalingrad",92000,92050,Nanterre,10,0,0,"A gauche","Quartier aisé",37,21.95,40.13,8,48.894269,2.198854
28,"Rue Volant",92000,92050,Nanterre,1,0,0,"A gauche","Revenu moyen",37,21.95,40.13,13,48.89223,2.19849
29,"Rue de Stalingrad",92000,92050,Nanterre,1,0,0,"A gauche","Revenu moyen",37,21.95,40.13,13,48.893186,2.197401
2bis,"Passage du Quignon",92000,92050,Nanterre,1,0,0,"A gauche","Revenu moyen",37,21.95,40.13,11,48.893396,2.194707
3,"Place Gabriel Péri",92000,92050,Nanterre,1,0,0,"A gauche","Quartier plus populaire",37,21.95,40.13,14,48.889884,2.19719
3,"Rue de l'Eglise",92000,92050,Nanterre,1,0,0,"A gauche","Quartier plus populaire",37,21.95,40.13,9,48.890284,2.196992
3,"Rue des Anciennes Mairies",92000,92050,Nanterre,2,0,0,"A gauche","Quartier plus populaire",37,21.95,40.13,9,48.890496,2.197299
3,"Rue Silvy",92000,92050,Nanterre,1,0,0,"A gauche","Revenu moyen",37,21.95,40.13,11,48.893417,2.194924
3,"Rue Volant",92000,92050,Nanterre,2,0,0,"A gauche","Revenu moyen",37,21.95,40.13,10,48.891559,2.199644
3,"Villa des Tilleuls",92000,92050,Nanterre,1,0,0,"A gauche","Revenu moyen",37,21.95,40.13,9,48.893423,2.192253
3bis,"Rue Silvy",92000,92050,Nanterre,2,0,0,"A gauche","Revenu moyen",37,21.95,40.13,11,48.893524,2.194799
30,"Rue Henri Barbusse",92000,92050,Nanterre,1,0,0,"A gauche","Quartier plus populaire",37,21.95,40.13,13,48.890266,2.195398
32,"Rue de Stalingrad",92000,92050,Nanterre,1,0,0,"A gauche","Revenu moyen",37,21.95,40.13,13,48.893332,2.197644
32,"Rue Henri Barbusse",92000,92050,Nanterre,3,0,0,"A gauche","Quartier plus populaire",37,21.95,40.13,13,48.890283,2.195319
33,"Rue de Stalingrad",92000,92050,Nanterre,2,0,0,"A gauche","Revenu moyen",37,21.95,40.13,13,48.893283,2.19711
33,"Rue du Docteur Foucault",92000,92050,Nanterre,1,0,0,"A gauche","Revenu moyen",37,21.95,40.13,11,48.893242,2.195078
33,"Rue Volant",92000,92050,Nanterre,2,0,0,"A gauche","Revenu moyen",37,21.95,40.13,13,48.892233,2.197881
34,"Rue de Stalingrad",92000,92050,Nanterre,1,0,0,"A gauche","Revenu moyen",37,21.95,40.13,13,48.893417,2.197569
35,"Rue du Docteur Foucault",92000,92050,Nanterre,1,0,0,"A gauche","Revenu moyen",37,21.95,40.13,11,48.893219,2.195254
36,"Rue du Docteur Foucault",92000,92050,Nanterre,1,0,0,"A gauche","Revenu moyen",37,21.95,40.13,11,48.893079,2.195246
37,"Boulevard du Couchant",92000,92050,Nanterre,8,0,0,"A gauche","Quartier plus populaire",37,21.95,40.13,9,48.893692,2.192633
37,"Rue de Stalingrad",92000,92050,Nanterre,2,0,0,"A gauche","Revenu moyen",37,21.95,40.13,13,48.893696,2.196527
37,"Rue du Docteur Foucault",92000,92050,Nanterre,1,0,0,"A gauche","Revenu moyen",37,21.95,40.13,11,48.893171,2.195427
37,"Rue Volant",92000,92050,Nanterre,1,0,0,"A gauche","Revenu moyen",37,21.95,40.13,13,48.892302,2.197539
38,"Rue de Stalingrad",92000,92050,Nanterre,1,0,0,"A gauche","Revenu moyen",37,21.95,40.13,13,48.893554,2.197441
38,"Rue du Docteur Foucault",92000,92050,Nanterre,1,0,0,"A gauche","Revenu moyen",37,21.95,40.13,11,48.893064,2.195374
38,"Rue Volant",92000,92050,Nanterre,5,0,0,"A gauche","Revenu moyen",37,21.95,40.13,13,48.892439,2.19801
39,"Rue de Stalingrad",92000,92050,Nanterre,1,0,0,"A gauche","Revenu moyen",37,21.95,40.13,13,48.893702,2.196247
39,"Rue du Docteur Foucault",92000,92050,Nanterre,1,0,0,"A gauche","Revenu moyen",37,21.95,40.13,11,48.893145,2.195593
4,"Passage du Quignon",92000,92050,Nanterre,1,0,0,"A gauche","Revenu moyen",37,21.95,40.13,11,48.893485,2.194524
4,"Place Gabriel Péri",92000,92050,Nanterre,13,18,0,"A gauche","Quartier plus populaire",37,21.95,40.13,44,48.889828,2.197373
4,"Rue Henri Barbusse",92000,92050,Nanterre,1,0,0,"A gauche","Quartier plus populaire",37,21.95,40.13,14,48.890139,2.196884
4,"Rue Montpreau",92000,92050,Nanterre,2,0,0,"A gauche","Revenu moyen",37,21.95,40.13,11,48.893247,2.194579
4,"Rue Volant",92000,92050,Nanterre,1,0,0,"A gauche","Revenu moyen",37,21.95,40.13,10,48.891643,2.199751
4,"Villa des Tilleuls",92000,92050,Nanterre,1,0,0,"A gauche","Quartier plus populaire",37,21.95,40.13,8,48.893622,2.192373
40,"Rue de Stalingrad",92000,92050,Nanterre,1,0,0,"A gauche","Revenu moyen",37,21.95,40.13,13,48.893842,2.197522
40,"Rue du Docteur Foucault",92000,92050,Nanterre,1,0,0,"A gauche","Revenu moyen",37,21.95,40.13,11,48.89301,2.195507
41,"Boulevard du Couchant",92000,92050,Nanterre,1,0,0,"A gauche","Quartier plus populaire",37,21.95,40.13,8,48.89378,2.192954
41,"Rue de Stalingrad",92000,92050,Nanterre,1,0,0,"A gauche","Revenu moyen",37,21.95,40.13,13,48.893778,2.196153
41,"Rue Volant",92000,92050,Nanterre,1,0,0,"A gauche","Revenu moyen",37,21.95,40.13,13,48.89248,2.197169
41ter,"Rue de Stalingrad",92000,92050,Nanterre,4,0,0,"A gauche","Quartier plus populaire",37,21.95,40.13,9,48.893904,2.196202
42,"Boulevard du Couchant",92000,92050,Nanterre,1,0,0,"A gauche","Quartier plus populaire",37,21.95,40.13,13,48.893731,2.19346
43,"Boulevard du Couchant",92000,92050,Nanterre,1,0,0,"A gauche","Quartier plus populaire",37,21.95,40.13,8,48.893864,2.19307
43,"Rue de Stalingrad",92000,92050,Nanterre,2,0,0,"A gauche","Quartier plus populaire",37,21.95,40.13,13,48.894085,2.195679
44,"Boulevard du Couchant",92000,92050,Nanterre,1,0,0,"A gauche","Quartier plus populaire",37,21.95,40.13,13,48.893853,2.193525
45,"Rue Volant",92000,92050,Nanterre,1,0,0,"A gauche","Revenu moyen",37,21.95,40.13,13,48.892633,2.197051
47,"Boulevard du Couchant",92000,92050,Nanterre,1,0,0,"A gauche","Quartier plus populaire",37,21.95,40.13,13,48.894035,2.193198
47,"Rue de Stalingrad",92000,92050,Nanterre,2,0,0,"A gauche","Quartier plus populaire",37,21.95,40.13,13,48.8941,2.195075
47bis,"Rue de Stalingrad",92000,92050,Nanterre,4,0,0,"A gauche","Quartier plus populaire",37,21.95,40.13,13,48.894179,2.194733
48,"Rue Maurice Thorez",92000,92050,Nanterre,6,0,0,"A gauche","Revenu moyen",37,21.95,40.13,12,48.893135,2.195938
48,"Rue Volant",92000,92050,Nanterre,1,0,0,"A gauche","Revenu moyen",37,21.95,40.13,13,48.892719,2.197615
49,"Boulevard du Couchant",92000,92050,Nanterre,1,0,0,"A gauche","Quartier plus populaire",37,21.95,40.13,13,48.894054,2.193393
49,"Rue Volant",92000,92050,Nanterre,1,0,0,"A gauche","Revenu moyen",37,21.95,40.13,13,48.892572,2.196785
4bis,"Passage du Quignon",92000,92050,Nanterre,1,0,0,"A gauche","Revenu moyen",37,21.95,40.13,11,48.893405,2.194579
5,"Cour Saint-Nicolas",92000,92050,Nanterre,1,0,0,"A gauche","Quartier plus populaire",37,21.95,40.13,13,48.890468,2.196298
5,"Passage du Quignon",92000,92050,Nanterre,1,0,0,"A gauche","Quartier plus populaire",37,21.95,40.13,13,48.893637,2.193939
5,"Place Gabriel Péri",92000,92050,Nanterre,1,0,0,"A gauche","Quartier plus populaire",37,21.95,40.13,14,48.88979,2.197456
5,"Rue de l'Eglise",92000,92050,Nanterre,1,0,0,"A gauche","Quartier plus populaire",37,21.95,40.13,9,48.890437,2.196662
5,"Rue des Anciennes Mairies",92000,92050,Nanterre,1,0,0,"A gauche","Quartier plus populaire",37,21.95,40.13,9,48.89062,2.197372
5,"Rue Montpreau",92000,92050,Nanterre,1,0,0,"A gauche","Revenu moyen",37,21.95,40.13,11,48.893098,2.194152
5,"Rue Silvy",92000,92050,Nanterre,1,0,0,"A gauche","Revenu moyen",37,21.95,40.13,11,48.89361,2.194927
5,"Rue Volant",92000,92050,Nanterre,3,0,0,"A gauche","Revenu moyen",37,21.95,40.13,10,48.891593,2.199481
5,"Rue Waldeck Rochet",92000,92050,Nanterre,1,0,0,"A gauche","Quartier plus populaire",37,21.95,40.13,9,48.890875,2.198697
50,"Rue Volant",92000,92050,Nanterre,2,0,0,"A gauche","Revenu moyen",37,21.95,40.13,13,48.892675,2.197467
51,"Boulevard du Couchant",92000,92050,Nanterre,1,0,0,"A gauche","Quartier plus populaire",37,21.95,40.13,13,48.89411,2.193474
51,"Rue Volant",92000,92050,Nanterre,1,0,0,"A gauche","Revenu moyen",37,21.95,40.13,13,48.892721,2.196745
52,"Rue Volant",92000,92050,Nanterre,1,0,0,"A gauche","Revenu moyen",37,21.95,40.13,13,48.892662,2.197321
53,"Boulevard du Couchant",92000,92050,Nanterre,1,0,0,"A gauche","Quartier plus populaire",37,21.95,40.13,13,48.894161,2.193519
53,"Rue Volant",92000,92050,Nanterre,1,0,0,"A gauche","Revenu moyen",37,21.95,40.13,13,48.892702,2.19691
54,"Boulevard du Couchant",92000,92050,Nanterre,2,0,0,"A gauche","Quartier plus populaire",37,21.95,40.13,13,48.894461,2.194174
54,"Rue Maurice Thorez",92000,92050,Nanterre,6,0,0,"A gauche","Revenu moyen",37,21.95,40.13,13,48.893502,2.196022
55,"Boulevard du Couchant",92000,92050,Nanterre,1,0,0,"A gauche","Quartier plus populaire",37,21.95,40.13,13,48.894225,2.193501
55,"Rue de Stalingrad",92000,92050,Nanterre,1,0,0,"A gauche","Quartier plus populaire",37,21.95,40.13,13,48.894262,2.19405
55,"Rue Volant",92000,92050,Nanterre,2,0,0,"A gauche","Revenu moyen",37,21.95,40.13,13,48.892786,2.196573
55ter,"Rue Volant",92000,92050,Nanterre,1,0,0,"A gauche","Revenu moyen",37,21.95,40.13,13,48.892797,2.196376
56,"Boulevard du Couchant",92000,92050,Nanterre,1,0,0,"A gauche","Quartier plus populaire",37,21.95,40.13,13,48.894488,2.194357
56,"Rue Maurice Thorez",92000,92050,Nanterre,4,0,0,"A gauche","Revenu moyen",37,21.95,40.13,13,48.893582,2.195951
57,"Boulevard du Couchant",92000,92050,Nanterre,1,0,0,"A gauche","Quartier plus populaire",37,21.95,40.13,13,48.894279,2.193506
57,"Rue Volant",92000,92050,Nanterre,3,0,0,"A gauche","Revenu moyen",37,21.95,40.13,13,48.892886,2.196332
58,"Boulevard du Couchant",92000,92050,Nanterre,5,0,0,"A gauche","Quartier plus populaire",37,21.95,40.13,13,48.894521,2.194659
58,"Rue Volant",92000,92050,Nanterre,2,0,0,"A gauche","Revenu moyen",37,21.95,40.13,13,48.892958,2.197322
59,"Rue Volant",92000,92050,Nanterre,1,0,0,"A gauche","Revenu moyen",37,21.95,40.13,13,48.892901,2.196112
5bis,"Rue Volant",92000,92050,Nanterre,1,0,0,"A gauche","Revenu moyen",37,21.95,40.13,10,48.891635,2.199399
6,"Passage du Quignon",92000,92050,Nanterre,1,0,0,"A gauche","Quartier plus populaire",37,21.95,40.13,13,48.893769,2.194197
6,"Place Gabriel Péri",92000,92050,Nanterre,1,0,0,"A gauche","Quartier plus populaire",37,21.95,40.13,14,48.889655,2.197562
6,"Rue de l'Eglise",92000,92050,Nanterre,1,0,0,"A gauche","Quartier plus populaire",37,21.95,40.13,9,48.890443,2.197038
6,"Rue Henri Barbusse",92000,92050,Nanterre,2,0,0,"A gauche","Quartier plus populaire",37,21.95,40.13,15,48.890167,2.196759
6,"Rue Montpreau",92000,92050,Nanterre,1,0,0,"A gauche","Revenu moyen",37,21.95,40.13,11,48.893283,2.194483
6,"Rue Silvy",92000,92050,Nanterre,1,0,0,"A gauche","Revenu moyen",37,21.95,40.13,11,48.89365,2.195352
6,"Rue Volant",92000,92050,Nanterre,1,0,0,"A gauche","Revenu moyen",37,21.95,40.13,10,48.891728,2.199584
6,"Villa des Tilleuls",92000,92050,Nanterre,1,0,0,"A gauche","Quartier plus populaire",37,21.95,40.13,8,48.893719,2.192164
60,"Rue Maurice Thorez",92000,92050,Nanterre,2,0,0,"A gauche","Revenu moyen",37,21.95,40.13,13,48.893763,2.19591
61,"Rue Maurice Thorez",92000,92050,Nanterre,1,0,0,"A gauche","Revenu moyen",37,21.95,40.13,11,48.893338,2.195688
62,"Rue de Stalingrad",92000,92050,Nanterre,1,0,0,"A gauche","Quartier plus populaire",37,21.95,40.13,9,48.894107,2.19622
62,"Rue Maurice Thorez",92000,92050,Nanterre,1,0,0,"A gauche","Quartier plus populaire",37,21.95,40.13,9,48.893917,2.195926
62,"Rue Volant",92000,92050,Nanterre,1,0,0,"A gauche","Revenu moyen",37,21.95,40.13,13,48.892773,2.197049
64,"Rue Maurice Thorez",92000,92050,Nanterre,2,0,0,"A gauche","Quartier plus populaire",37,21.95,40.13,9,48.894002,2.195935
64,"Rue Volant",92000,92050,Nanterre,1,0,0,"A gauche","Revenu moyen",37,21.95,40.13,13,48.892829,2.19695
65,"Rue Maurice Thorez",92000,92050,Nanterre,2,0,0,"A gauche","Revenu moyen",37,21.95,40.13,11,48.893489,2.195727
67,"Rue Maurice Thorez",92000,92050,Nanterre,2,0,0,"A gauche","Revenu moyen",37,21.95,40.13,11,48.893599,2.195714
68,"Boulevard du Couchant",92000,92050,Nanterre,1,0,0,"A gauche","Quartier plus populaire",37,21.95,40.13,13,48.894713,2.195268
68,"Rue Volant",92000,92050,Nanterre,1,0,0,"A gauche","Revenu moyen",37,21.95,40.13,13,48.893083,2.197045
69,"Rue Maurice Thorez",92000,92050,Nanterre,1,0,0,"A gauche","Revenu moyen",37,21.95,40.13,11,48.893739,2.195736
7,"Cour Saint-Nicolas",92000,92050,Nanterre,1,0,0,"A gauche","Quartier plus populaire",37,21.95,40.13,13,48.89044,2.196124
7,"Passage du Quignon",92000,92050,Nanterre,1,0,0,"A gauche","Quartier plus populaire",37,21.95,40.13,13,48.893732,2.19404
7,"Rue de l'Eglise",92000,92050,Nanterre,1,0,0,"A gauche","Quartier plus populaire",37,21.95,40.13,9,48.890303,2.196622
7,"Rue Montpreau",92000,92050,Nanterre,1,0,0,"A gauche","Revenu moyen",37,21.95,40.13,11,48.893213,2.193879
7,"Rue Silvy",92000,92050,Nanterre,2,0,0,"A gauche","Quartier plus populaire",37,21.95,40.13,13,48.893913,2.195073
7,"Rue Volant",92000,92050,Nanterre,1,0,0,"A gauche","Revenu moyen",37,21.95,40.13,10,48.891669,2.199378
7,"Rue Waldeck Rochet",92000,92050,Nanterre,1,0,0,"A gauche","Quartier plus populaire",37,21.95,40.13,9,48.891051,2.198991
7,"Villa des Tilleuls",92000,92050,Nanterre,1,0,0,"A gauche","Quartier plus populaire",37,21.95,40.13,8,48.893613,2.191734
70,"Rue Volant",92000,92050,Nanterre,1,0,0,"A gauche","Revenu moyen",37,21.95,40.13,13,48.892914,2.196823
74,"Rue Maurice Thorez",92000,92050,Nanterre,1,0,0,"A gauche","Quartier plus populaire",37,21.95,40.13,9,48.894612,2.196086
76,"Boulevard du Couchant",92000,92050,Nanterre,1,0,0,"A gauche","Quartier plus populaire",37,21.95,40.13,13,48.894883,2.195665
76,"Rue Maurice Thorez",92000,92050,Nanterre,6,0,0,"A gauche","Quartier plus populaire",37,21.95,40.13,9,48.894726,2.196176
76,"Rue Volant",92000,92050,Nanterre,1,0,0,"A gauche","Revenu moyen",37,21.95,40.13,13,48.893127,2.196296
79,"Rue Maurice Thorez",92000,92050,Nanterre,1,0,0,"A gauche","Quartier plus populaire",37,21.95,40.13,9,48.894505,2.195808
7bis,"Rue Waldeck Rochet",92000,92050,Nanterre,1,0,0,"A gauche","Revenu moyen",37,21.95,40.13,10,48.891061,2.199206
8,"Passage du Quignon",92000,92050,Nanterre,1,0,0,"A gauche","Quartier plus populaire",37,21.95,40.13,13,48.89391,2.194084
8,"Place Gabriel Péri",92000,92050,Nanterre,4,0,0,"A gauche","Quartier plus populaire",37,21.95,40.13,15,48.889556,2.198274
8,"Rue de l'Eglise",92000,92050,Nanterre,1,0,0,"A gauche","Quartier plus populaire",37,21.95,40.13,9,48.890557,2.197137
8,"Rue Henri Barbusse",92000,92050,Nanterre,1,0,0,"A gauche","Quartier plus populaire",37,21.95,40.13,14,48.890202,2.196649
8,"Rue Silvy",92000,92050,Nanterre,1,0,0,"A gauche","Quartier plus populaire",37,21.95,40.13,13,48.893788,2.195377
8,"Rue Volant",92000,92050,Nanterre,1,0,0,"A gauche","Revenu moyen",37,21.95,40.13,10,48.891768,2.199483
8,"Villa des Tilleuls",92000,92050,Nanterre,1,0,0,"A gauche","Quartier plus populaire",37,21.95,40.13,8,48.893792,2.191904
81,"Rue Maurice Thorez",92000,92050,Nanterre,2,0,0,"A gauche","Quartier plus populaire",37,21.95,40.13,9,48.894687,2.195843
82,"Rue Maurice Thorez",92000,92050,Nanterre,3,0,0,"A gauche","Quartier plus populaire",37,21.95,40.13,9,48.894962,2.196264
82bis,"Rue Maurice Thorez",92000,92050,Nanterre,5,0,0,"A gauche","Quartier plus populaire",37,21.95,40.13,9,48.895188,2.196471
83,"Rue Maurice Thorez",92000,92050,Nanterre,1,0,0,"A gauche","Quartier plus populaire",37,21.95,40.13,9,48.894788,2.195881
85,"Rue Maurice Thorez",92000,92050,Nanterre,1,0,0,"A gauche","Quartier plus populaire",37,21.95,40.13,9,48.894844,2.195948
87,"Rue Maurice Thorez",92000,92050,Nanterre,1,0,0,"A gauche","Quartier plus populaire",37,21.95,40.13,9,48.894941,2.196003
9,"Rue de l'Eglise",92000,92050,Nanterre,1,0,0,"A gauche","Quartier plus populaire",37,21.95,40.13,9,48.890521,2.196534
9,"Rue Montpreau",92000,92050,Nanterre,1,0,0,"A gauche","Revenu moyen",37,21.95,40.13,11,48.893304,2.193623
9,"Villa des Tilleuls",92000,92050,Nanterre,1,0,0,"A gauche","Quartier plus populaire",37,21.95,40.13,8,48.89375,2.191692
1,"Boulevard du Couchant",92000,92050,Nanterre,1,0,0,"A gauche","Revenu moyen",42,20.85,38.56,12,48.891562,2.192142
1,"Rue du Docteur Foucault",92000,92050,Nanterre,1,0,0,"A gauche","Quartier plus populaire",42,20.85,38.56,14,48.891585,2.19526
1,"Rue Fernando",92000,92050,Nanterre,5,0,0,"A gauche","Revenu moyen",42,20.85,38.56,10,48.892187,2.19093
1,"Rue Jean-Baptiste Lebon",92000,92050,Nanterre,1,0,0,"A gauche","Quartier plus populaire",42,20.85,38.56,14,48.891768,2.194745
1,"Rue Léon Raimon",92000,92050,Nanterre,1,0,0,"A gauche","Quartier plus populaire",42,20.85,38.56,14,48.891448,2.193687
1,"Rue Maurice Thorez",92000,92050,Nanterre,1,0,0,"A gauche","Quartier plus populaire",42,20.85,38.56,14,48.890651,2.194815
10,"Boulevard du Couchant",92000,92050,Nanterre,1,0,0,"A gauche","Revenu moyen",42,20.85,38.56,10,48.891837,2.192638
10,"Rue du Bois Joly",92000,92050,Nanterre,1,0,0,"A gauche","Revenu moyen",42,20.85,38.56,10,48.893084,2.191755
10,"Rue Francisque Sarcey",92000,92050,Nanterre,1,0,0,"A gauche","Revenu moyen",42,20.85,38.56,10,48.89252,2.19302
10,"Rue Jean-Baptiste Lebon",92000,92050,Nanterre,5,23,0,"A gauche","Quartier plus populaire",42,20.85,38.56,43,48.891237,2.193609
11,"Boulevard du Couchant",92000,92050,Nanterre,2,0,0,"A gauche","Revenu moyen",42,20.85,38.56,10,48.892069,2.192116
11,"Rue du Bois Joly",92000,92050,Nanterre,7,0,0,"A gauche","Revenu moyen",42,20.85,38.56,10,48.892895,2.190567
11,"Rue Fernando",92000,92050,Nanterre,1,0,0,"A gauche","Revenu moyen",42,20.85,38.56,10,48.892709,2.191388
11,"Rue Francisque Sarcey",92000,92050,Nanterre,1,0,0,"A gauche","Revenu moyen",42,20.85,38.56,10,48.892228,2.193141
11,"Rue Jean-Baptiste Lebon",92000,92050,Nanterre,1,0,0,"A gauche","Quartier plus populaire",42,20.85,38.56,14,48.891197,2.193702
11,"Rue Maurice Thorez",92000,92050,Nanterre,2,0,0,"A gauche","Quartier plus populaire",42,20.85,38.56,14,48.891101,2.194953
11bis,"Rue Fernando",92000,92050,Nanterre,1,0,0,"A gauche","Revenu moyen",42,20.85,38.56,10,48.892771,2.19142
12,"Boulevard du Couchant",92000,92050,Nanterre,1,0,0,"A gauche","Revenu moyen",42,20.85,38.56,10,48.892012,2.192787
12,"Rue du Bois Joly",92000,92050,Nanterre,1,0,0,"A gauche","Revenu moyen",42,20.85,38.56,10,48.893076,2.191568
12,"Rue du Docteur Foucault",92000,92050,Nanterre,1,0,0,"A gauche","Revenu moyen",42,20.85,38.56,12,48.892176,2.194907
12,"Rue Fernando",92000,92050,Nanterre,1,0,0,"A gauche","Revenu moyen",42,20.85,38.56,10,48.892462,2.191619
12,"Rue Maurice Thorez",92000,92050,Nanterre,1,0,0,"A gauche","Quartier plus populaire",42,20.85,38.56,14,48.891033,2.195173
13,"Boulevard du Couchant",92000,92050,Nanterre,1,0,0,"A gauche","Revenu moyen",42,20.85,38.56,10,48.892272,2.192315
13,"Rue du Bois Joly",92000,92050,Nanterre,4,0,0,"A gauche","Quartier plus populaire",42,20.85,38.56,12,48.892932,2.190412
13,"Rue du Docteur Foucault",92000,92050,Nanterre,1,0,0,"A gauche","Revenu moyen",42,20.85,38.56,12,48.892413,2.194128
13,"Rue Maurice Thorez",92000,92050,Nanterre,1,0,0,"A gauche","Quartier plus populaire",42,20.85,38.56,14,48.891165,2.195011
14,"Boulevard du Couchant",92000,92050,Nanterre,1,0,0,"A gauche","Revenu moyen",42,20.85,38.56,10,48.892151,2.192811
14,"Rue du Docteur Foucault",92000,92050,Nanterre,1,0,0,"A gauche","Revenu moyen",42,20.85,38.56,12,48.892223,2.194803
14,"Rue Fernando",92000,92050,Nanterre,1,0,0,"A gauche","Revenu moyen",42,20.85,38.56,10,48.89256,2.191583
14,"Rue Maurice Thorez",92000,92050,Nanterre,1,0,0,"A gauche","Quartier plus populaire",42,20.85,38.56,14,48.89125,2.195443
14bis,"Rue du Docteur Foucault",92000,92050,Nanterre,1,0,0,"A gauche","Revenu moyen",42,20.85,38.56,12,48.892112,2.194749
15,"Boulevard du Couchant",92000,92050,Nanterre,1,0,0,"A gauche","Revenu moyen",42,20.85,38.56,10,48.892389,2.19242
15,"Rue du Bois Joly",92000,92050,Nanterre,4,0,0,"A gauche","Quartier plus populaire",42,20.85,38.56,12,48.892997,2.190209
15,"Rue du Docteur Foucault",92000,92050,Nanterre,1,0,0,"A gauche","Revenu moyen",42,20.85,38.56,12,48.892504,2.194005
15,"Rue Jean-Baptiste Lebon",92000,92050,Nanterre,1,0,0,"A gauche","Quartier plus populaire",42,20.85,38.56,14,48.891109,2.19361
15,"Rue Maurice Thorez",92000,92050,Nanterre,5,0,0,"A gauche","Quartier plus populaire",42,20.85,38.56,14,48.891335,2.195196
16,"Boulevard du Couchant",92000,92050,Nanterre,1,0,0,"A gauche","Revenu moyen",42,20.85,38.56,10,48.892292,2.192892
16,"Rue du Bois Joly",92000,92050,Nanterre,23,40,0,"A gauche","Revenu moyen",42,20.85,38.56,40,48.893033,2.191223
16,"Rue du Docteur Foucault",92000,92050,Nanterre,2,0,0,"A gauche","Revenu moyen",42,20.85,38.56,12,48.892043,2.194651
16,"Rue Fernando",92000,92050,Nanterre,1,0,0,"A gauche","Revenu moyen",42,20.85,38.56,10,48.892708,2.191705
16bis,"Rue du Docteur Foucault",92000,92050,Nanterre,2,0,0,"A gauche","Revenu moyen",42,20.85,38.56,12,48.891991,2.194594
17,"Boulevard du Couchant",92000,92050,Nanterre,1,0,0,"A gauche","Revenu moyen",42,20.85,38.56,10,48.89245,2.192441
17,"Rue du Bois Joly",92000,92050,Nanterre,5,0,0,"A gauche","Quartier plus populaire",42,20.85,38.56,12,48.892963,2.189748
17,"Rue Maurice Thorez",92000,92050,Nanterre,1,0,0,"A gauche","Quartier plus populaire",42,20.85,38.56,14,48.891392,2.195184
18,"Rue du Bois Joly",92000,92050,Nanterre,16,30,0,"A gauche","Revenu moyen",42,20.85,38.56,39,48.893123,2.190823
18,"Rue du Docteur Foucault",92000,92050,Nanterre,1,0,0,"A gauche","Revenu moyen",42,20.85,38.56,12,48.892095,2.194551
19,"Boulevard du Couchant",92000,92050,Nanterre,1,0,0,"A gauche","Revenu moyen",42,20.85,38.56,10,48.892528,2.192577
19,"Rue du Bois Joly",92000,92050,Nanterre,5,0,0,"A gauche","Quartier plus populaire",42,20.85,38.56,12,48.892868,2.189706
2,"Rue du Docteur Foucault",92000,92050,Nanterre,1,0,0,"A gauche","Quartier plus populaire",42,20.85,38.56,14,48.891781,2.195158
2,"Rue Maurice Thorez",92000,92050,Nanterre,1,0,0,"A gauche","Quartier plus populaire",42,20.85,38.56,14,48.890582,2.195069
20,"Boulevard du Couchant",92000,92050,Nanterre,1,0,0,"A gauche","Revenu moyen",42,20.85,38.56,10,48.892541,2.192863
20,"Rue du Bois Joly",92000,92050,Nanterre,9,20,0,"A gauche","Quartier plus populaire",42,20.85,38.56,41,48.89318,2.190372
20,"Rue du Docteur Foucault",92000,92050,Nanterre,2,0,0,"A gauche","Revenu moyen",42,20.85,38.56,12,48.892196,2.194474
21,"Rue du Bois Joly",92000,92050,Nanterre,6,0,0,"A gauche","Quartier plus populaire",42,20.85,38.56,12,48.892752,2.189661
21,"Rue du Docteur Foucault",92000,92050,Nanterre,2,0,0,"A gauche","Revenu moyen",42,20.85,38.56,12,48.892487,2.194349
21,"Rue Maurice Thorez",92000,92050,Nanterre,1,0,0,"A gauche","Quartier plus populaire",42,20.85,38.56,14,48.891525,2.195201
22,"Rue du Docteur Foucault",92000,92050,Nanterre,1,0,0,"A gauche","Revenu moyen",42,20.85,38.56,12,48.892297,2.194503
23,"Rue du Bois Joly",92000,92050,Nanterre,2,0,0,"A gauche","Quartier plus populaire",42,20.85,38.56,12,48.892655,2.18961
23,"Rue du Docteur Foucault",92000,92050,Nanterre,1,0,0,"A gauche","Revenu moyen",42,20.85,38.56,12,48.892523,2.194373
24,"Boulevard du Couchant",92000,92050,Nanterre,1,0,0,"A gauche","Revenu moyen",42,20.85,38.56,10,48.892719,2.192964
24,"Rue du Docteur Foucault",92000,92050,Nanterre,9,0,0,"A gauche","Revenu moyen",42,20.85,38.56,13,48.892463,2.19471
25,"Boulevard du Couchant",92000,92050,Nanterre,1,0,0,"A gauche","Revenu moyen",42,20.85,38.56,10,48.89296,2.192431
25,"Rue du Bois Joly",92000,92050,Nanterre,4,0,0,"A gauche","Quartier plus populaire",42,20.85,38.56,12,48.892547,2.189557
25,"Rue du Docteur Foucault",92000,92050,Nanterre,3,0,0,"A gauche","Revenu moyen",42,20.85,38.56,12,48.892812,2.194601
26,"Boulevard du Couchant",92000,92050,Nanterre,1,0,0,"A gauche","Revenu moyen",42,20.85,38.56,10,48.892716,2.19324
26,"Rue du Docteur Foucault",92000,92050,Nanterre,28,36,0,"A gauche","Revenu moyen",42,20.85,38.56,42,48.892687,2.194785
26bis,"Rue du Docteur Foucault",92000,92050,Nanterre,2,0,0,"A gauche","Revenu moyen",42,20.85,38.56,12,48.892768,2.194837
27,"Boulevard du Couchant",92000,92050,Nanterre,1,0,0,"A gauche","Revenu moyen",42,20.85,38.56,10,48.893016,2.192455
27,"Rue du Bois Joly",92000,92050,Nanterre,3,0,0,"A gauche","Quartier plus populaire",42,20.85,38.56,12,48.892433,2.189502
27,"Rue Maurice Thorez",92000,92050,Nanterre,2,0,0,"A gauche","Quartier plus populaire",42,20.85,38.56,14,48.891839,2.195468
28,"Boulevard du Couchant",92000,92050,Nanterre,1,0,0,"A gauche","Revenu moyen",42,20.85,38.56,10,48.893034,2.193115
28,"Rue du Docteur Foucault",92000,92050,Nanterre,1,0,0,"A gauche","Revenu moyen",42,20.85,38.56,12,48.892906,2.194892
28,"Rue Maurice Thorez",92000,92050,Nanterre,2,0,0,"A gauche","Revenu moyen",42,20.85,38.56,12,48.891981,2.195794
29,"Boulevard du Couchant",92000,92050,Nanterre,1,0,0,"A gauche","Revenu moyen",42,20.85,38.56,10,48.893168,2.192313
3,"Boulevard du Couchant",92000,92050,Nanterre,1,0,0,"A gauche","Revenu moyen",42,20.85,38.56,10,48.891749,2.19227
3,"Impasse du Chemin de Fer",92000,92050,Nanterre,1,0,0,"A gauche","Revenu moyen",42,20.85,38.56,14,48.892426,2.196172
3,"Rue du Bois Joly",92000,92050,Nanterre,1,0,0,"A gauche","Revenu moyen",42,20.85,38.56,10,48.892782,2.192004
3,"Rue du Docteur Foucault",92000,92050,Nanterre,1,0,0,"A gauche","Quartier plus populaire",42,20.85,38.56,14,48.891603,2.19503
3,"Rue Fernando",92000,92050,Nanterre,3,0,0,"A gauche","Revenu moyen",42,20.85,38.56,10,48.892319,2.191017
3,"Rue Jean-Baptiste Lebon",92000,92050,Nanterre,1,0,0,"A gauche","Quartier plus populaire",42,20.85,38.56,14,48.891737,2.19462
30,"Rue du Docteur Foucault",92000,92050,Nanterre,1,0,0,"A gauche","Revenu moyen",42,20.85,38.56,12,48.892964,2.194945
30,"Rue Maurice Thorez",92000,92050,Nanterre,2,0,0,"A gauche","Revenu moyen",42,20.85,38.56,12,48.892149,2.195885
31,"Rue Maurice Thorez",92000,92050,Nanterre,1,0,0,"A gauche","Quartier plus populaire",42,20.85,38.56,14,48.891915,2.195526
32,"Boulevard du Couchant",92000,92050,Nanterre,1,0,0,"A gauche","Revenu moyen",42,20.85,38.56,12,48.893104,2.19341
32,"Rue Maurice Thorez",92000,92050,Nanterre,2,6,0,"A gauche","Revenu moyen",42,20.85,38.56,27,48.8922,2.195928
34,"Boulevard du Couchant",92000,92050,Nanterre,1,0,0,"A gauche","Revenu moyen",42,20.85,38.56,10,48.893239,2.192992
34,"Rue Maurice Thorez",92000,92050,Nanterre,5,0,0,"A gauche","Revenu moyen",42,20.85,38.56,12,48.892336,2.195984
35,"Rue Maurice Thorez",92000,92050,Nanterre,1,0,0,"A gauche","Revenu moyen",42,20.85,38.56,12,48.89199,2.195618
37,"Rue Maurice Thorez",92000,92050,Nanterre,1,0,0,"A gauche","Revenu moyen",42,20.85,38.56,12,48.892021,2.195636
3bis,"Impasse du Chemin de Fer",92000,92050,Nanterre,1,0,0,"A gauche","Revenu moyen",42,20.85,38.56,14,48.892411,2.196297
3bis,"Rue Jean-Baptiste Lebon",92000,92050,Nanterre,1,0,0,"A gauche","Quartier plus populaire",42,20.85,38.56,14,48.891588,2.194488
4,"Rue du Docteur Foucault",92000,92050,Nanterre,4,0,0,"A gauche","Quartier plus populaire",42,20.85,38.56,14,48.891909,2.195136
4,"Rue Fernando",92000,92050,Nanterre,1,0,0,"A gauche","Revenu moyen",42,20.85,38.56,10,48.892052,2.191259
4,"Rue Francisque Sarcey",92000,92050,Nanterre,1,0,0,"A gauche","Revenu moyen",42,20.85,38.56,12,48.892305,2.194058
4,"Rue Maurice Thorez",92000,92050,Nanterre,4,0,0,"A gauche","Quartier plus populaire",42,20.85,38.56,14,48.890754,2.195121
40,"Boulevard du Couchant",92000,92050,Nanterre,1,0,0,"A gauche","Revenu moyen",42,20.85,38.56,12,48.893435,2.193226
41,"Rue Maurice Thorez",92000,92050,Nanterre,1,0,0,"A gauche","Revenu moyen",42,20.85,38.56,12,48.892141,2.195611
42,"Rue Henri Barbusse",92000,92050,Nanterre,1,0,0,"A gauche","Quartier plus populaire",42,20.85,38.56,14,48.890716,2.194512
44,"Rue Maurice Thorez",92000,92050,Nanterre,1,0,0,"A gauche","Revenu moyen",42,20.85,38.56,12,48.892861,2.19595
46,"Rue Henri Barbusse",92000,92050,Nanterre,2,0,0,"A gauche","Quartier plus populaire",42,20.85,38.56,14,48.890814,2.194295
47,"Rue Maurice Thorez",92000,92050,Nanterre,1,0,0,"A gauche","Revenu moyen",42,20.85,38.56,12,48.892376,2.195727
48,"Rue Henri Barbusse",92000,92050,Nanterre,9,0,0,"A gauche","Quartier plus populaire",42,20.85,38.56,14,48.890865,2.194202
5,"Impasse du Chemin de Fer",92000,92050,Nanterre,1,0,0,"A gauche","Revenu moyen",42,20.85,38.56,14,48.892451,2.196551
5,"Rue du Docteur Foucault",92000,92050,Nanterre,3,0,0,"A gauche","Revenu moyen",42,20.85,38.56,12,48.892038,2.194305
5,"Rue Jean-Baptiste Lebon",92000,92050,Nanterre,1,0,0,"A gauche","Quartier plus populaire",42,20.85,38.56,14,48.891429,2.194397
5,"Rue Léon Raimon",92000,92050,Nanterre,1,0,0,"A gauche","Revenu moyen",42,20.85,38.56,12,48.891497,2.193442
5,"Rue Maurice Thorez",92000,92050,Nanterre,4,0,0,"A gauche","Quartier plus populaire",42,20.85,38.56,14,48.890821,2.194833
52,"Rue Henri Barbusse",92000,92050,Nanterre,4,0,0,"A gauche","Quartier plus populaire",42,20.85,38.56,14,48.891168,2.194046
52bis,"Rue Henri Barbusse",92000,92050,Nanterre,1,0,0,"A gauche","Quartier plus populaire",42,20.85,38.56,14,48.891121,2.19399
54,"Rue Henri Barbusse",92000,92050,Nanterre,1,0,0,"A gauche","Quartier plus populaire",42,20.85,38.56,14,48.891053,2.193941
54bis,"Rue Henri Barbusse",92000,92050,Nanterre,1,0,0,"A gauche","Quartier plus populaire",42,20.85,38.56,14,48.891011,2.193908
6,"Impasse du Chemin de Fer",92000,92050,Nanterre,10,0,0,"A gauche","Revenu moyen",42,20.85,38.56,14,48.892305,2.196384
6,"Rue du Bois Joly",92000,92050,Nanterre,1,0,0,"A gauche","Revenu moyen",42,20.85,38.56,10,48.893163,2.192041
6,"Rue du Docteur Foucault",92000,92050,Nanterre,2,0,0,"A gauche","Quartier plus populaire",42,20.85,38.56,14,48.891843,2.194946
6,"Rue Fernando",92000,92050,Nanterre,1,0,0,"A gauche","Revenu moyen",42,20.85,38.56,10,48.892165,2.191281
6,"Rue Francisque Sarcey",92000,92050,Nanterre,1,0,0,"A gauche","Revenu moyen",42,20.85,38.56,12,48.892264,2.193713
60,"Rue Henri Barbusse",92000,92050,Nanterre,4,0,0,"A gauche","Revenu moyen",42,20.85,38.56,12,48.891283,2.193
64,"Rue Henri Barbusse",92000,92050,Nanterre,1,0,0,"A gauche","Revenu moyen",42,20.85,38.56,12,48.891635,2.192491
66,"Rue Henri Barbusse",92000,92050,Nanterre,1,0,0,"A gauche","Revenu moyen",42,20.85,38.56,12,48.891578,2.191998
68,"Rue Henri Barbusse",92000,92050,Nanterre,1,0,0,"A gauche","Revenu moyen",42,20.85,38.56,12,48.891641,2.191889
6bis,"Rue Francisque Sarcey",92000,92050,Nanterre,1,0,0,"A gauche","Revenu moyen",42,20.85,38.56,10,48.892386,2.193374
7,"Boulevard du Couchant",92000,92050,Nanterre,7,0,0,"A gauche","Revenu moyen",42,20.85,38.56,10,48.892184,2.191688
7,"Rue Fernando",92000,92050,Nanterre,1,0,0,"A gauche","Revenu moyen",42,20.85,38.56,10,48.892427,2.191151
7,"Rue Francisque Sarcey",92000,92050,Nanterre,1,0,0,"A gauche","Revenu moyen",42,20.85,38.56,12,48.892133,2.193455
7,"Rue Jean-Baptiste Lebon",92000,92050,Nanterre,1,0,0,"A gauche","Quartier plus populaire",42,20.85,38.56,14,48.891462,2.194024
7,"Rue Léon Raimon",92000,92050,Nanterre,1,0,0,"A gauche","Revenu moyen",42,20.85,38.56,12,48.891541,2.193303
7,"Rue Maurice Thorez",92000,92050,Nanterre,5,0,0,"A gauche","Quartier plus populaire",42,20.85,38.56,14,48.89095,2.194845
70,"Rue Henri Barbusse",92000,92050,Nanterre,1,0,0,"A gauche","Revenu moyen",42,20.85,38.56,10,48.891748,2.191749
72,"Rue Henri Barbusse",92000,92050,Nanterre,1,0,0,"A gauche","Revenu moyen",42,20.85,38.56,10,48.891821,2.19166
74,"Rue Henri Barbusse",92000,92050,Nanterre,1,0,0,"A gauche","Revenu moyen",42,20.85,38.56,10,48.89178,2.191476
76,"Rue Henri Barbusse",92000,92050,Nanterre,1,0,0,"A gauche","Revenu moyen",42,20.85,38.56,10,48.891906,2.191217
7bis,"Rue Fernando",92000,92050,Nanterre,1,0,0,"A gauche","Revenu moyen",42,20.85,38.56,10,48.892495,2.191194
7bis,"Rue Jean-Baptiste Lebon",92000,92050,Nanterre,1,0,0,"A gauche","Quartier plus populaire",42,20.85,38.56,14,48.891343,2.193861
8,"Boulevard du Couchant",92000,92050,Nanterre,1,0,0,"A gauche","Revenu moyen",42,20.85,38.56,10,48.891791,2.192657
8,"Rue du Bois Joly",92000,92050,Nanterre,1,0,0,"A gauche","Revenu moyen",42,20.85,38.56,10,48.893068,2.191839
8,"Rue Fernando",92000,92050,Nanterre,1,0,0,"A gauche","Revenu moyen",42,20.85,38.56,10,48.892337,2.191523
8,"Rue Léon Raimon",92000,92050,Nanterre,1,0,0,"A gauche","Revenu moyen",42,20.85,38.56,10,48.8918,2.193296
80,"Rue Henri Barbusse",92000,92050,Nanterre,2,0,0,"A gauche","Quartier plus populaire",42,20.85,38.56,12,48.892178,2.19063
82,"Rue Henri Barbusse",92000,92050,Nanterre,3,0,0,"A gauche","Quartier plus populaire",42,20.85,38.56,12,48.892365,2.189951
82bis,"Rue Henri Barbusse",92000,92050,Nanterre,3,0,0,"A gauche","Quartier plus populaire",42,20.85,38.56,12,48.892518,2.19003
84,"Rue Henri Barbusse",92000,92050,Nanterre,2,0,0,"A gauche","Revenu moyen",42,20.85,38.56,10,48.892561,2.190619
86,"Rue Henri Barbusse",92000,92050,Nanterre,3,0,0,"A gauche","Quartier plus populaire",42,20.85,38.56,12,48.892584,2.190425
88,"Rue Henri Barbusse",92000,92050,Nanterre,6,0,0,"A gauche","Quartier plus populaire",42,20.85,38.56,12,48.892624,2.190226
9,"Boulevard du Couchant",92000,92050,Nanterre,2,0,0,"A gauche","Revenu moyen",42,20.85,38.56,10,48.892122,2.191913
9,"Rue du Bois Joly",92000,92050,Nanterre,7,0,0,"A gauche","Revenu moyen",42,20.85,38.56,10,48.892855,2.190771
9,"Rue Fernando",92000,92050,Nanterre,1,0,0,"A gauche","Revenu moyen",42,20.85,38.56,10,48.892569,2.191263
9,"Rue Francisque Sarcey",92000,92050,Nanterre,3,0,0,"A gauche","Revenu moyen",42,20.85,38.56,10,48.892173,2.19333
9,"Rue Jean-Baptiste Lebon",92000,92050,Nanterre,2,0,0,"A gauche","Quartier plus populaire",42,20.85,38.56,14,48.891302,2.193841
9,"Rue Maurice Thorez",92000,92050,Nanterre,2,0,0,"A gauche","Quartier plus populaire",42,20.85,38.56,14,48.891028,2.194882
9bis,"Rue Fernando",92000,92050,Nanterre,1,0,0,"A gauche","Revenu moyen",42,20.85,38.56,10,48.892615,2.19131
1,"Boulevard du Sud-Est",92000,92050,Nanterre,1,0,0,"A gauche","Quartier plus populaire",41,23.7,37.01,15,48.88932,2.198033
1,"Place du Maréchal Foch",92000,92050,Nanterre,1,0,0,"A gauche","Revenu moyen",41,23.7,37.01,12,48.888881,2.195226
1,"Rue du Castel Marly",92000,92050,Nanterre,1,0,0,"A gauche","Quartier plus populaire",41,23.7,37.01,15,48.889765,2.197061
1,"Rue du Tir",92000,92050,Nanterre,1,0,0,"A gauche","Quartier aisé",41,23.7,37.01,8,48.883104,2.217895
1,"Rue Gambetta",92000,92050,Nanterre,10,0,0,"A gauche","Quartier plus populaire",41,23.7,37.01,16,48.889389,2.198295
1,"Rue Jules Gautier",92000,92050,Nanterre,2,0,0,"A gauche","Quartier plus populaire",41,23.7,37.01,15,48.888723,2.198609
1bis,"Rue Gambetta",92000,92050,Nanterre,19,0,0,"A gauche","Quartier plus populaire",41,23.7,37.01,16,48.889146,2.198602
10,"Boulevard du Midi",92000,92050,Nanterre,1,0,0,"A gauche","Quartier plus populaire",41,23.7,37.01,14,48.890065,2.193898
10,"Boulevard du Sud-Est",92000,92050,Nanterre,1,0,0,"A gauche","Quartier plus populaire",41,23.7,37.01,15,48.88936,2.197514
10,"Rue du Castel Marly",92000,92050,Nanterre,6,6,0,"A gauche","Revenu moyen",41,23.7,37.01,26,48.889686,2.196176
10,"Rue du Tir",92000,92050,Nanterre,2,0,0,"A gauche","Quartier aisé",41,23.7,37.01,9,48.88258,2.218244
10,"Rue Edmond Guerry",92000,92050,Nanterre,3,8,0,"A gauche","Quartier plus populaire",41,23.7,37.01,35,48.891385,2.190719
10,"Rue Gambetta",92000,92050,Nanterre,1,0,0,"A gauche","Quartier plus populaire",41,23.7,37.01,11,48.888366,2.199018
10,"Rue Thomas Lemaître",92000,92050,Nanterre,1,0,0,"A gauche","Revenu moyen",41,23.7,37.01,11,48.889205,2.193026
11,"Boulevard du Midi",92000,92050,Nanterre,1,0,0,"A gauche","Revenu moyen",41,23.7,37.01,11,48.889611,2.193706
11,"Place du Maréchal Foch",92000,92050,Nanterre,1,0,0,"A gauche","Revenu moyen",41,23.7,37.01,12,48.888599,2.194506
11,"Rue de Chanzy",92000,92050,Nanterre,1,0,0,"A gauche","Revenu moyen",41,23.7,37.01,12,48.888641,2.196347
11,"Rue Gambetta",92000,92050,Nanterre,1,0,0,"A gauche","Quartier plus populaire",41,23.7,37.01,11,48.888419,2.199329
11,"Rue Henri Barbusse",92000,92050,Nanterre,4,0,0,"A gauche","Revenu moyen",41,23.7,37.01,12,48.890103,2.196224
12,"Boulevard du Sud-Est",92000,92050,Nanterre,2,0,0,"A gauche","Quartier plus populaire",41,23.7,37.01,15,48.889271,2.1973
12,"Rue de Chanzy",92000,92050,Nanterre,1,0,0,"A gauche","Quartier plus populaire",41,23.7,37.01,9,48.888216,2.196338
12,"Rue du Tir",92000,92050,Nanterre,1,0,0,"A gauche","Quartier aisé",41,23.7,37.01,9,48.882501,2.218324
12,"Rue Edmond Guerry",92000,92050,Nanterre,5,8,0,"A gauche","Quartier plus populaire",41,23.7,37.01,35,48.89127,2.190595
12,"Rue Gambetta",92000,92050,Nanterre,1,0,0,"A gauche","Quartier plus populaire",41,23.7,37.01,11,48.888299,2.199042
12,"Rue Jules Gautier",92000,92050,Nanterre,1,0,0,"A gauche","Quartier plus populaire",41,23.7,37.01,11,48.888223,2.197159
12,"Rue Thomas Lemaître",92000,92050,Nanterre,1,0,0,"A gauche","Revenu moyen",41,23.7,37.01,11,48.889351,2.192961
13,"Boulevard du Midi",92000,92050,Nanterre,1,0,0,"A gauche","Revenu moyen",41,23.7,37.01,11,48.889537,2.193363
13,"Rue de Chanzy",92000,92050,Nanterre,19,104,0,"A gauche","Quartier plus populaire",41,23.7,37.01,39,48.888405,2.19673
13,"Rue Gambetta",92000,92050,Nanterre,1,0,0,"A gauche","Quartier plus populaire",41,23.7,37.01,11,48.888349,2.199369
13,"Rue Henri Barbusse",92000,92050,Nanterre,1,0,0,"A gauche","Revenu moyen",41,23.7,37.01,12,48.890111,2.196038
14,"Boulevard du Midi",92000,92050,Nanterre,1,0,0,"A gauche","Revenu moyen",41,23.7,37.01,11,48.890202,2.193604
14,"Boulevard du Sud-Est",92000,92050,Nanterre,3,0,0,"A gauche","Quartier plus populaire",41,23.7,37.01,15,48.889162,2.197079
14,"Rue du Vieux-Pont",92000,92050,Nanterre,1,0,0,"A gauche","Quartier plus populaire",41,23.7,37.01,12,48.891889,2.188707
14,"Rue Edmond Guerry",92000,92050,Nanterre,7,8,0,"A gauche","Quartier plus populaire",41,23.7,37.01,35,48.891182,2.190512
14,"Rue Gambetta",92000,92050,Nanterre,1,0,0,"A gauche","Quartier plus populaire",41,23.7,37.01,11,48.888269,2.199123
14,"Rue Jules Gautier",92000,92050,Nanterre,1,0,0,"A gauche","Quartier plus populaire",41,23.7,37.01,11,48.888154,2.197068
14,"Rue Thomas Lemaître",92000,92050,Nanterre,2,0,0,"A gauche","Revenu moyen",41,23.7,37.01,11,48.889361,2.192807
15,"Boulevard du Midi",92000,92050,Nanterre,1,0,0,"A gauche","Revenu moyen",41,23.7,37.01,11,48.88978,2.193408
15,"Boulevard du Sud-Est",92000,92050,Nanterre,1,0,0,"A gauche","Quartier plus populaire",41,23.7,37.01,15,48.888924,2.196928
15,"Rue de Chanzy",92000,92050,Nanterre,1,0,0,"A gauche","Quartier plus populaire",41,23.7,37.01,11,48.888141,2.196825
15,"Rue Gambetta",92000,92050,Nanterre,2,0,0,"A gauche","Quartier plus populaire",41,23.7,37.01,11,48.888179,2.199517
15bis,"Boulevard du Sud-Est",92000,92050,Nanterre,1,0,0,"A gauche","Quartier plus populaire",41,23.7,37.01,15,48.888935,2.196739
16,"Boulevard du Midi",92000,92050,Nanterre,1,0,0,"A gauche","Revenu moyen",41,23.7,37.01,11,48.890265,2.193499
16,"Boulevard du Sud-Est",92000,92050,Nanterre,1,0,0,"A gauche","Quartier plus populaire",41,23.7,37.01,15,48.889159,2.196858
16,"Rue Edmond Guerry",92000,92050,Nanterre,7,8,0,"A gauche","Quartier plus populaire",41,23.7,37.01,35,48.891055,2.190395
16,"Rue Gambetta",92000,92050,Nanterre,1,0,0,"A gauche","Quartier plus populaire",41,23.7,37.01,11,48.888188,2.199167
17,"Boulevard du Sud-Est",92000,92050,Nanterre,1,0,0,"A gauche","Revenu moyen",41,23.7,37.01,12,48.888934,2.196568
17,"Rue du Tir",92000,92050,Nanterre,2,0,0,"A gauche","Quartier aisé",41,23.7,37.01,8,48.882704,2.218479
17,"Rue Gambetta",92000,92050,Nanterre,1,0,0,"A gauche","Quartier plus populaire",41,23.7,37.01,16,48.888101,2.199576
17,"Rue Henri Barbusse",92000,92050,Nanterre,1,0,0,"A gauche","Revenu moyen",41,23.7,37.01,12,48.890086,2.195622
17bis,"Rue Gambetta",92000,92050,Nanterre,2,0,0,"A gauche","Quartier plus populaire",41,23.7,37.01,16,48.888237,2.19983
18,"Boulevard du Midi",92000,92050,Nanterre,1,0,0,"A gauche","Revenu moyen",41,23.7,37.01,11,48.89028,2.193298
18,"Boulevard du Sud-Est",92000,92050,Nanterre,2,0,0,"A gauche","Quartier plus populaire",41,23.7,37.01,15,48.889286,2.196803
18,"Rue Edmond Guerry",92000,92050,Nanterre,7,8,0,"A gauche","Quartier plus populaire",41,23.7,37.01,35,48.890951,2.19029
18,"Rue Gambetta",92000,92050,Nanterre,1,0,0,"A gauche","Quartier plus populaire",41,23.7,37.01,11,48.888115,2.199271
19,"Boulevard du Midi",92000,92050,Nanterre,1,0,0,"A gauche","Revenu moyen",41,23.7,37.01,11,48.889968,2.19324
19,"Boulevard du Sud-Est",92000,92050,Nanterre,1,0,0,"A gauche","Revenu moyen",41,23.7,37.01,12,48.888944,2.196426
19,"Rue Gambetta",92000,92050,Nanterre,2,0,0,"A gauche","Quartier plus populaire",41,23.7,37.01,16,48.888096,2.199739
1bis,"Rue Jules Gautier",92000,92050,Nanterre,6,7,0,"A gauche","Quartier plus populaire",41,23.7,37.01,35,48.888635,2.198462
2,"Boulevard du Midi",92000,92050,Nanterre,1,0,0,"A gauche","Revenu moyen",41,23.7,37.01,12,48.889582,2.194524
2,"Boulevard du Sud-Est",92000,92050,Nanterre,1,0,0,"A gauche","Quartier plus populaire",41,23.7,37.01,15,48.889518,2.197844
2,"Passage Georges Hany",92000,92050,Nanterre,1,0,0,"A gauche","Revenu moyen",41,23.7,37.01,11,48.890938,2.193361
2,"Place du Maréchal Foch",92000,92050,Nanterre,3,0,0,"A gauche","Revenu moyen",41,23.7,37.01,12,48.889244,2.194481
2,"Place Edouard Mayer",92000,92050,Nanterre,1,0,0,"A gauche","Revenu moyen",41,23.7,37.01,11,48.89122,2.192355
2,"Rue de Chanzy",92000,92050,Nanterre,11,0,0,"A gauche","Revenu moyen",41,23.7,37.01,12,48.889026,2.195477
2,"Rue du Bois",92000,92050,Nanterre,1,0,0,"A gauche","Revenu moyen",41,23.7,37.01,9,48.887829,2.19256
2,"Rue Gambetta",92000,92050,Nanterre,1,0,0,"A gauche","Quartier plus populaire",41,23.7,37.01,15,48.889245,2.198143
2,"Rue Thomas Lemaître",92000,92050,Nanterre,1,0,0,"A gauche","Revenu moyen",41,23.7,37.01,11,48.888869,2.19369
20,"Rue du Castel Marly",92000,92050,Nanterre,6,6,0,"A gauche","Revenu moyen",41,23.7,37.01,26,48.889878,2.195845
20,"Rue Edmond Guerry",92000,92050,Nanterre,8,8,0,"A gauche","Quartier plus populaire",41,23.7,37.01,35,48.890826,2.190167
20,"Rue Thomas Lemaître",92000,92050,Nanterre,1,0,0,"A gauche","Revenu moyen",41,23.7,37.01,11,48.889501,2.192591
21,"Boulevard du Midi",92000,92050,Nanterre,1,0,0,"A gauche","Revenu moyen",41,23.7,37.01,11,48.889958,2.193093
21,"Boulevard du Sud-Est",92000,92050,Nanterre,1,0,0,"A gauche","Revenu moyen",41,23.7,37.01,12,48.888951,2.196287
22,"Rue du Castel Marly",92000,92050,Nanterre,1,0,0,"A gauche","Revenu moyen",41,23.7,37.01,12,48.889866,2.195356
22,"Rue Edmond Guerry",92000,92050,Nanterre,8,8,0,"A gauche","Quartier plus populaire",41,23.7,37.01,35,48.890714,2.190069
22,"Rue Thomas Lemaître",92000,92050,Nanterre,1,0,0,"A gauche","Revenu moyen",41,23.7,37.01,11,48.889587,2.192537
23,"Boulevard du Midi",92000,92050,Nanterre,1,0,0,"A gauche","Revenu moyen",41,23.7,37.01,11,48.889981,2.193014
23,"Boulevard du Sud-Est",92000,92050,Nanterre,1,0,0,"A gauche","Revenu moyen",41,23.7,37.01,12,48.888973,2.196164
23,"Rue Edmond Guerry",92000,92050,Nanterre,3,0,0,"A gauche","Quartier plus populaire",41,23.7,37.01,11,48.890584,2.190427
24,"Boulevard du Midi",92000,92050,Nanterre,1,0,0,"A gauche","Revenu moyen",41,23.7,37.01,11,48.890647,2.192838
24,"Boulevard du Sud-Est",92000,92050,Nanterre,1,0,0,"A gauche","Revenu moyen",41,23.7,37.01,12,48.889211,2.195737
24,"Rue Thomas Lemaître",92000,92050,Nanterre,1,0,0,"A gauche","Revenu moyen",41,23.7,37.01,11,48.889709,2.192512
24bis,"Rue Thomas Lemaître",92000,92050,Nanterre,3,0,0,"A gauche","Revenu moyen",41,23.7,37.01,11,48.889707,2.192276
25,"Boulevard du Midi",92000,92050,Nanterre,1,0,0,"A gauche","Revenu moyen",41,23.7,37.01,11,48.8901,2.192971
25,"Boulevard du Sud-Est",92000,92050,Nanterre,1,0,0,"A gauche","Revenu moyen",41,23.7,37.01,12,48.889048,2.195828
26,"Boulevard du Midi",92000,92050,Nanterre,1,0,0,"A gauche","Revenu moyen",41,23.7,37.01,11,48.890812,2.192735
26,"Rue du Castel Marly",92000,92050,Nanterre,2,0,0,"A gauche","Revenu moyen",41,23.7,37.01,12,48.889502,2.195735
26,"Rue Thomas Lemaître",92000,92050,Nanterre,2,0,0,"A gauche","Revenu moyen",41,23.7,37.01,11,48.8898,2.19211
27,"Boulevard du Midi",92000,92050,Nanterre,1,0,0,"A gauche","Revenu moyen",41,23.7,37.01,11,48.890186,2.192855
27,"Boulevard du Sud-Est",92000,92050,Nanterre,1,0,0,"A gauche","Revenu moyen",41,23.7,37.01,12,48.88905,2.195794
28,"Rue Thomas Lemaître",92000,92050,Nanterre,2,0,0,"A gauche","Revenu moyen",41,23.7,37.01,11,48.890111,2.191515
2bis,"Place du Maréchal Foch",92000,92050,Nanterre,1,0,0,"A gauche","Revenu moyen",41,23.7,37.01,12,48.889177,2.194215
3,"Boulevard du Midi",92000,92050,Nanterre,1,0,0,"A gauche","Revenu moyen",41,23.7,37.01,12,48.889454,2.194199
3,"Boulevard du Sud-Est",92000,92050,Nanterre,1,0,0,"A gauche","Quartier plus populaire",41,23.7,37.01,15,48.889278,2.197967
3,"Passage Georges Hany",92000,92050,Nanterre,1,0,0,"A gauche","Revenu moyen",41,23.7,37.01,11,48.890609,2.193437
3,"Place du Maréchal Foch",92000,92050,Nanterre,1,0,0,"A gauche","Revenu moyen",41,23.7,37.01,12,48.88884,2.195121
3,"Rue de l'Ouest",92000,92050,Nanterre,2,0,0,"A gauche","Revenu moyen",41,23.7,37.01,11,48.890613,2.191526
3,"Rue de la Croix",92000,92050,Nanterre,1,0,0,"A gauche","Quartier plus populaire",41,23.7,37.01,9,48.888163,2.196172
3,"Rue du Castel Marly",92000,92050,Nanterre,7,11,0,"A gauche","Quartier plus populaire",41,23.7,37.01,44,48.88977,2.196816
3,"Rue Gambetta",92000,92050,Nanterre,1,0,0,"A gauche","Quartier plus populaire",41,23.7,37.01,15,48.888927,2.198776
3,"Rue Henri Barbusse",92000,92050,Nanterre,1,0,0,"A gauche","Quartier plus populaire",41,23.7,37.01,15,48.890033,2.196654
3,"Rue Jules Gautier",92000,92050,Nanterre,1,0,0,"A gauche","Quartier plus populaire",41,23.7,37.01,11,48.88847,2.198265
30,"Boulevard du Midi",92000,92050,Nanterre,1,0,0,"A gauche","Revenu moyen",41,23.7,37.01,11,48.891055,2.192632
30,"Rue du Castel Marly",92000,92050,Nanterre,3,0,0,"A gauche","Revenu moyen",41,23.7,37.01,12,48.889372,2.195453
30,"Rue Thomas Lemaître",92000,92050,Nanterre,1,0,0,"A gauche","Revenu moyen",41,23.7,37.01,11,48.890147,2.191249
31,"Boulevard du Midi",92000,92050,Nanterre,1,0,0,"A gauche","Revenu moyen",41,23.7,37.01,11,48.890428,2.192519
31,"Rue Henri Barbusse",92000,92050,Nanterre,1,0,0,"A gauche","Quartier plus populaire",41,23.7,37.01,14,48.890551,2.194521
32,"Rue du Castel Marly",92000,92050,Nanterre,3,0,0,"A gauche","Revenu moyen",41,23.7,37.01,12,48.889299,2.195313
33,"Rue Henri Barbusse",92000,92050,Nanterre,1,0,0,"A gauche","Quartier plus populaire",41,23.7,37.01,14,48.890542,2.194511
34,"Rue Thomas Lemaître",92000,92050,Nanterre,1,0,0,"A gauche","Quartier plus populaire",41,23.7,37.01,11,48.89043,2.190637
37,"Rue Henri Barbusse",92000,92050,Nanterre,2,0,0,"A gauche","Quartier plus populaire",41,23.7,37.01,14,48.890598,2.194371
39,"Rue Henri Barbusse",92000,92050,Nanterre,2,0,0,"A gauche","Quartier plus populaire",41,23.7,37.01,14,48.890652,2.194238
3bis,"Rue Gambetta",92000,92050,Nanterre,2,0,0,"A gauche","Quartier plus populaire",41,23.7,37.01,15,48.889103,2.19923
3bis,"Rue Jules Gautier",92000,92050,Nanterre,1,0,0,"A gauche","Quartier plus populaire",41,23.7,37.01,11,48.888094,2.198036
4,"Boulevard du Midi",92000,92050,Nanterre,1,0,0,"A gauche","Revenu moyen",41,23.7,37.01,12,48.88963,2.19448
4,"Boulevard du Sud-Est",92000,92050,Nanterre,1,0,0,"A gauche","Quartier plus populaire",41,23.7,37.01,15,48.88948,2.197733
4,"Place du Maréchal Foch",92000,92050,Nanterre,3,0,0,"A gauche","Revenu moyen",41,23.7,37.01,12,48.889001,2.1943
4,"Rue de l'Ouest",92000,92050,Nanterre,1,0,0,"A gauche","Revenu moyen",41,23.7,37.01,11,48.890957,2.191451
4,"Rue de la Croix",92000,92050,Nanterre,1,0,0,"A gauche","Quartier plus populaire",41,23.7,37.01,9,48.888343,2.195873
4,"Rue du Castel Marly",92000,92050,Nanterre,1,0,0,"A gauche","Quartier plus populaire",41,23.7,37.01,15,48.88991,2.196568
4,"Rue du Tir",92000,92050,Nanterre,6,0,0,"A gauche","Quartier aisé",41,23.7,37.01,8,48.882885,2.217844
4,"Rue Gambetta",92000,92050,Nanterre,1,0,0,"A gauche","Quartier plus populaire",41,23.7,37.01,15,48.88917,2.198225
41,"Rue Henri Barbusse",92000,92050,Nanterre,2,0,0,"A gauche","Quartier plus populaire",41,23.7,37.01,14,48.890705,2.194132
45,"Rue Henri Barbusse",92000,92050,Nanterre,4,0,0,"A gauche","Quartier plus populaire",41,23.7,37.01,14,48.890801,2.193805
49,"Rue Henri Barbusse",92000,92050,Nanterre,1,0,0,"A gauche","Revenu moyen",41,23.7,37.01,11,48.890822,2.1935
4bis,"Boulevard du Midi",92000,92050,Nanterre,1,0,0,"A gauche","Revenu moyen",41,23.7,37.01,12,48.889758,2.194133
5,"Boulevard du Midi",92000,92050,Nanterre,1,0,0,"A gauche","Revenu moyen",41,23.7,37.01,12,48.889514,2.194104
5,"Passage Georges Hany",92000,92050,Nanterre,1,0,0,"A gauche","Revenu moyen",41,23.7,37.01,11,48.89052,2.193344
5,"Place du Maréchal Foch",92000,92050,Nanterre,1,0,0,"A gauche","Revenu moyen",41,23.7,37.01,12,48.888785,2.195053
5,"Rue de Chanzy",92000,92050,Nanterre,1,0,0,"A gauche","Revenu moyen",41,23.7,37.01,12,48.888863,2.196005
5,"Rue de l'Ouest",92000,92050,Nanterre,1,0,0,"A gauche","Revenu moyen",41,23.7,37.01,11,48.890491,2.191418
5,"Rue du Castel Marly",92000,92050,Nanterre,4,3,0,"A gauche","Quartier plus populaire",41,23.7,37.01,17,48.889729,2.196737
5,"Rue Gambetta",92000,92050,Nanterre,1,0,0,"A gauche","Quartier plus populaire",41,23.7,37.01,15,48.888885,2.199272
5,"Rue Henri Barbusse",92000,92050,Nanterre,1,0,0,"A gauche","Quartier plus populaire",41,23.7,37.01,15,48.890067,2.196518
5,"Rue Jules Gautier",92000,92050,Nanterre,1,0,0,"A gauche","Quartier plus populaire",41,23.7,37.01,11,48.888115,2.197703
55,"Rue Henri Barbusse",92000,92050,Nanterre,1,0,0,"A gauche","Revenu moyen",41,23.7,37.01,11,48.890975,2.193166
57,"Rue Henri Barbusse",92000,92050,Nanterre,1,0,0,"A gauche","Revenu moyen",41,23.7,37.01,11,48.890877,2.192973
59,"Rue Henri Barbusse",92000,92050,Nanterre,2,0,0,"A gauche","Revenu moyen",41,23.7,37.01,11,48.891115,2.192977
6,"Boulevard du Midi",92000,92050,Nanterre,1,0,0,"A gauche","Revenu moyen",41,23.7,37.01,12,48.889999,2.1942
6,"Boulevard du Sud-Est",92000,92050,Nanterre,1,0,0,"A gauche","Quartier plus populaire",41,23.7,37.01,15,48.889435,2.19763
6,"Passage Georges Hany",92000,92050,Nanterre,1,0,0,"A gauche","Revenu moyen",41,23.7,37.01,11,48.890574,2.193065
6,"Place du Maréchal Foch",92000,92050,Nanterre,2,0,0,"A gauche","Revenu moyen",41,23.7,37.01,12,48.888777,2.194128
6,"Rue de l'Ouest",92000,92050,Nanterre,35,0,0,"A gauche","Revenu moyen",41,23.7,37.01,13,48.890662,2.191184
6,"Rue de la Croix",92000,92050,Nanterre,2,0,0,"A gauche","Quartier plus populaire",41,23.7,37.01,9,48.888207,2.195927
6,"Rue du Castel Marly",92000,92050,Nanterre,1,0,0,"A gauche","Revenu moyen",41,23.7,37.01,12,48.889847,2.196401
6,"Rue Gambetta",92000,92050,Nanterre,7,9,0,"A gauche","Quartier plus populaire",41,23.7,37.01,42,48.888822,2.198386
6,"Rue Jules Gautier",92000,92050,Nanterre,1,0,0,"A gauche","Quartier plus populaire",41,23.7,37.01,15,48.88859,2.197877
63,"Rue Henri Barbusse",92000,92050,Nanterre,1,0,0,"A gauche","Revenu moyen",41,23.7,37.01,11,48.891086,2.192794
65,"Rue Henri Barbusse",92000,92050,Nanterre,1,0,0,"A gauche","Revenu moyen",41,23.7,37.01,11,48.891216,2.192623
69,"Rue Henri Barbusse",92000,92050,Nanterre,4,0,0,"A gauche","Revenu moyen",41,23.7,37.01,12,48.891264,2.191877
69bis,"Rue Henri Barbusse",92000,92050,Nanterre,6,0,0,"A gauche","Revenu moyen",41,23.7,37.01,12,48.891457,2.191505
69ter,"Rue Henri Barbusse",92000,92050,Nanterre,10,19,0,"A gauche","Revenu moyen",41,23.7,37.01,39,48.891661,2.190941
7,"Place du Maréchal Foch",92000,92050,Nanterre,1,0,0,"A gauche","Revenu moyen",41,23.7,37.01,12,48.888804,2.194911
7,"Rue de Chanzy",92000,92050,Nanterre,1,0,0,"A gauche","Revenu moyen",41,23.7,37.01,12,48.8888,2.196111
7,"Rue de l'Ouest",92000,92050,Nanterre,4,0,0,"A gauche","Revenu moyen",41,23.7,37.01,12,48.890364,2.191286
7,"Rue du Tir",92000,92050,Nanterre,1,0,0,"A gauche","Quartier aisé",41,23.7,37.01,8,48.882991,2.218194
7,"Rue Gambetta",92000,92050,Nanterre,2,0,0,"A gauche","Quartier plus populaire",41,23.7,37.01,15,48.888589,2.199116
7,"Rue Jules Gautier",92000,92050,Nanterre,2,0,0,"A gauche","Quartier plus populaire",41,23.7,37.01,11,48.888029,2.197506
71,"Rue Henri Barbusse",92000,92050,Nanterre,15,22,0,"A gauche","Quartier plus populaire",41,23.7,37.01,41,48.891774,2.190653
8,"Boulevard du Midi",92000,92050,Nanterre,1,0,0,"A gauche","Revenu moyen",41,23.7,37.01,12,48.889983,2.19397
8,"Boulevard du Sud-Est",92000,92050,Nanterre,1,0,0,"A gauche","Quartier plus populaire",41,23.7,37.01,15,48.889365,2.197368
8,"Rue du Tir",92000,92050,Nanterre,4,0,0,"A gauche","Quartier aisé",41,23.7,37.01,8,48.882712,2.21812
8,"Rue du Vieux-Pont",92000,92050,Nanterre,3,0,0,"A gauche","Quartier plus populaire",41,23.7,37.01,12,48.891968,2.18898
8,"Rue Gambetta",92000,92050,Nanterre,1,0,0,"A gauche","Quartier plus populaire",41,23.7,37.01,11,48.888412,2.198945
8bis,"Rue Jules Gautier",92000,92050,Nanterre,2,0,0,"A gauche","Quartier plus populaire",41,23.7,37.01,11,48.88836,2.197394
81,"Rue Henri Barbusse",92000,92050,Nanterre,3,0,0,"A gauche","Quartier plus populaire",41,23.7,37.01,12,48.892149,2.189077
81bis,"Rue Henri Barbusse",92000,92050,Nanterre,7,0,0,"A gauche","Quartier plus populaire",41,23.7,37.01,12,48.892111,2.188809
85,"Rue Henri Barbusse",92000,92050,Nanterre,1,0,0,"A gauche","Quartier plus populaire",41,23.7,37.01,11,48.892142,2.18741
9,"Boulevard du Sud-Est",92000,92050,Nanterre,1,0,0,"A gauche","Quartier plus populaire",41,23.7,37.01,15,48.889047,2.197458
9,"Place du Maréchal Foch",92000,92050,Nanterre,1,0,0,"A gauche","Revenu moyen",41,23.7,37.01,12,48.888659,2.194838
9,"Rue de Chanzy",92000,92050,Nanterre,1,0,0,"A gauche","Revenu moyen",41,23.7,37.01,12,48.888716,2.196219
9,"Rue du Castel Marly",92000,92050,Nanterre,11,15,0,"A gauche","Revenu moyen",41,23.7,37.01,41,48.889522,2.196437
9,"Rue du Tir",92000,92050,Nanterre,1,0,0,"A gauche","Quartier aisé",41,23.7,37.01,8,48.8829,2.218374
9,"Rue Gambetta",92000,92050,Nanterre,1,0,0,"A gauche","Quartier plus populaire",41,23.7,37.01,11,48.88854,2.199201
9,"Rue Henri Barbusse",92000,92050,Nanterre,1,0,0,"A gauche","Revenu moyen",41,23.7,37.01,12,48.890104,2.196365
9,"Rue Jules Gautier",92000,92050,Nanterre,1,0,0,"A gauche","Quartier plus populaire",41,23.7,37.01,11,48.887979,2.197391
1,"Avenue Henri Martin",92000,92050,Nanterre,1,2,0,"Très à gauche","Quartier plus populaire",59,49.6,55.05,14,48.896233,2.1961
1,"Boulevard de la Seine",92000,92050,Nanterre,3,0,0,"Très à gauche","Quartier plus populaire",59,49.6,55.05,13,48.895895,2.196073
1,"Rue de Zilina",92000,92050,Nanterre,68,101,0,"Très à gauche","Quartier plus populaire",59,49.6,55.05,47,48.896159,2.189998
104,"Avenue Jules Quentin",92000,92050,Nanterre,1,0,0,"Très à gauche","Quartier plus populaire",59,49.6,55.05,12,48.897155,2.187268
11,"Rue de la Chasse",92000,92050,Nanterre,7,11,0,"Très à gauche","Quartier plus populaire",59,49.6,55.05,43,48.896706,2.194445
11,"Rue de Suresnes",92000,92050,Nanterre,1,0,0,"Très à gauche","Quartier plus populaire",59,49.6,55.05,16,48.885676,2.211178
11,"Rue du Progrès",92000,92050,Nanterre,1,0,0,"Très à gauche","Quartier plus populaire",59,49.6,55.05,12,48.897618,2.187846
11,"Rue Jean Allemane",92000,92050,Nanterre,1,0,0,"Très à gauche","Quartier plus populaire",59,49.6,55.05,12,48.897188,2.188195
11,"Rue Lavoisier",92000,92050,Nanterre,2,0,0,"Très à gauche","Quartier plus populaire",59,49.6,55.05,11,48.895424,2.174067
12,"Rue du Progrès",92000,92050,Nanterre,1,0,0,"Très à gauche","Quartier plus populaire",59,49.6,55.05,12,48.897435,2.187966
13,"Rue de la Chasse",92000,92050,Nanterre,9,13,0,"Très à gauche","Quartier plus populaire",59,49.6,55.05,43,48.896577,2.194309
13,"Rue de Suresnes",92000,92050,Nanterre,1,0,0,"Très à gauche","Quartier plus populaire",59,49.6,55.05,16,48.885629,2.211341
13,"Rue Jean Allemane",92000,92050,Nanterre,1,0,0,"Très à gauche","Quartier plus populaire",59,49.6,55.05,12,48.897252,2.188271
13,"Rue Louis Lecuyer",92000,92050,Nanterre,62,100,0,"Très à gauche","Quartier plus populaire",59,49.6,55.05,47,48.898981,2.189689
15,"Rue des Alouettes",92000,92050,Nanterre,1,0,0,"Très à gauche","Quartier plus populaire",59,49.6,55.05,16,48.884262,2.213862
15bis,"Rue Jean Allemane",92000,92050,Nanterre,1,0,0,"Très à gauche","Quartier plus populaire",59,49.6,55.05,12,48.897383,2.188322
160,"Avenue Jules Quentin",92000,92050,Nanterre,1,0,0,"Très à gauche","Quartier plus populaire",59,49.6,55.05,11,48.898544,2.184411
17,"Rue des Acacias",92000,92050,Nanterre,1,0,0,"Très à gauche","Quartier plus populaire",59,49.6,55.05,15,48.900512,2.190738
17,"Rue Jean Allemane",92000,92050,Nanterre,1,0,0,"Très à gauche","Quartier plus populaire",59,49.6,55.05,12,48.897415,2.188416
170,"Boulevard National",92000,92050,Nanterre,4,0,0,"Très à gauche","Quartier plus populaire",59,49.6,55.05,14,48.891323,2.179182
18,"Rue du Progrès",92000,92050,Nanterre,1,0,0,"Très à gauche","Quartier plus populaire",59,49.6,55.05,12,48.897505,2.18822
19,"Rue des Alouettes",92000,92050,Nanterre,1,0,0,"Très à gauche","Quartier aisé",59,49.6,55.05,11,48.88413,2.213734
19,"Rue du Progrès",92000,92050,Nanterre,1,0,0,"Très à gauche","Quartier plus populaire",59,49.6,55.05,12,48.897847,2.188074
19,"Rue Jean Allemane",92000,92050,Nanterre,1,0,0,"Très à gauche","Quartier plus populaire",59,49.6,55.05,12,48.89757,2.188404
2,"Rue du Progrès",92000,92050,Nanterre,1,1,0,"Très à gauche","Quartier plus populaire",59,49.6,55.05,12,48.897021,2.187557
20,"Rue du Progrès",92000,92050,Nanterre,1,0,0,"Très à gauche","Quartier plus populaire",59,49.6,55.05,12,48.897615,2.188292
202,"Avenue Jules Quentin",92000,92050,Nanterre,1,0,0,"Très à gauche","Quartier plus populaire",59,49.6,55.05,11,48.899841,2.182071
202bis,"Avenue Jules Quentin",92000,92050,Nanterre,1,0,0,"Très à gauche","Quartier plus populaire",59,49.6,55.05,11,48.900135,2.182638
21,"Avenue Henri Martin",92000,92050,Nanterre,35,36,0,"Très à gauche","Quartier plus populaire",59,49.6,55.05,47,48.895419,2.19521
21,"Rue des Alouettes",92000,92050,Nanterre,1,0,0,"Très à gauche","Quartier aisé",59,49.6,55.05,11,48.884117,2.213562
21,"Rue du Progrès",92000,92050,Nanterre,1,0,0,"Très à gauche","Quartier plus populaire",59,49.6,55.05,12,48.897973,2.188258
22,"Rue du Progrès",92000,92050,Nanterre,1,0,0,"Très à gauche","Quartier plus populaire",59,49.6,55.05,12,48.89766,2.188357
22,"Rue Paul Lescop",92000,92050,Nanterre,1,0,0,"Très à gauche","Quartier plus populaire",59,49.6,55.05,11,48.894069,2.187762
22bis,"Rue Jean Allemane",92000,92050,Nanterre,1,0,0,"Très à gauche","Quartier plus populaire",59,49.6,55.05,12,48.897188,2.189293
23,"Avenue Henri Martin",92000,92050,Nanterre,13,36,0,"Très à gauche","Quartier plus populaire",59,49.6,55.05,46,48.895279,2.194792
23,"Rue des Alouettes",92000,92050,Nanterre,1,0,0,"Très à gauche","Quartier aisé",59,49.6,55.05,11,48.884101,2.213459
23,"Rue Jean Allemane",92000,92050,Nanterre,2,0,0,"Très à gauche","Quartier plus populaire",59,49.6,55.05,12,48.897621,2.188675
24,"Rue du Progrès",92000,92050,Nanterre,1,0,0,"Très à gauche","Quartier plus populaire",59,49.6,55.05,12,48.897789,2.188455
25,"Avenue Henri Martin",92000,92050,Nanterre,8,29,0,"Très à gauche","Quartier plus populaire",59,49.6,55.05,46,48.895127,2.194383
25,"Rue de la Chasse",92000,92050,Nanterre,3,0,0,"Très à gauche","Quartier plus populaire",59,49.6,55.05,14,48.896226,2.194052
25,"Rue du Progrès",92000,92050,Nanterre,1,0,0,"Très à gauche","Quartier plus populaire",59,49.6,55.05,12,48.89806,2.188372
26,"Rue Jean Allemane",92000,92050,Nanterre,1,0,0,"Très à gauche","Quartier plus populaire",59,49.6,55.05,12,48.897434,2.189007
26,"Rue Paul Lescop",92000,92050,Nanterre,1,0,0,"Très à gauche","Quartier plus populaire",59,49.6,55.05,11,48.894106,2.187691
27,"Avenue Henri Martin",92000,92050,Nanterre,12,35,0,"Très à gauche","Quartier plus populaire",59,49.6,55.05,46,48.894979,2.19397
27,"Rue des Alouettes",92000,92050,Nanterre,1,0,0,"Très à gauche","Quartier aisé",59,49.6,55.05,11,48.883956,2.213325
27,"Rue Jean Allemane",92000,92050,Nanterre,1,0,0,"Très à gauche","Quartier plus populaire",59,49.6,55.05,12,48.897708,2.188783
28,"Rue du Progrès",92000,92050,Nanterre,1,0,0,"Très à gauche","Quartier plus populaire",59,49.6,55.05,12,48.897946,2.188711
28,"Rue Jean Allemane",92000,92050,Nanterre,1,0,0,"Très à gauche","Quartier plus populaire",59,49.6,55.05,12,48.8975,2.189049
29,"Avenue Henri Martin",92000,92050,Nanterre,12,36,0,"Très à gauche","Quartier plus populaire",59,49.6,55.05,46,48.894841,2.19355
29,"Rue du Progrès",92000,92050,Nanterre,1,0,0,"Très à gauche","Quartier plus populaire",59,49.6,55.05,12,48.898305,2.18868
29,"Rue Ernest Renan",92000,92050,Nanterre,1,0,0,"Très à gauche","Quartier plus populaire",59,49.6,55.05,11,48.893797,2.186484
29,"Rue Jean Allemane",92000,92050,Nanterre,1,0,0,"Très à gauche","Quartier plus populaire",59,49.6,55.05,12,48.89781,2.188882
29,"Rue Louis Lecuyer",92000,92050,Nanterre,1,0,0,"Très à gauche","Quartier plus populaire",59,49.6,55.05,12,48.898544,2.188594
29bis,"Avenue Henri Martin",92000,92050,Nanterre,2,5,0,"Très à gauche","Quartier plus populaire",59,49.6,55.05,26,48.894759,2.19324
3,"Avenue du Moulin Noir",92000,92050,Nanterre,1,0,0,"Très à gauche","Quartier plus populaire",59,49.6,55.05,11,48.894181,2.188644
3,"Avenue Henri Martin",92000,92050,Nanterre,2,0,0,"Très à gauche","Quartier plus populaire",59,49.6,55.05,13,48.896022,2.195743
3,"Rue de Zilina",92000,92050,Nanterre,2,0,0,"Très à gauche","Quartier plus populaire",59,49.6,55.05,42,48.897096,2.190035
3,"Rue Jean Allemane",92000,92050,Nanterre,3,6,0,"Très à gauche","Quartier plus populaire",59,49.6,55.05,27,48.89685,2.187895
30,"Rue du Progrès",92000,92050,Nanterre,1,0,0,"Très à gauche","Quartier plus populaire",59,49.6,55.05,12,48.898028,2.188755
31,"Avenue Henri Martin",92000,92050,Nanterre,7,5,0,"Très à gauche","Quartier plus populaire",59,49.6,55.05,21,48.894525,2.192643
31,"Rue Jean Allemane",92000,92050,Nanterre,1,0,0,"Très à gauche","Quartier plus populaire",59,49.6,55.05,12,48.897888,2.188874
31,"Rue Louis Lecuyer",92000,92050,Nanterre,1,0,0,"Très à gauche","Quartier plus populaire",59,49.6,55.05,12,48.898387,2.18842
31bis,"Avenue Henri Martin",92000,92050,Nanterre,15,30,0,"Très à gauche","Quartier plus populaire",59,49.6,55.05,42,48.894476,2.192536
32,"Rue Jean Allemane",92000,92050,Nanterre,1,0,0,"Très à gauche","Quartier plus populaire",59,49.6,55.05,12,48.897641,2.189186
33,"Rue du Progrès",92000,92050,Nanterre,1,0,0,"Très à gauche","Quartier plus populaire",59,49.6,55.05,12,48.898393,2.188773
33,"Rue Jean Allemane",92000,92050,Nanterre,1,0,0,"Très à gauche","Quartier plus populaire",59,49.6,55.05,12,48.897937,2.188975
33,"Rue Jules Michelet",92000,92050,Nanterre,1,0,0,"Très à gauche","Quartier plus populaire",59,49.6,55.05,11,48.89457,2.188195
33bis,"Rue Ernest Renan",92000,92050,Nanterre,1,0,0,"Très à gauche","Quartier plus populaire",59,49.6,55.05,11,48.894005,2.186631
35,"Rue Louis Lecuyer",92000,92050,Nanterre,1,0,0,"Très à gauche","Quartier plus populaire",59,49.6,55.05,12,48.898286,2.188297
37,"Rue Jules Michelet",92000,92050,Nanterre,3,0,0,"Très à gauche","Quartier plus populaire",59,49.6,55.05,11,48.894743,2.187857
38,"Rue Paul Lescop",92000,92050,Nanterre,1,0,0,"Très à gauche","Quartier plus populaire",59,49.6,55.05,11,48.894505,2.187324
4,"Avenue Benoît Frachon",92000,92050,Nanterre,1,0,0,"Très à gauche","Quartier plus populaire",59,49.6,55.05,14,48.896569,2.194972
4,"Rue du Progrès",92000,92050,Nanterre,1,1,0,"Très à gauche","Quartier plus populaire",59,49.6,55.05,12,48.897164,2.187719
4,"Rue Jean Allemane",92000,92050,Nanterre,1,0,0,"Très à gauche","Quartier plus populaire",59,49.6,55.05,15,48.896726,2.188318
4,"Rue Louis Lecuyer",92000,92050,Nanterre,2,0,0,"Très à gauche","Quartier plus populaire",59,49.6,55.05,11,48.899434,2.189289
40,"Rue Jules Michelet",92000,92050,Nanterre,1,0,0,"Très à gauche","Quartier plus populaire",59,49.6,55.05,11,48.894776,2.188478
41,"Rue Louis Lecuyer",92000,92050,Nanterre,1,0,0,"Très à gauche","Quartier plus populaire",59,49.6,55.05,12,48.897987,2.187977
41bis,"Rue Louis Lecuyer",92000,92050,Nanterre,1,0,0,"Très à gauche","Quartier plus populaire",59,49.6,55.05,12,48.897915,2.187829
42,"Rue Jean Allemane",92000,92050,Nanterre,1,0,0,"Très à gauche","Quartier plus populaire",59,49.6,55.05,12,48.89787,2.189411
42,"Rue Jules Michelet",92000,92050,Nanterre,2,0,0,"Très à gauche","Quartier plus populaire",59,49.6,55.05,11,48.894829,2.188358
42,"Rue Paul Lescop",92000,92050,Nanterre,1,0,0,"Très à gauche","Quartier plus populaire",59,49.6,55.05,11,48.894863,2.186855
43,"Rue Louis Lecuyer",92000,92050,Nanterre,1,0,0,"Très à gauche","Quartier plus populaire",59,49.6,55.05,12,48.897835,2.187687
44,"Rue Jean Allemane",92000,92050,Nanterre,1,0,0,"Très à gauche","Quartier plus populaire",59,49.6,55.05,12,48.897939,2.189475
44,"Rue Paul Lescop",92000,92050,Nanterre,1,0,0,"Très à gauche","Quartier plus populaire",59,49.6,55.05,11,48.894951,2.186821
45,"Rue Paul Lescop",92000,92050,Nanterre,1,0,0,"Très à gauche","Quartier plus populaire",59,49.6,55.05,11,48.895798,2.184959
49,"Rue Louis Lecuyer",92000,92050,Nanterre,1,0,0,"Très à gauche","Quartier plus populaire",59,49.6,55.05,12,48.897676,2.187491
49bis,"Rue Louis Lecuyer",92000,92050,Nanterre,1,0,0,"Très à gauche","Quartier plus populaire",59,49.6,55.05,12,48.897567,2.187643
5,"Rue du Progrès",92000,92050,Nanterre,1,0,0,"Très à gauche","Quartier plus populaire",59,49.6,55.05,12,48.897309,2.187531
5,"Rue Jean Allemane",92000,92050,Nanterre,2,0,0,"Très à gauche","Quartier plus populaire",59,49.6,55.05,12,48.896954,2.187894
51,"Rue Louis Lecuyer",92000,92050,Nanterre,1,0,0,"Très à gauche","Quartier plus populaire",59,49.6,55.05,12,48.897515,2.187347
53,"Rue Ernest Renan",92000,92050,Nanterre,1,0,0,"Très à gauche","Quartier plus populaire",59,49.6,55.05,11,48.895065,2.187206
57,"Rue Louis Lecuyer",92000,92050,Nanterre,1,0,0,"Très à gauche","Quartier plus populaire",59,49.6,55.05,12,48.897447,2.187244
59,"Rue Louis Lecuyer",92000,92050,Nanterre,1,0,0,"Très à gauche","Quartier plus populaire",59,49.6,55.05,12,48.897344,2.187139
6,"Avenue du Moulin Noir",92000,92050,Nanterre,1,0,0,"Très à gauche","Quartier plus populaire",59,49.6,55.05,11,48.894338,2.188209
6,"Rue Ampère",92000,92050,Nanterre,5,0,0,"Très à gauche","Quartier plus populaire",59,49.6,55.05,15,48.899503,2.198561
6,"Rue Louis Lecuyer",92000,92050,Nanterre,1,0,0,"Très à gauche","Quartier plus populaire",59,49.6,55.05,11,48.89935,2.189187
67,"Avenue des Guilleraies",92000,92050,Nanterre,1,0,0,"Très à gauche","Quartier plus populaire",59,49.6,55.05,11,48.896515,2.179694
7,"Boulevard de la Seine",92000,92050,Nanterre,2,0,0,"Très à gauche","Quartier plus populaire",59,49.6,55.05,13,48.897092,2.195827
7,"Rue de la Chasse",92000,92050,Nanterre,16,20,0,"Très à gauche","Quartier plus populaire",59,49.6,55.05,44,48.896962,2.194727
7,"Rue des Molières",92000,92050,Nanterre,1,0,0,"Très à gauche","Quartier aisé",59,49.6,55.05,11,48.879286,2.200859
7,"Rue du Progrès",92000,92050,Nanterre,1,0,0,"Très à gauche","Quartier plus populaire",59,49.6,55.05,12,48.897446,2.187605
7,"Rue Jean Allemane",92000,92050,Nanterre,1,0,0,"Très à gauche","Quartier plus populaire",59,49.6,55.05,12,48.897071,2.187962
71,"Rue Ernest Renan",92000,92050,Nanterre,1,0,0,"Très à gauche","Quartier plus populaire",59,49.6,55.05,15,48.895712,2.187905
73,"Rue Ernest Renan",92000,92050,Nanterre,1,0,0,"Très à gauche","Quartier plus populaire",59,49.6,55.05,15,48.895802,2.188073
73,"Rue Paul Morin",92000,92050,Nanterre,1,0,0,"Très à gauche","Quartier plus populaire",59,49.6,55.05,42,48.897803,2.18999
75,"Avenue Jules Quentin",92000,92050,Nanterre,1,0,0,"Très à gauche","Quartier plus populaire",59,49.6,55.05,15,48.896244,2.188505
76,"Avenue Jules Quentin",92000,92050,Nanterre,1,0,0,"Très à gauche","Quartier plus populaire",59,49.6,55.05,15,48.896448,2.188605
77,"Rue Ernest Renan",92000,92050,Nanterre,1,0,0,"Très à gauche","Quartier plus populaire",59,49.6,55.05,15,48.895951,2.188261
77,"Rue Paul Morin",92000,92050,Nanterre,2,0,0,"Très à gauche","Quartier plus populaire",59,49.6,55.05,42,48.897903,2.189824
79,"Rue Ernest Renan",92000,92050,Nanterre,1,0,0,"Très à gauche","Quartier plus populaire",59,49.6,55.05,15,48.896073,2.18831
79,"Rue Paul Morin",92000,92050,Nanterre,1,0,0,"Très à gauche","Quartier plus populaire",59,49.6,55.05,12,48.898018,2.189656
8,"Rue Ampère",92000,92050,Nanterre,7,18,0,"Très à gauche","Quartier plus populaire",59,49.6,55.05,44,48.899602,2.198342
8,"Rue Louis Lecuyer",92000,92050,Nanterre,1,0,0,"Très à gauche","Quartier plus populaire",59,49.6,55.05,11,48.899226,2.18901
80,"Rue Lavoisier",92000,92050,Nanterre,1,0,0,"Très à gauche","Quartier plus populaire",59,49.6,55.05,11,48.900071,2.178499
82,"Avenue Jules Quentin",92000,92050,Nanterre,1,0,0,"Très à gauche","Quartier plus populaire",59,49.6,55.05,15,48.896551,2.188431
84,"Avenue Jules Quentin",92000,92050,Nanterre,1,0,0,"Très à gauche","Quartier plus populaire",59,49.6,55.05,15,48.896573,2.188327
86,"Avenue Jules Quentin",92000,92050,Nanterre,1,0,0,"Très à gauche","Quartier plus populaire",59,49.6,55.05,15,48.89661,2.188214
87,"Rue Paul Morin",92000,92050,Nanterre,1,0,0,"Très à gauche","Quartier plus populaire",59,49.6,55.05,12,48.898188,2.189267
89,"Rue Paul Morin",92000,92050,Nanterre,1,0,0,"Très à gauche","Quartier plus populaire",59,49.6,55.05,12,48.89826,2.189176
9,"Rue de la Chasse",92000,92050,Nanterre,4,11,0,"Très à gauche","Quartier plus populaire",59,49.6,55.05,43,48.896831,2.194577
9,"Rue du Progrès",92000,92050,Nanterre,1,0,0,"Très à gauche","Quartier plus populaire",59,49.6,55.05,12,48.897482,2.187714
90,"Avenue Jules Quentin",92000,92050,Nanterre,1,0,0,"Très à gauche","Quartier plus populaire",59,49.6,55.05,15,48.896732,2.188019
92,"Avenue Jules Quentin",92000,92050,Nanterre,6,6,0,"Très à gauche","Quartier plus populaire",59,49.6,55.05,27,48.896902,2.187651
94,"Avenue Jules Quentin",92000,92050,Nanterre,1,3,0,"Très à gauche","Quartier plus populaire",59,49.6,55.05,14,48.896826,2.187785
10,"Rue de Zilina",92000,92050,Nanterre,58,118,0,"Mixte gauche/droite","Quartier plus populaire",53,44.71,54.23,53,48.896698,2.19059
12,"Rue de Zilina",92000,92050,Nanterre,5,0,0,"Mixte gauche/droite","Quartier plus populaire",53,44.71,54.23,41,48.897446,2.192039
14,"Rue de Zilina",92000,92050,Nanterre,11,0,0,"Mixte gauche/droite","Quartier plus populaire",53,44.71,54.23,42,48.897563,2.192208
16,"Rue de Zilina",92000,92050,Nanterre,8,0,0,"Mixte gauche/droite","Quartier plus populaire",53,44.71,54.23,41,48.897589,2.192406
18,"Rue de Zilina",92000,92050,Nanterre,9,0,0,"Mixte gauche/droite","Revenu moyen",53,44.71,54.23,11,48.897482,2.192632
2,"Allée des Erables",92000,92050,Nanterre,63,101,0,"Mixte gauche/droite","Quartier plus populaire",53,44.71,54.23,73,48.897178,2.191217
2,"Rue de Zilina",92000,92050,Nanterre,4,0,0,"Mixte gauche/droite","Quartier plus populaire",53,44.71,54.23,13,48.896063,2.193281
20,"Rue de Zilina",92000,92050,Nanterre,8,0,0,"Mixte gauche/droite","Revenu moyen",53,44.71,54.23,10,48.897368,2.1929
22,"Rue de Zilina",92000,92050,Nanterre,5,0,0,"Mixte gauche/droite","Revenu moyen",53,44.71,54.23,10,48.897271,2.19308
24,"Rue de Zilina",92000,92050,Nanterre,5,0,0,"Mixte gauche/droite","Quartier plus populaire",53,44.71,54.23,14,48.897172,2.193373
26,"Rue de Zilina",92000,92050,Nanterre,6,0,0,"Mixte gauche/droite","Quartier plus populaire",53,44.71,54.23,14,48.896856,2.193529
28,"Rue de Zilina",92000,92050,Nanterre,6,0,0,"Mixte gauche/droite","Quartier plus populaire",53,44.71,54.23,14,48.896628,2.193491
30,"Rue de Zilina",92000,92050,Nanterre,8,0,0,"Mixte gauche/droite","Quartier plus populaire",53,44.71,54.23,14,48.896507,2.193456
32,"Rue de Zilina",92000,92050,Nanterre,9,0,0,"Mixte gauche/droite","Quartier plus populaire",53,44.71,54.23,14,48.896265,2.193418
34,"Rue de Zilina",92000,92050,Nanterre,8,0,0,"Mixte gauche/droite","Quartier plus populaire",53,44.71,54.23,14,48.896137,2.193386
4,"Allée des Erables",92000,92050,Nanterre,61,118,0,"Mixte gauche/droite","Quartier plus populaire",53,44.71,54.23,53,48.896567,2.191553
4,"Rue de Zilina",92000,92050,Nanterre,8,0,0,"Mixte gauche/droite","Quartier plus populaire",53,44.71,54.23,14,48.896023,2.192946
6,"Rue de Zilina",92000,92050,Nanterre,66,117,0,"Mixte gauche/droite","Quartier plus populaire",53,44.71,54.23,54,48.895982,2.191968
8,"Rue de Zilina",92000,92050,Nanterre,71,118,0,"Mixte gauche/droite","Quartier plus populaire",53,44.71,54.23,54,48.896076,2.190977
